nohup: ignoring input
Downloading media files:
 ■                                  0% | ETA:  2h
 ■                                  0% | ETA:  1h
 ■                                  0% | ETA:  1h
 ■                                  0% | ETA:  1h
 ■                                  1% | ETA:  1h
 ■                                  1% | ETA:  1h
 ■                                  1% | ETA:  1h
 ■                                  1% | ETA:  1h
 ■                                  1% | ETA:  1h
 ■                                  1% | ETA:  1h
 ■                                  1% | ETA:  1h
 ■                                  1% | ETA:  1h
 ■                                  1% | ETA:  1h
 ■                                  1% | ETA:  1h
 ■                                  1% | ETA:  1h
 ■                                  2% | ETA:  1h
 ■                                  2% | ETA:  1h
 ■■                                 2% | ETA:  1h
 ■■                                 2% | ETA:  1h
 ■■                                 2% | ETA:  1h
 ■■                                 2% | ETA:  1h
 ■■                                 2% | ETA:  1h
 ■■                                 2% | ETA:  1h
 ■■                                 2% | ETA:  1h
 ■■                                 2% | ETA:  1h
 ■■                                 2% | ETA:  1h
 ■■                                 2% | ETA:  1h
 ■■                                 3% | ETA:  1h
 ■■                                 3% | ETA:  1h
 ■■                                 3% | ETA:  1h
 ■■                                 3% | ETA:  1h
 ■■                                 3% | ETA:  1h
 ■■                                 3% | ETA:  1h
 ■■                                 3% | ETA:  1h
 ■■                                 3% | ETA:  1h
 ■■                                 3% | ETA:  1h
 ■■                                 3% | ETA:  1h
 ■■                                 3% | ETA:  1h
 ■■                                 4% | ETA:  1h
 ■■                                 4% | ETA:  1h
 ■■                                 4% | ETA:  1h
 ■■                                 4% | ETA:  1h
 ■■                                 4% | ETA:  1h
 ■■                                 4% | ETA:  1h
 ■■                                 4% | ETA:  1h
 ■■                                 4% | ETA:  1h
 ■■                                 4% | ETA:  1h
 ■■                                 4% | ETA:  1h
 ■■                                 4% | ETA:  1h
 ■■                                 5% | ETA:  1h
 ■■                                 5% | ETA:  1h
 ■■                                 5% | ETA:  1h
 ■■                                 5% | ETA:  1h
 ■■                                 5% | ETA:  1h
 ■■                                 5% | ETA:  1h
 ■■■                                5% | ETA:  1h
 ■■■                                5% | ETA:  1h
 ■■■                                5% | ETA:  1h
 ■■■                                5% | ETA:  1h
 ■■■                                5% | ETA:  1h
 ■■■                                6% | ETA:  1h
 ■■■                                6% | ETA:  1h
 ■■■                                6% | ETA:  1h
 ■■■                                6% | ETA:  1h
 ■■■                                6% | ETA:  1h
 ■■■                                6% | ETA:  1h
 ■■■                                6% | ETA:  1h
 ■■■                                6% | ETA:  1h
 ■■■                                6% | ETA:  1h
 ■■■                                6% | ETA:  1h
 ■■■                                6% | ETA:  1h
 ■■■                                7% | ETA:  1h
 ■■■                                7% | ETA:  1h
 ■■■                                7% | ETA:  1h
 ■■■                                7% | ETA:  1h
 ■■■                                7% | ETA:  1h
 ■■■                                7% | ETA:  1h
 ■■■                                7% | ETA:  1h
 ■■■                                7% | ETA:  1h
 ■■■                                7% | ETA:  1h
 ■■■                                7% | ETA:  1h
 ■■■                                7% | ETA:  1h
 ■■■                                7% | ETA:  1h
 ■■■                                8% | ETA:  1h
 ■■■                                8% | ETA:  1h
 ■■■                                8% | ETA:  1h
 ■■■                                8% | ETA:  1h
 ■■■                                8% | ETA:  1h
 ■■■                                8% | ETA:  1h
 ■■■                                8% | ETA:  1h
 ■■■                                8% | ETA:  1h
 ■■■                                8% | ETA:  1h
 ■■■■                               8% | ETA:  1h
 ■■■■                               8% | ETA:  1h
 ■■■■                               9% | ETA:  1h
 ■■■■                               9% | ETA:  1h
 ■■■■                               9% | ETA:  1h
 ■■■■                               9% | ETA:  1h
 ■■■■                               9% | ETA:  1h
 ■■■■                               9% | ETA:  1h
 ■■■■                               9% | ETA:  1h
 ■■■■                               9% | ETA:  1h
 ■■■■                               9% | ETA:  1h
 ■■■■                               9% | ETA:  1h
 ■■■■                               9% | ETA:  1h
 ■■■■                              10% | ETA:  1h
 ■■■■                              10% | ETA:  1h
 ■■■■                              10% | ETA:  1h
 ■■■■                              10% | ETA:  1h
 ■■■■                              10% | ETA:  1h
 ■■■■                              10% | ETA:  1h
 ■■■■                              10% | ETA:  1h
 ■■■■                              10% | ETA:  1h
 ■■■■                              10% | ETA:  1h
 ■■■■                              10% | ETA:  1h
 ■■■■                              10% | ETA:  1h
 ■■■■                              11% | ETA:  1h
 ■■■■                              11% | ETA:  1h
 ■■■■                              11% | ETA:  1h
 ■■■■                              11% | ETA:  1h
 ■■■■                              11% | ETA:  1h
 ■■■■                              11% | ETA:  1h
 ■■■■                              11% | ETA:  1h
 ■■■■                              11% | ETA:  1h
 ■■■■                              11% | ETA:  1h
 ■■■■                              11% | ETA:  1h
 ■■■■                              11% | ETA:  1h
 ■■■■                              11% | ETA:  1h
 ■■■■                              12% | ETA:  1h
 ■■■■■                             12% | ETA:  1h
 ■■■■■                             12% | ETA:  1h
 ■■■■■                             12% | ETA:  1h
 ■■■■■                             12% | ETA:  1h
 ■■■■■                             12% | ETA:  1h
 ■■■■■                             12% | ETA:  1h
 ■■■■■                             12% | ETA:  1h
 ■■■■■                             12% | ETA:  1h
 ■■■■■                             12% | ETA:  1h
 ■■■■■                             12% | ETA:  1h
 ■■■■■                             13% | ETA:  1h
 ■■■■■                             13% | ETA:  1h
 ■■■■■                             13% | ETA:  1h
 ■■■■■                             13% | ETA:  1h
 ■■■■■                             13% | ETA:  1h
 ■■■■■                             13% | ETA:  1h
 ■■■■■                             13% | ETA:  1h
 ■■■■■                             13% | ETA:  1h
 ■■■■■                             13% | ETA:  1h
 ■■■■■                             13% | ETA:  1h
 ■■■■■                             13% | ETA:  1h
 ■■■■■                             14% | ETA:  1h
 ■■■■■                             14% | ETA:  1h
 ■■■■■                             14% | ETA:  1h
 ■■■■■                             14% | ETA:  1h
 ■■■■■                             14% | ETA:  1h
 ■■■■■                             14% | ETA:  1h
 ■■■■■                             14% | ETA:  1h
 ■■■■■                             14% | ETA:  1h
 ■■■■■                             14% | ETA:  1h
 ■■■■■                             14% | ETA:  1h
 ■■■■■                             15% | ETA:  1h
 ■■■■■                             15% | ETA:  1h
 ■■■■■                             15% | ETA:  1h
 ■■■■■                             15% | ETA:  1h
 ■■■■■                             15% | ETA:  1h
 ■■■■■                             15% | ETA:  1h
 ■■■■■■                            15% | ETA:  1h
 ■■■■■■                            15% | ETA:  1h
 ■■■■■■                            15% | ETA:  1h
 ■■■■■■                            15% | ETA:  1h
 ■■■■■■                            15% | ETA:  1h
 ■■■■■■                            16% | ETA:  1h
 ■■■■■■                            16% | ETA:  1h
 ■■■■■■                            16% | ETA:  1h
 ■■■■■■                            16% | ETA:  1h
 ■■■■■■                            16% | ETA:  1h
 ■■■■■■                            16% | ETA:  1h
 ■■■■■■                            16% | ETA:  1h
 ■■■■■■                            16% | ETA:  1h
 ■■■■■■                            16% | ETA:  1h
 ■■■■■■                            16% | ETA:  1h
 ■■■■■■                            16% | ETA:  1h
 ■■■■■■                            16% | ETA:  1h
 ■■■■■■                            17% | ETA:  1h
 ■■■■■■                            17% | ETA:  1h
 ■■■■■■                            17% | ETA:  1h
 ■■■■■■                            17% | ETA:  1h
 ■■■■■■                            17% | ETA:  1h
 ■■■■■■                            17% | ETA:  1h
 ■■■■■■                            17% | ETA:  1h
 ■■■■■■                            17% | ETA:  1h
 ■■■■■■                            17% | ETA:  1h
 ■■■■■■                            17% | ETA:  1h
 ■■■■■■                            17% | ETA:  1h
 ■■■■■■                            18% | ETA:  1h
 ■■■■■■                            18% | ETA:  1h
 ■■■■■■                            18% | ETA:  1h
 ■■■■■■                            18% | ETA:  1h
 ■■■■■■                            18% | ETA:  1h
 ■■■■■■                            18% | ETA:  1h
 ■■■■■■                            18% | ETA:  1h
 ■■■■■■                            18% | ETA:  1h
 ■■■■■■■                           18% | ETA:  1h
 ■■■■■■■                           18% | ETA:  1h
 ■■■■■■■                           19% | ETA:  1h
 ■■■■■■■                           19% | ETA:  1h
 ■■■■■■■                           19% | ETA:  1h
 ■■■■■■■                           19% | ETA:  1h
 ■■■■■■■                           19% | ETA:  1h
 ■■■■■■■                           19% | ETA:  1h
 ■■■■■■■                           19% | ETA:  1h
 ■■■■■■■                           19% | ETA:  1h
 ■■■■■■■                           19% | ETA:  1h
 ■■■■■■■                           19% | ETA:  1h
 ■■■■■■■                           19% | ETA:  1h
 ■■■■■■■                           20% | ETA:  1h
 ■■■■■■■                           20% | ETA:  1h
 ■■■■■■■                           20% | ETA:  1h
 ■■■■■■■                           20% | ETA:  1h
 ■■■■■■■                           20% | ETA:  1h
 ■■■■■■■                           20% | ETA:  1h
 ■■■■■■■                           20% | ETA:  1h
 ■■■■■■■                           20% | ETA:  1h
 ■■■■■■■                           20% | ETA:  1h
 ■■■■■■■                           20% | ETA:  1h
 ■■■■■■■                           20% | ETA:  1h
 ■■■■■■■                           20% | ETA:  1h
 ■■■■■■■                           21% | ETA:  1h
 ■■■■■■■                           21% | ETA:  1h
 ■■■■■■■                           21% | ETA:  1h
 ■■■■■■■                           21% | ETA:  1h
 ■■■■■■■                           21% | ETA:  1h
 ■■■■■■■                           21% | ETA:  1h
 ■■■■■■■                           21% | ETA:  1h
 ■■■■■■■                           21% | ETA:  1h
 ■■■■■■■                           21% | ETA:  1h
 ■■■■■■■                           21% | ETA:  1h
 ■■■■■■■                           21% | ETA:  1h
 ■■■■■■■                           22% | ETA:  1h
 ■■■■■■■                           22% | ETA:  1h
 ■■■■■■■■                          22% | ETA:  1h
 ■■■■■■■■                          22% | ETA:  1h
 ■■■■■■■■                          22% | ETA:  1h
 ■■■■■■■■                          22% | ETA:  1h
 ■■■■■■■■                          22% | ETA:  1h
 ■■■■■■■■                          22% | ETA:  1h
 ■■■■■■■■                          22% | ETA:  1h
 ■■■■■■■■                          22% | ETA:  1h
 ■■■■■■■■                          22% | ETA:  1h
 ■■■■■■■■                          23% | ETA:  1h
 ■■■■■■■■                          23% | ETA:  1h
 ■■■■■■■■                          23% | ETA:  1h
 ■■■■■■■■                          23% | ETA:  1h
 ■■■■■■■■                          23% | ETA:  1h
 ■■■■■■■■                          23% | ETA:  1h
 ■■■■■■■■                          23% | ETA:  1h
 ■■■■■■■■                          23% | ETA:  1h
 ■■■■■■■■                          23% | ETA:  1h
 ■■■■■■■■                          23% | ETA:  1h
 ■■■■■■■■                          23% | ETA:  1h
 ■■■■■■■■                          24% | ETA:  1h
 ■■■■■■■■                          24% | ETA:  1h
 ■■■■■■■■                          24% | ETA:  1h
 ■■■■■■■■                          24% | ETA:  1h
 ■■■■■■■■                          24% | ETA:  1h
 ■■■■■■■■                          24% | ETA:  1h
 ■■■■■■■■                          24% | ETA:  1h
 ■■■■■■■■                          24% | ETA:  1h
 ■■■■■■■■                          24% | ETA:  1h
 ■■■■■■■■                          24% | ETA:  1h
 ■■■■■■■■                          24% | ETA:  1h
 ■■■■■■■■                          25% | ETA:  1h
 ■■■■■■■■                          25% | ETA:  1h
 ■■■■■■■■                          25% | ETA:  1h
 ■■■■■■■■                          25% | ETA:  1h
 ■■■■■■■■                          25% | ETA:  1h
 ■■■■■■■■                          25% | ETA:  1h
 ■■■■■■■■■                         25% | ETA:  1h
 ■■■■■■■■■                         25% | ETA:  1h
 ■■■■■■■■■                         25% | ETA:  1h
 ■■■■■■■■■                         25% | ETA:  1h
 ■■■■■■■■■                         25% | ETA:  1h
 ■■■■■■■■■                         25% | ETA:  1h
 ■■■■■■■■■                         26% | ETA:  1h
 ■■■■■■■■■                         26% | ETA:  1h
 ■■■■■■■■■                         26% | ETA:  1h
 ■■■■■■■■■                         26% | ETA:  1h
 ■■■■■■■■■                         26% | ETA:  1h
 ■■■■■■■■■                         26% | ETA:  1h
 ■■■■■■■■■                         26% | ETA:  1h
 ■■■■■■■■■                         26% | ETA:  1h
 ■■■■■■■■■                         26% | ETA:  1h
 ■■■■■■■■■                         26% | ETA:  1h
 ■■■■■■■■■                         27% | ETA:  1h
 ■■■■■■■■■                         27% | ETA:  1h
 ■■■■■■■■■                         27% | ETA:  1h
 ■■■■■■■■■                         27% | ETA:  1h
 ■■■■■■■■■                         27% | ETA:  1h
 ■■■■■■■■■                         27% | ETA:  1h
 ■■■■■■■■■                         27% | ETA:  1h
 ■■■■■■■■■                         27% | ETA:  1h
 ■■■■■■■■■                         27% | ETA:  1h
 ■■■■■■■■■                         27% | ETA:  1h
 ■■■■■■■■■                         28% | ETA:  1h
 ■■■■■■■■■                         28% | ETA:  1h
 ■■■■■■■■■                         28% | ETA:  1h
 ■■■■■■■■■                         28% | ETA:  1h
 ■■■■■■■■■                         28% | ETA:  1h
 ■■■■■■■■■                         28% | ETA:  1h
 ■■■■■■■■■                         28% | ETA:  1h
 ■■■■■■■■■                         28% | ETA:  1h
 ■■■■■■■■■                         28% | ETA:  1h
 ■■■■■■■■■■                        28% | ETA:  1h
 ■■■■■■■■■■                        29% | ETA:  1h
 ■■■■■■■■■■                        29% | ETA:  1h
 ■■■■■■■■■■                        29% | ETA:  1h
 ■■■■■■■■■■                        29% | ETA:  1h
 ■■■■■■■■■■                        29% | ETA:  1h
 ■■■■■■■■■■                        29% | ETA:  1h
 ■■■■■■■■■■                        29% | ETA:  1h
 ■■■■■■■■■■                        29% | ETA:  1h
 ■■■■■■■■■■                        29% | ETA:  1h
 ■■■■■■■■■■                        29% | ETA:  1h
 ■■■■■■■■■■                        29% | ETA:  1h
 ■■■■■■■■■■                        30% | ETA:  1h
 ■■■■■■■■■■                        30% | ETA:  1h
 ■■■■■■■■■■                        30% | ETA:  1h
 ■■■■■■■■■■                        30% | ETA:  1h
 ■■■■■■■■■■                        30% | ETA:  1h
 ■■■■■■■■■■                        30% | ETA:  1h
 ■■■■■■■■■■                        30% | ETA:  1h
 ■■■■■■■■■■                        30% | ETA:  1h
 ■■■■■■■■■■                        30% | ETA:  1h
 ■■■■■■■■■■                        30% | ETA:  1h
 ■■■■■■■■■■                        30% | ETA:  1h
 ■■■■■■■■■■                        30% | ETA:  1h
 ■■■■■■■■■■                        31% | ETA:  1h
 ■■■■■■■■■■                        31% | ETA:  1h
 ■■■■■■■■■■                        31% | ETA:  1h
 ■■■■■■■■■■                        31% | ETA:  1h
 ■■■■■■■■■■                        31% | ETA:  1h
 ■■■■■■■■■■                        31% | ETA:  1h
 ■■■■■■■■■■                        31% | ETA:  1h
 ■■■■■■■■■■                        31% | ETA:  1h
 ■■■■■■■■■■                        31% | ETA:  1h
 ■■■■■■■■■■                        31% | ETA:  1h
 ■■■■■■■■■■                        31% | ETA:  1h
 ■■■■■■■■■■                        32% | ETA:  1h
 ■■■■■■■■■■                        32% | ETA:  1h
 ■■■■■■■■■■■                       32% | ETA:  1h
 ■■■■■■■■■■■                       32% | ETA:  1h
 ■■■■■■■■■■■                       32% | ETA:  1h
 ■■■■■■■■■■■                       32% | ETA:  1h
 ■■■■■■■■■■■                       32% | ETA:  1h
 ■■■■■■■■■■■                       32% | ETA:  1h
 ■■■■■■■■■■■                       32% | ETA:  1h
 ■■■■■■■■■■■                       32% | ETA:  1h
 ■■■■■■■■■■■                       32% | ETA:  1h
 ■■■■■■■■■■■                       33% | ETA:  1h
 ■■■■■■■■■■■                       33% | ETA:  1h
 ■■■■■■■■■■■                       33% | ETA:  1h
 ■■■■■■■■■■■                       33% | ETA:  1h
 ■■■■■■■■■■■                       33% | ETA:  1h
 ■■■■■■■■■■■                       33% | ETA:  1h
 ■■■■■■■■■■■                       33% | ETA:  1h
 ■■■■■■■■■■■                       33% | ETA:  1h
 ■■■■■■■■■■■                       33% | ETA:  1h
 ■■■■■■■■■■■                       33% | ETA:  1h
 ■■■■■■■■■■■                       33% | ETA:  1h
 ■■■■■■■■■■■                       34% | ETA:  1h
 ■■■■■■■■■■■                       34% | ETA:  1h
 ■■■■■■■■■■■                       34% | ETA:  1h
 ■■■■■■■■■■■                       34% | ETA:  1h
 ■■■■■■■■■■■                       34% | ETA:  1h
 ■■■■■■■■■■■                       34% | ETA:  1h
 ■■■■■■■■■■■                       34% | ETA:  1h
 ■■■■■■■■■■■                       34% | ETA:  1h
 ■■■■■■■■■■■                       34% | ETA:  1h
 ■■■■■■■■■■■                       34% | ETA:  1h
 ■■■■■■■■■■■                       34% | ETA:  1h
 ■■■■■■■■■■■                       34% | ETA:  1h
 ■■■■■■■■■■■                       35% | ETA:  1h
 ■■■■■■■■■■■                       35% | ETA:  1h
 ■■■■■■■■■■■                       35% | ETA:  1h
 ■■■■■■■■■■■                       35% | ETA:  1h
 ■■■■■■■■■■■                       35% | ETA:  1h
 ■■■■■■■■■■■■                      35% | ETA:  1h
 ■■■■■■■■■■■■                      35% | ETA:  1h
 ■■■■■■■■■■■■                      35% | ETA:  1h
 ■■■■■■■■■■■■                      35% | ETA:  1h
 ■■■■■■■■■■■■                      35% | ETA:  1h
 ■■■■■■■■■■■■                      35% | ETA:  1h
 ■■■■■■■■■■■■                      36% | ETA:  1h
 ■■■■■■■■■■■■                      36% | ETA:  1h
 ■■■■■■■■■■■■                      36% | ETA:  1h
 ■■■■■■■■■■■■                      36% | ETA:  1h
 ■■■■■■■■■■■■                      36% | ETA:  1h
 ■■■■■■■■■■■■                      36% | ETA:  1h
 ■■■■■■■■■■■■                      36% | ETA:  1h
 ■■■■■■■■■■■■                      36% | ETA:  1h
 ■■■■■■■■■■■■                      36% | ETA:  1h
 ■■■■■■■■■■■■                      36% | ETA:  1h
 ■■■■■■■■■■■■                      37% | ETA:  1h
 ■■■■■■■■■■■■                      37% | ETA: 50m
 ■■■■■■■■■■■■                      37% | ETA: 50m
 ■■■■■■■■■■■■                      37% | ETA: 50m
 ■■■■■■■■■■■■                      37% | ETA: 50m
 ■■■■■■■■■■■■                      37% | ETA: 50m
 ■■■■■■■■■■■■                      37% | ETA: 50m
 ■■■■■■■■■■■■                      37% | ETA: 50m
 ■■■■■■■■■■■■                      37% | ETA: 50m
 ■■■■■■■■■■■■                      37% | ETA: 49m
 ■■■■■■■■■■■■                      37% | ETA: 49m
 ■■■■■■■■■■■■                      38% | ETA: 49m
 ■■■■■■■■■■■■                      38% | ETA: 49m
 ■■■■■■■■■■■■                      38% | ETA: 49m
 ■■■■■■■■■■■■                      38% | ETA: 49m
 ■■■■■■■■■■■■                      38% | ETA: 49m
 ■■■■■■■■■■■■                      38% | ETA: 49m
 ■■■■■■■■■■■■                      38% | ETA: 49m
 ■■■■■■■■■■■■                      38% | ETA: 49m
 ■■■■■■■■■■■■■                     38% | ETA: 49m
 ■■■■■■■■■■■■■                     39% | ETA: 49m
 ■■■■■■■■■■■■■                     39% | ETA: 48m
 ■■■■■■■■■■■■■                     39% | ETA: 48m
 ■■■■■■■■■■■■■                     39% | ETA: 48m
 ■■■■■■■■■■■■■                     39% | ETA: 48m
 ■■■■■■■■■■■■■                     39% | ETA: 48m
 ■■■■■■■■■■■■■                     39% | ETA: 48m
 ■■■■■■■■■■■■■                     39% | ETA: 48m
 ■■■■■■■■■■■■■                     39% | ETA: 48m
 ■■■■■■■■■■■■■                     39% | ETA: 48m
 ■■■■■■■■■■■■■                     39% | ETA: 48m
 ■■■■■■■■■■■■■                     39% | ETA: 48m
 ■■■■■■■■■■■■■                     40% | ETA: 48m
 ■■■■■■■■■■■■■                     40% | ETA: 48m
 ■■■■■■■■■■■■■                     40% | ETA: 47m
 ■■■■■■■■■■■■■                     40% | ETA: 47m
 ■■■■■■■■■■■■■                     40% | ETA: 47m
 ■■■■■■■■■■■■■                     40% | ETA: 47m
 ■■■■■■■■■■■■■                     40% | ETA: 47m
 ■■■■■■■■■■■■■                     40% | ETA: 47m
 ■■■■■■■■■■■■■                     40% | ETA: 47m
 ■■■■■■■■■■■■■                     40% | ETA: 47m
 ■■■■■■■■■■■■■                     40% | ETA: 47m
 ■■■■■■■■■■■■■                     41% | ETA: 47m
 ■■■■■■■■■■■■■                     41% | ETA: 47m
 ■■■■■■■■■■■■■                     41% | ETA: 47m
 ■■■■■■■■■■■■■                     41% | ETA: 46m
 ■■■■■■■■■■■■■                     41% | ETA: 46m
 ■■■■■■■■■■■■■                     41% | ETA: 46m
 ■■■■■■■■■■■■■                     41% | ETA: 46m
 ■■■■■■■■■■■■■                     41% | ETA: 46m
 ■■■■■■■■■■■■■                     41% | ETA: 46m
 ■■■■■■■■■■■■■                     41% | ETA: 46m
 ■■■■■■■■■■■■■                     42% | ETA: 46m
 ■■■■■■■■■■■■■                     42% | ETA: 46m
 ■■■■■■■■■■■■■■                    42% | ETA: 46m
 ■■■■■■■■■■■■■■                    42% | ETA: 46m
 ■■■■■■■■■■■■■■                    42% | ETA: 46m
 ■■■■■■■■■■■■■■                    42% | ETA: 46m
 ■■■■■■■■■■■■■■                    42% | ETA: 45m
 ■■■■■■■■■■■■■■                    42% | ETA: 45m
 ■■■■■■■■■■■■■■                    42% | ETA: 45m
 ■■■■■■■■■■■■■■                    42% | ETA: 45m
 ■■■■■■■■■■■■■■                    42% | ETA: 45m
 ■■■■■■■■■■■■■■                    43% | ETA: 45m
 ■■■■■■■■■■■■■■                    43% | ETA: 45m
 ■■■■■■■■■■■■■■                    43% | ETA: 45m
 ■■■■■■■■■■■■■■                    43% | ETA: 45m
 ■■■■■■■■■■■■■■                    43% | ETA: 45m
 ■■■■■■■■■■■■■■                    43% | ETA: 45m
 ■■■■■■■■■■■■■■                    43% | ETA: 45m
 ■■■■■■■■■■■■■■                    43% | ETA: 45m
 ■■■■■■■■■■■■■■                    43% | ETA: 44m
 ■■■■■■■■■■■■■■                    43% | ETA: 44m
 ■■■■■■■■■■■■■■                    43% | ETA: 44m
 ■■■■■■■■■■■■■■                    43% | ETA: 44m
 ■■■■■■■■■■■■■■                    44% | ETA: 44m
 ■■■■■■■■■■■■■■                    44% | ETA: 44m
 ■■■■■■■■■■■■■■                    44% | ETA: 44m
 ■■■■■■■■■■■■■■                    44% | ETA: 44m
 ■■■■■■■■■■■■■■                    44% | ETA: 44m
 ■■■■■■■■■■■■■■                    44% | ETA: 44m
 ■■■■■■■■■■■■■■                    44% | ETA: 44m
 ■■■■■■■■■■■■■■                    44% | ETA: 44m
 ■■■■■■■■■■■■■■                    44% | ETA: 44m
 ■■■■■■■■■■■■■■                    44% | ETA: 44m
 ■■■■■■■■■■■■■■                    44% | ETA: 44m
 ■■■■■■■■■■■■■■                    45% | ETA: 43m
 ■■■■■■■■■■■■■■                    45% | ETA: 43m
 ■■■■■■■■■■■■■■                    45% | ETA: 43m
 ■■■■■■■■■■■■■■                    45% | ETA: 43m
 ■■■■■■■■■■■■■■                    45% | ETA: 43m
 ■■■■■■■■■■■■■■■                   45% | ETA: 43m
 ■■■■■■■■■■■■■■■                   45% | ETA: 43m
 ■■■■■■■■■■■■■■■                   45% | ETA: 43m
 ■■■■■■■■■■■■■■■                   45% | ETA: 43m
 ■■■■■■■■■■■■■■■                   45% | ETA: 43m
 ■■■■■■■■■■■■■■■                   45% | ETA: 43m
 ■■■■■■■■■■■■■■■                   46% | ETA: 43m
 ■■■■■■■■■■■■■■■                   46% | ETA: 43m
 ■■■■■■■■■■■■■■■                   46% | ETA: 43m
 ■■■■■■■■■■■■■■■                   46% | ETA: 43m
 ■■■■■■■■■■■■■■■                   46% | ETA: 42m
 ■■■■■■■■■■■■■■■                   46% | ETA: 42m
 ■■■■■■■■■■■■■■■                   46% | ETA: 42m
 ■■■■■■■■■■■■■■■                   46% | ETA: 42m
 ■■■■■■■■■■■■■■■                   46% | ETA: 42m
 ■■■■■■■■■■■■■■■                   46% | ETA: 42m
 ■■■■■■■■■■■■■■■                   46% | ETA: 42m
 ■■■■■■■■■■■■■■■                   47% | ETA: 42m
 ■■■■■■■■■■■■■■■                   47% | ETA: 42m
 ■■■■■■■■■■■■■■■                   47% | ETA: 42m
 ■■■■■■■■■■■■■■■                   47% | ETA: 42m
 ■■■■■■■■■■■■■■■                   47% | ETA: 42m
 ■■■■■■■■■■■■■■■                   47% | ETA: 42m
 ■■■■■■■■■■■■■■■                   47% | ETA: 41m
 ■■■■■■■■■■■■■■■                   47% | ETA: 41m
 ■■■■■■■■■■■■■■■                   47% | ETA: 41m
 ■■■■■■■■■■■■■■■                   47% | ETA: 41m
 ■■■■■■■■■■■■■■■                   47% | ETA: 41m
 ■■■■■■■■■■■■■■■                   48% | ETA: 41m
 ■■■■■■■■■■■■■■■                   48% | ETA: 41m
 ■■■■■■■■■■■■■■■                   48% | ETA: 41m
 ■■■■■■■■■■■■■■■                   48% | ETA: 41m
 ■■■■■■■■■■■■■■■                   48% | ETA: 41m
 ■■■■■■■■■■■■■■■                   48% | ETA: 41m
 ■■■■■■■■■■■■■■■                   48% | ETA: 41m
 ■■■■■■■■■■■■■■■                   48% | ETA: 41m
 ■■■■■■■■■■■■■■■                   48% | ETA: 41m
 ■■■■■■■■■■■■■■■                   48% | ETA: 40m
 ■■■■■■■■■■■■■■■■                  48% | ETA: 40m
 ■■■■■■■■■■■■■■■■                  48% | ETA: 40m
 ■■■■■■■■■■■■■■■■                  49% | ETA: 40m
 ■■■■■■■■■■■■■■■■                  49% | ETA: 40m
 ■■■■■■■■■■■■■■■■                  49% | ETA: 40m
 ■■■■■■■■■■■■■■■■                  49% | ETA: 40m
 ■■■■■■■■■■■■■■■■                  49% | ETA: 40m
 ■■■■■■■■■■■■■■■■                  49% | ETA: 40m
 ■■■■■■■■■■■■■■■■                  49% | ETA: 40m
 ■■■■■■■■■■■■■■■■                  49% | ETA: 40m
 ■■■■■■■■■■■■■■■■                  49% | ETA: 40m
 ■■■■■■■■■■■■■■■■                  49% | ETA: 40m
 ■■■■■■■■■■■■■■■■                  49% | ETA: 40m
 ■■■■■■■■■■■■■■■■                  50% | ETA: 40m
 ■■■■■■■■■■■■■■■■                  50% | ETA: 39m
 ■■■■■■■■■■■■■■■■                  50% | ETA: 39m
 ■■■■■■■■■■■■■■■■                  50% | ETA: 39m
 ■■■■■■■■■■■■■■■■                  50% | ETA: 39m
 ■■■■■■■■■■■■■■■■                  50% | ETA: 39m
 ■■■■■■■■■■■■■■■■                  50% | ETA: 39m
 ■■■■■■■■■■■■■■■■                  50% | ETA: 39m
 ■■■■■■■■■■■■■■■■                  50% | ETA: 39m
 ■■■■■■■■■■■■■■■■                  50% | ETA: 39m
 ■■■■■■■■■■■■■■■■                  50% | ETA: 39m
 ■■■■■■■■■■■■■■■■                  51% | ETA: 39m
 ■■■■■■■■■■■■■■■■                  51% | ETA: 39m
 ■■■■■■■■■■■■■■■■                  51% | ETA: 39m
 ■■■■■■■■■■■■■■■■                  51% | ETA: 38m
 ■■■■■■■■■■■■■■■■                  51% | ETA: 38m
 ■■■■■■■■■■■■■■■■                  51% | ETA: 38m
 ■■■■■■■■■■■■■■■■                  51% | ETA: 38m
 ■■■■■■■■■■■■■■■■                  51% | ETA: 38m
 ■■■■■■■■■■■■■■■■                  51% | ETA: 38m
 ■■■■■■■■■■■■■■■■                  51% | ETA: 38m
 ■■■■■■■■■■■■■■■■                  51% | ETA: 38m
 ■■■■■■■■■■■■■■■■                  52% | ETA: 38m
 ■■■■■■■■■■■■■■■■                  52% | ETA: 38m
 ■■■■■■■■■■■■■■■■■                 52% | ETA: 38m
 ■■■■■■■■■■■■■■■■■                 52% | ETA: 38m
 ■■■■■■■■■■■■■■■■■                 52% | ETA: 38m
 ■■■■■■■■■■■■■■■■■                 52% | ETA: 37m
 ■■■■■■■■■■■■■■■■■                 52% | ETA: 37m
 ■■■■■■■■■■■■■■■■■                 52% | ETA: 37m
 ■■■■■■■■■■■■■■■■■                 52% | ETA: 37m
 ■■■■■■■■■■■■■■■■■                 52% | ETA: 37m
 ■■■■■■■■■■■■■■■■■                 52% | ETA: 37m
 ■■■■■■■■■■■■■■■■■                 52% | ETA: 37m
 ■■■■■■■■■■■■■■■■■                 53% | ETA: 37m
 ■■■■■■■■■■■■■■■■■                 53% | ETA: 37m
 ■■■■■■■■■■■■■■■■■                 53% | ETA: 37m
 ■■■■■■■■■■■■■■■■■                 53% | ETA: 37m
 ■■■■■■■■■■■■■■■■■                 53% | ETA: 37m
 ■■■■■■■■■■■■■■■■■                 53% | ETA: 37m
 ■■■■■■■■■■■■■■■■■                 53% | ETA: 37m
 ■■■■■■■■■■■■■■■■■                 53% | ETA: 36m
 ■■■■■■■■■■■■■■■■■                 53% | ETA: 36m
 ■■■■■■■■■■■■■■■■■                 53% | ETA: 36m
 ■■■■■■■■■■■■■■■■■                 53% | ETA: 36m
 ■■■■■■■■■■■■■■■■■                 54% | ETA: 36m
 ■■■■■■■■■■■■■■■■■                 54% | ETA: 36m
 ■■■■■■■■■■■■■■■■■                 54% | ETA: 36m
 ■■■■■■■■■■■■■■■■■                 54% | ETA: 36m
 ■■■■■■■■■■■■■■■■■                 54% | ETA: 36m
 ■■■■■■■■■■■■■■■■■                 54% | ETA: 36m
 ■■■■■■■■■■■■■■■■■                 54% | ETA: 36m
 ■■■■■■■■■■■■■■■■■                 54% | ETA: 36m
 ■■■■■■■■■■■■■■■■■                 54% | ETA: 36m
 ■■■■■■■■■■■■■■■■■                 54% | ETA: 35m
 ■■■■■■■■■■■■■■■■■                 54% | ETA: 35m
 ■■■■■■■■■■■■■■■■■                 55% | ETA: 35m
 ■■■■■■■■■■■■■■■■■                 55% | ETA: 35m
 ■■■■■■■■■■■■■■■■■                 55% | ETA: 35m
 ■■■■■■■■■■■■■■■■■                 55% | ETA: 35m
 ■■■■■■■■■■■■■■■■■                 55% | ETA: 35m
 ■■■■■■■■■■■■■■■■■                 55% | ETA: 35m
 ■■■■■■■■■■■■■■■■■■                55% | ETA: 35m
 ■■■■■■■■■■■■■■■■■■                55% | ETA: 35m
 ■■■■■■■■■■■■■■■■■■                55% | ETA: 35m
 ■■■■■■■■■■■■■■■■■■                55% | ETA: 35m
 ■■■■■■■■■■■■■■■■■■                56% | ETA: 34m
 ■■■■■■■■■■■■■■■■■■                56% | ETA: 34m
 ■■■■■■■■■■■■■■■■■■                56% | ETA: 34m
 ■■■■■■■■■■■■■■■■■■                56% | ETA: 34m
 ■■■■■■■■■■■■■■■■■■                56% | ETA: 34m
 ■■■■■■■■■■■■■■■■■■                56% | ETA: 34m
 ■■■■■■■■■■■■■■■■■■                56% | ETA: 34m
 ■■■■■■■■■■■■■■■■■■                56% | ETA: 34m
 ■■■■■■■■■■■■■■■■■■                56% | ETA: 34m
 ■■■■■■■■■■■■■■■■■■                56% | ETA: 34m
 ■■■■■■■■■■■■■■■■■■                57% | ETA: 34m
 ■■■■■■■■■■■■■■■■■■                57% | ETA: 34m
 ■■■■■■■■■■■■■■■■■■                57% | ETA: 33m
 ■■■■■■■■■■■■■■■■■■                57% | ETA: 33m
 ■■■■■■■■■■■■■■■■■■                57% | ETA: 33m
 ■■■■■■■■■■■■■■■■■■                57% | ETA: 33m
 ■■■■■■■■■■■■■■■■■■                57% | ETA: 33m
 ■■■■■■■■■■■■■■■■■■                57% | ETA: 33m
 ■■■■■■■■■■■■■■■■■■                57% | ETA: 33m
 ■■■■■■■■■■■■■■■■■■                57% | ETA: 33m
 ■■■■■■■■■■■■■■■■■■                57% | ETA: 33m
 ■■■■■■■■■■■■■■■■■■                57% | ETA: 33m
 ■■■■■■■■■■■■■■■■■■                58% | ETA: 33m
 ■■■■■■■■■■■■■■■■■■                58% | ETA: 33m
 ■■■■■■■■■■■■■■■■■■                58% | ETA: 33m
 ■■■■■■■■■■■■■■■■■■                58% | ETA: 32m
 ■■■■■■■■■■■■■■■■■■                58% | ETA: 32m
 ■■■■■■■■■■■■■■■■■■                58% | ETA: 32m
 ■■■■■■■■■■■■■■■■■■                58% | ETA: 32m
 ■■■■■■■■■■■■■■■■■■                58% | ETA: 32m
 ■■■■■■■■■■■■■■■■■■                58% | ETA: 32m
 ■■■■■■■■■■■■■■■■■■■               58% | ETA: 32m
 ■■■■■■■■■■■■■■■■■■■               58% | ETA: 32m
 ■■■■■■■■■■■■■■■■■■■               59% | ETA: 32m
 ■■■■■■■■■■■■■■■■■■■               59% | ETA: 32m
 ■■■■■■■■■■■■■■■■■■■               59% | ETA: 32m
 ■■■■■■■■■■■■■■■■■■■               59% | ETA: 32m
 ■■■■■■■■■■■■■■■■■■■               59% | ETA: 32m
 ■■■■■■■■■■■■■■■■■■■               59% | ETA: 32m
 ■■■■■■■■■■■■■■■■■■■               59% | ETA: 31m
 ■■■■■■■■■■■■■■■■■■■               59% | ETA: 31m
 ■■■■■■■■■■■■■■■■■■■               59% | ETA: 31m
 ■■■■■■■■■■■■■■■■■■■               59% | ETA: 31m
 ■■■■■■■■■■■■■■■■■■■               59% | ETA: 31m
 ■■■■■■■■■■■■■■■■■■■               60% | ETA: 31m
 ■■■■■■■■■■■■■■■■■■■               60% | ETA: 31m
 ■■■■■■■■■■■■■■■■■■■               60% | ETA: 31m
 ■■■■■■■■■■■■■■■■■■■               60% | ETA: 31m
 ■■■■■■■■■■■■■■■■■■■               60% | ETA: 31m
 ■■■■■■■■■■■■■■■■■■■               60% | ETA: 31m
 ■■■■■■■■■■■■■■■■■■■               60% | ETA: 31m
 ■■■■■■■■■■■■■■■■■■■               60% | ETA: 31m
 ■■■■■■■■■■■■■■■■■■■               60% | ETA: 31m
 ■■■■■■■■■■■■■■■■■■■               60% | ETA: 31m
 ■■■■■■■■■■■■■■■■■■■               60% | ETA: 30m
 ■■■■■■■■■■■■■■■■■■■               61% | ETA: 30m
 ■■■■■■■■■■■■■■■■■■■               61% | ETA: 30m
 ■■■■■■■■■■■■■■■■■■■               61% | ETA: 30m
 ■■■■■■■■■■■■■■■■■■■               61% | ETA: 30m
 ■■■■■■■■■■■■■■■■■■■               61% | ETA: 30m
 ■■■■■■■■■■■■■■■■■■■               61% | ETA: 30m
 ■■■■■■■■■■■■■■■■■■■               61% | ETA: 30m
 ■■■■■■■■■■■■■■■■■■■               61% | ETA: 30m
 ■■■■■■■■■■■■■■■■■■■               61% | ETA: 30m
 ■■■■■■■■■■■■■■■■■■■               61% | ETA: 30m
 ■■■■■■■■■■■■■■■■■■■               61% | ETA: 30m
 ■■■■■■■■■■■■■■■■■■■               62% | ETA: 30m
 ■■■■■■■■■■■■■■■■■■■■              62% | ETA: 29m
 ■■■■■■■■■■■■■■■■■■■■              62% | ETA: 29m
 ■■■■■■■■■■■■■■■■■■■■              62% | ETA: 29m
 ■■■■■■■■■■■■■■■■■■■■              62% | ETA: 29m
 ■■■■■■■■■■■■■■■■■■■■              62% | ETA: 29m
 ■■■■■■■■■■■■■■■■■■■■              62% | ETA: 29m
 ■■■■■■■■■■■■■■■■■■■■              62% | ETA: 29m
 ■■■■■■■■■■■■■■■■■■■■              62% | ETA: 29m
 ■■■■■■■■■■■■■■■■■■■■              62% | ETA: 29m
 ■■■■■■■■■■■■■■■■■■■■              62% | ETA: 29m
 ■■■■■■■■■■■■■■■■■■■■              63% | ETA: 29m
 ■■■■■■■■■■■■■■■■■■■■              63% | ETA: 29m
 ■■■■■■■■■■■■■■■■■■■■              63% | ETA: 29m
 ■■■■■■■■■■■■■■■■■■■■              63% | ETA: 29m
 ■■■■■■■■■■■■■■■■■■■■              63% | ETA: 28m
 ■■■■■■■■■■■■■■■■■■■■              63% | ETA: 28m
 ■■■■■■■■■■■■■■■■■■■■              63% | ETA: 28m
 ■■■■■■■■■■■■■■■■■■■■              63% | ETA: 28m
 ■■■■■■■■■■■■■■■■■■■■              63% | ETA: 28m
 ■■■■■■■■■■■■■■■■■■■■              63% | ETA: 28m
 ■■■■■■■■■■■■■■■■■■■■              63% | ETA: 28m
 ■■■■■■■■■■■■■■■■■■■■              64% | ETA: 28m
 ■■■■■■■■■■■■■■■■■■■■              64% | ETA: 28m
 ■■■■■■■■■■■■■■■■■■■■              64% | ETA: 28m
 ■■■■■■■■■■■■■■■■■■■■              64% | ETA: 28m
 ■■■■■■■■■■■■■■■■■■■■              64% | ETA: 28m
 ■■■■■■■■■■■■■■■■■■■■              64% | ETA: 28m
 ■■■■■■■■■■■■■■■■■■■■              64% | ETA: 27m
 ■■■■■■■■■■■■■■■■■■■■              64% | ETA: 27m
 ■■■■■■■■■■■■■■■■■■■■              64% | ETA: 27m
 ■■■■■■■■■■■■■■■■■■■■              64% | ETA: 27m
 ■■■■■■■■■■■■■■■■■■■■              64% | ETA: 27m
 ■■■■■■■■■■■■■■■■■■■■              65% | ETA: 27m
 ■■■■■■■■■■■■■■■■■■■■              65% | ETA: 27m
 ■■■■■■■■■■■■■■■■■■■■              65% | ETA: 27m
 ■■■■■■■■■■■■■■■■■■■■              65% | ETA: 27m
 ■■■■■■■■■■■■■■■■■■■■              65% | ETA: 27m
 ■■■■■■■■■■■■■■■■■■■■              65% | ETA: 27m
 ■■■■■■■■■■■■■■■■■■■■■             65% | ETA: 27m
 ■■■■■■■■■■■■■■■■■■■■■             65% | ETA: 27m
 ■■■■■■■■■■■■■■■■■■■■■             65% | ETA: 27m
 ■■■■■■■■■■■■■■■■■■■■■             65% | ETA: 26m
 ■■■■■■■■■■■■■■■■■■■■■             65% | ETA: 26m
 ■■■■■■■■■■■■■■■■■■■■■             66% | ETA: 26m
 ■■■■■■■■■■■■■■■■■■■■■             66% | ETA: 26m
 ■■■■■■■■■■■■■■■■■■■■■             66% | ETA: 26m
 ■■■■■■■■■■■■■■■■■■■■■             66% | ETA: 26m
 ■■■■■■■■■■■■■■■■■■■■■             66% | ETA: 26m
 ■■■■■■■■■■■■■■■■■■■■■             66% | ETA: 26m
 ■■■■■■■■■■■■■■■■■■■■■             66% | ETA: 26m
 ■■■■■■■■■■■■■■■■■■■■■             66% | ETA: 26m
 ■■■■■■■■■■■■■■■■■■■■■             66% | ETA: 26m
 ■■■■■■■■■■■■■■■■■■■■■             66% | ETA: 26m
 ■■■■■■■■■■■■■■■■■■■■■             67% | ETA: 25m
 ■■■■■■■■■■■■■■■■■■■■■             67% | ETA: 25m
 ■■■■■■■■■■■■■■■■■■■■■             67% | ETA: 25m
 ■■■■■■■■■■■■■■■■■■■■■             67% | ETA: 25m
 ■■■■■■■■■■■■■■■■■■■■■             67% | ETA: 25m
 ■■■■■■■■■■■■■■■■■■■■■             67% | ETA: 25m
 ■■■■■■■■■■■■■■■■■■■■■             67% | ETA: 25m
 ■■■■■■■■■■■■■■■■■■■■■             67% | ETA: 25m
 ■■■■■■■■■■■■■■■■■■■■■             67% | ETA: 25m
 ■■■■■■■■■■■■■■■■■■■■■             67% | ETA: 25m
 ■■■■■■■■■■■■■■■■■■■■■             68% | ETA: 25m
 ■■■■■■■■■■■■■■■■■■■■■             68% | ETA: 25m
 ■■■■■■■■■■■■■■■■■■■■■             68% | ETA: 24m
 ■■■■■■■■■■■■■■■■■■■■■             68% | ETA: 24m
 ■■■■■■■■■■■■■■■■■■■■■             68% | ETA: 24m
 ■■■■■■■■■■■■■■■■■■■■■             68% | ETA: 24m
 ■■■■■■■■■■■■■■■■■■■■■             68% | ETA: 24m
 ■■■■■■■■■■■■■■■■■■■■■             68% | ETA: 24m
 ■■■■■■■■■■■■■■■■■■■■■             68% | ETA: 24m
 ■■■■■■■■■■■■■■■■■■■■■■            68% | ETA: 24m
 ■■■■■■■■■■■■■■■■■■■■■■            68% | ETA: 24m
 ■■■■■■■■■■■■■■■■■■■■■■            69% | ETA: 24m
 ■■■■■■■■■■■■■■■■■■■■■■            69% | ETA: 24m
 ■■■■■■■■■■■■■■■■■■■■■■            69% | ETA: 24m
 ■■■■■■■■■■■■■■■■■■■■■■            69% | ETA: 24m
 ■■■■■■■■■■■■■■■■■■■■■■            69% | ETA: 23m
 ■■■■■■■■■■■■■■■■■■■■■■            69% | ETA: 23m
 ■■■■■■■■■■■■■■■■■■■■■■            69% | ETA: 23m
 ■■■■■■■■■■■■■■■■■■■■■■            69% | ETA: 23m
 ■■■■■■■■■■■■■■■■■■■■■■            69% | ETA: 23m
 ■■■■■■■■■■■■■■■■■■■■■■            70% | ETA: 23m
 ■■■■■■■■■■■■■■■■■■■■■■            70% | ETA: 23m
 ■■■■■■■■■■■■■■■■■■■■■■            70% | ETA: 23m
 ■■■■■■■■■■■■■■■■■■■■■■            70% | ETA: 23m
 ■■■■■■■■■■■■■■■■■■■■■■            70% | ETA: 23m
 ■■■■■■■■■■■■■■■■■■■■■■            70% | ETA: 23m
 ■■■■■■■■■■■■■■■■■■■■■■            70% | ETA: 23m
 ■■■■■■■■■■■■■■■■■■■■■■            70% | ETA: 22m
 ■■■■■■■■■■■■■■■■■■■■■■            70% | ETA: 22m
 ■■■■■■■■■■■■■■■■■■■■■■            70% | ETA: 22m
 ■■■■■■■■■■■■■■■■■■■■■■            71% | ETA: 22m
 ■■■■■■■■■■■■■■■■■■■■■■            71% | ETA: 22m
 ■■■■■■■■■■■■■■■■■■■■■■            71% | ETA: 22m
 ■■■■■■■■■■■■■■■■■■■■■■            71% | ETA: 22m
 ■■■■■■■■■■■■■■■■■■■■■■            71% | ETA: 22m
 ■■■■■■■■■■■■■■■■■■■■■■            71% | ETA: 22m
 ■■■■■■■■■■■■■■■■■■■■■■            71% | ETA: 22m
 ■■■■■■■■■■■■■■■■■■■■■■            71% | ETA: 22m
 ■■■■■■■■■■■■■■■■■■■■■■            71% | ETA: 21m
 ■■■■■■■■■■■■■■■■■■■■■■            71% | ETA: 21m
 ■■■■■■■■■■■■■■■■■■■■■■            72% | ETA: 21m
 ■■■■■■■■■■■■■■■■■■■■■■            72% | ETA: 21m
 ■■■■■■■■■■■■■■■■■■■■■■■           72% | ETA: 21m
 ■■■■■■■■■■■■■■■■■■■■■■■           72% | ETA: 21m
 ■■■■■■■■■■■■■■■■■■■■■■■           72% | ETA: 21m
 ■■■■■■■■■■■■■■■■■■■■■■■           72% | ETA: 21m
 ■■■■■■■■■■■■■■■■■■■■■■■           72% | ETA: 21m
 ■■■■■■■■■■■■■■■■■■■■■■■           72% | ETA: 21m
 ■■■■■■■■■■■■■■■■■■■■■■■           72% | ETA: 21m
 ■■■■■■■■■■■■■■■■■■■■■■■           73% | ETA: 20m
 ■■■■■■■■■■■■■■■■■■■■■■■           73% | ETA: 20m
 ■■■■■■■■■■■■■■■■■■■■■■■           73% | ETA: 20m
 ■■■■■■■■■■■■■■■■■■■■■■■           73% | ETA: 20m
 ■■■■■■■■■■■■■■■■■■■■■■■           73% | ETA: 20m
 ■■■■■■■■■■■■■■■■■■■■■■■           73% | ETA: 20m
 ■■■■■■■■■■■■■■■■■■■■■■■           73% | ETA: 20m
 ■■■■■■■■■■■■■■■■■■■■■■■           73% | ETA: 20m
 ■■■■■■■■■■■■■■■■■■■■■■■           73% | ETA: 20m
 ■■■■■■■■■■■■■■■■■■■■■■■           74% | ETA: 20m
 ■■■■■■■■■■■■■■■■■■■■■■■           74% | ETA: 20m
 ■■■■■■■■■■■■■■■■■■■■■■■           74% | ETA: 19m
 ■■■■■■■■■■■■■■■■■■■■■■■           74% | ETA: 19m
 ■■■■■■■■■■■■■■■■■■■■■■■           74% | ETA: 19m
 ■■■■■■■■■■■■■■■■■■■■■■■           74% | ETA: 19m
 ■■■■■■■■■■■■■■■■■■■■■■■           74% | ETA: 19m
 ■■■■■■■■■■■■■■■■■■■■■■■           74% | ETA: 19m
 ■■■■■■■■■■■■■■■■■■■■■■■           74% | ETA: 19m
 ■■■■■■■■■■■■■■■■■■■■■■■           75% | ETA: 19m
 ■■■■■■■■■■■■■■■■■■■■■■■           75% | ETA: 19m
 ■■■■■■■■■■■■■■■■■■■■■■■           75% | ETA: 19m
 ■■■■■■■■■■■■■■■■■■■■■■■           75% | ETA: 19m
 ■■■■■■■■■■■■■■■■■■■■■■■           75% | ETA: 18m
 ■■■■■■■■■■■■■■■■■■■■■■■■          75% | ETA: 18m
 ■■■■■■■■■■■■■■■■■■■■■■■■          75% | ETA: 18m
 ■■■■■■■■■■■■■■■■■■■■■■■■          75% | ETA: 18m
 ■■■■■■■■■■■■■■■■■■■■■■■■          75% | ETA: 18m
 ■■■■■■■■■■■■■■■■■■■■■■■■          75% | ETA: 18m
 ■■■■■■■■■■■■■■■■■■■■■■■■          75% | ETA: 18m
 ■■■■■■■■■■■■■■■■■■■■■■■■          76% | ETA: 18m
 ■■■■■■■■■■■■■■■■■■■■■■■■          76% | ETA: 18m
 ■■■■■■■■■■■■■■■■■■■■■■■■          76% | ETA: 18m
 ■■■■■■■■■■■■■■■■■■■■■■■■          76% | ETA: 18m
 ■■■■■■■■■■■■■■■■■■■■■■■■          76% | ETA: 18m
 ■■■■■■■■■■■■■■■■■■■■■■■■          76% | ETA: 18m
 ■■■■■■■■■■■■■■■■■■■■■■■■          76% | ETA: 18m
 ■■■■■■■■■■■■■■■■■■■■■■■■          76% | ETA: 17m
 ■■■■■■■■■■■■■■■■■■■■■■■■          76% | ETA: 17m
 ■■■■■■■■■■■■■■■■■■■■■■■■          76% | ETA: 17m
 ■■■■■■■■■■■■■■■■■■■■■■■■          76% | ETA: 17m
 ■■■■■■■■■■■■■■■■■■■■■■■■          77% | ETA: 17m
 ■■■■■■■■■■■■■■■■■■■■■■■■          77% | ETA: 17m
 ■■■■■■■■■■■■■■■■■■■■■■■■          77% | ETA: 17m
 ■■■■■■■■■■■■■■■■■■■■■■■■          77% | ETA: 17m
 ■■■■■■■■■■■■■■■■■■■■■■■■          77% | ETA: 17m
 ■■■■■■■■■■■■■■■■■■■■■■■■          77% | ETA: 17m
 ■■■■■■■■■■■■■■■■■■■■■■■■          77% | ETA: 17m
 ■■■■■■■■■■■■■■■■■■■■■■■■          77% | ETA: 17m
 ■■■■■■■■■■■■■■■■■■■■■■■■          77% | ETA: 16m
 ■■■■■■■■■■■■■■■■■■■■■■■■          78% | ETA: 16m
 ■■■■■■■■■■■■■■■■■■■■■■■■          78% | ETA: 16m
 ■■■■■■■■■■■■■■■■■■■■■■■■          78% | ETA: 16m
 ■■■■■■■■■■■■■■■■■■■■■■■■          78% | ETA: 16m
 ■■■■■■■■■■■■■■■■■■■■■■■■          78% | ETA: 16m
 ■■■■■■■■■■■■■■■■■■■■■■■■          78% | ETA: 16m
 ■■■■■■■■■■■■■■■■■■■■■■■■          78% | ETA: 16m
 ■■■■■■■■■■■■■■■■■■■■■■■■          78% | ETA: 16m
 ■■■■■■■■■■■■■■■■■■■■■■■■          78% | ETA: 16m
 ■■■■■■■■■■■■■■■■■■■■■■■■■         78% | ETA: 16m
 ■■■■■■■■■■■■■■■■■■■■■■■■■         79% | ETA: 16m
 ■■■■■■■■■■■■■■■■■■■■■■■■■         79% | ETA: 16m
 ■■■■■■■■■■■■■■■■■■■■■■■■■         79% | ETA: 15m
 ■■■■■■■■■■■■■■■■■■■■■■■■■         79% | ETA: 15m
 ■■■■■■■■■■■■■■■■■■■■■■■■■         79% | ETA: 15m
 ■■■■■■■■■■■■■■■■■■■■■■■■■         79% | ETA: 15m
 ■■■■■■■■■■■■■■■■■■■■■■■■■         79% | ETA: 15m
 ■■■■■■■■■■■■■■■■■■■■■■■■■         79% | ETA: 15m
 ■■■■■■■■■■■■■■■■■■■■■■■■■         79% | ETA: 15m
 ■■■■■■■■■■■■■■■■■■■■■■■■■         79% | ETA: 15m
 ■■■■■■■■■■■■■■■■■■■■■■■■■         80% | ETA: 15m
 ■■■■■■■■■■■■■■■■■■■■■■■■■         80% | ETA: 15m
 ■■■■■■■■■■■■■■■■■■■■■■■■■         80% | ETA: 15m
 ■■■■■■■■■■■■■■■■■■■■■■■■■         80% | ETA: 15m
 ■■■■■■■■■■■■■■■■■■■■■■■■■         80% | ETA: 15m
 ■■■■■■■■■■■■■■■■■■■■■■■■■         80% | ETA: 15m
 ■■■■■■■■■■■■■■■■■■■■■■■■■         80% | ETA: 14m
 ■■■■■■■■■■■■■■■■■■■■■■■■■         80% | ETA: 14m
 ■■■■■■■■■■■■■■■■■■■■■■■■■         80% | ETA: 14m
 ■■■■■■■■■■■■■■■■■■■■■■■■■         80% | ETA: 14m
 ■■■■■■■■■■■■■■■■■■■■■■■■■         80% | ETA: 14m
 ■■■■■■■■■■■■■■■■■■■■■■■■■         80% | ETA: 14m
 ■■■■■■■■■■■■■■■■■■■■■■■■■         81% | ETA: 14m
 ■■■■■■■■■■■■■■■■■■■■■■■■■         81% | ETA: 14m
 ■■■■■■■■■■■■■■■■■■■■■■■■■         81% | ETA: 14m
 ■■■■■■■■■■■■■■■■■■■■■■■■■         81% | ETA: 14m
 ■■■■■■■■■■■■■■■■■■■■■■■■■         81% | ETA: 14m
 ■■■■■■■■■■■■■■■■■■■■■■■■■         81% | ETA: 14m
 ■■■■■■■■■■■■■■■■■■■■■■■■■         81% | ETA: 14m
 ■■■■■■■■■■■■■■■■■■■■■■■■■         81% | ETA: 13m
 ■■■■■■■■■■■■■■■■■■■■■■■■■         81% | ETA: 13m
 ■■■■■■■■■■■■■■■■■■■■■■■■■         82% | ETA: 13m
 ■■■■■■■■■■■■■■■■■■■■■■■■■         82% | ETA: 13m
 ■■■■■■■■■■■■■■■■■■■■■■■■■■        82% | ETA: 13m
 ■■■■■■■■■■■■■■■■■■■■■■■■■■        82% | ETA: 13m
 ■■■■■■■■■■■■■■■■■■■■■■■■■■        82% | ETA: 13m
 ■■■■■■■■■■■■■■■■■■■■■■■■■■        82% | ETA: 13m
 ■■■■■■■■■■■■■■■■■■■■■■■■■■        82% | ETA: 13m
 ■■■■■■■■■■■■■■■■■■■■■■■■■■        82% | ETA: 13m
 ■■■■■■■■■■■■■■■■■■■■■■■■■■        82% | ETA: 13m
 ■■■■■■■■■■■■■■■■■■■■■■■■■■        82% | ETA: 13m
 ■■■■■■■■■■■■■■■■■■■■■■■■■■        83% | ETA: 13m
 ■■■■■■■■■■■■■■■■■■■■■■■■■■        83% | ETA: 12m
 ■■■■■■■■■■■■■■■■■■■■■■■■■■        83% | ETA: 12m
 ■■■■■■■■■■■■■■■■■■■■■■■■■■        83% | ETA: 12m
 ■■■■■■■■■■■■■■■■■■■■■■■■■■        83% | ETA: 12m
 ■■■■■■■■■■■■■■■■■■■■■■■■■■        83% | ETA: 12m
 ■■■■■■■■■■■■■■■■■■■■■■■■■■        83% | ETA: 12m
 ■■■■■■■■■■■■■■■■■■■■■■■■■■        83% | ETA: 12m
 ■■■■■■■■■■■■■■■■■■■■■■■■■■        83% | ETA: 12m
 ■■■■■■■■■■■■■■■■■■■■■■■■■■        83% | ETA: 12m
 ■■■■■■■■■■■■■■■■■■■■■■■■■■        84% | ETA: 12m
 ■■■■■■■■■■■■■■■■■■■■■■■■■■        84% | ETA: 12m
 ■■■■■■■■■■■■■■■■■■■■■■■■■■        84% | ETA: 12m
 ■■■■■■■■■■■■■■■■■■■■■■■■■■        84% | ETA: 12m
 ■■■■■■■■■■■■■■■■■■■■■■■■■■        84% | ETA: 11m
 ■■■■■■■■■■■■■■■■■■■■■■■■■■        84% | ETA: 11m
 ■■■■■■■■■■■■■■■■■■■■■■■■■■        84% | ETA: 11m
 ■■■■■■■■■■■■■■■■■■■■■■■■■■        84% | ETA: 11m
 ■■■■■■■■■■■■■■■■■■■■■■■■■■        84% | ETA: 11m
 ■■■■■■■■■■■■■■■■■■■■■■■■■■        84% | ETA: 11m
 ■■■■■■■■■■■■■■■■■■■■■■■■■■        84% | ETA: 11m
 ■■■■■■■■■■■■■■■■■■■■■■■■■■        85% | ETA: 11m
 ■■■■■■■■■■■■■■■■■■■■■■■■■■        85% | ETA: 11m
 ■■■■■■■■■■■■■■■■■■■■■■■■■■        85% | ETA: 11m
 ■■■■■■■■■■■■■■■■■■■■■■■■■■        85% | ETA: 11m
 ■■■■■■■■■■■■■■■■■■■■■■■■■■■       85% | ETA: 11m
 ■■■■■■■■■■■■■■■■■■■■■■■■■■■       85% | ETA: 11m
 ■■■■■■■■■■■■■■■■■■■■■■■■■■■       85% | ETA: 11m
 ■■■■■■■■■■■■■■■■■■■■■■■■■■■       85% | ETA: 10m
 ■■■■■■■■■■■■■■■■■■■■■■■■■■■       85% | ETA: 10m
 ■■■■■■■■■■■■■■■■■■■■■■■■■■■       86% | ETA: 10m
 ■■■■■■■■■■■■■■■■■■■■■■■■■■■       86% | ETA: 10m
 ■■■■■■■■■■■■■■■■■■■■■■■■■■■       86% | ETA: 10m
 ■■■■■■■■■■■■■■■■■■■■■■■■■■■       86% | ETA: 10m
 ■■■■■■■■■■■■■■■■■■■■■■■■■■■       86% | ETA: 10m
 ■■■■■■■■■■■■■■■■■■■■■■■■■■■       86% | ETA: 10m
 ■■■■■■■■■■■■■■■■■■■■■■■■■■■       86% | ETA: 10m
 ■■■■■■■■■■■■■■■■■■■■■■■■■■■       86% | ETA: 10m
 ■■■■■■■■■■■■■■■■■■■■■■■■■■■       86% | ETA: 10m
 ■■■■■■■■■■■■■■■■■■■■■■■■■■■       87% | ETA: 10m
 ■■■■■■■■■■■■■■■■■■■■■■■■■■■       87% | ETA:  9m
 ■■■■■■■■■■■■■■■■■■■■■■■■■■■       87% | ETA:  9m
 ■■■■■■■■■■■■■■■■■■■■■■■■■■■       87% | ETA:  9m
 ■■■■■■■■■■■■■■■■■■■■■■■■■■■       87% | ETA:  9m
 ■■■■■■■■■■■■■■■■■■■■■■■■■■■       87% | ETA:  9m
 ■■■■■■■■■■■■■■■■■■■■■■■■■■■       87% | ETA:  9m
 ■■■■■■■■■■■■■■■■■■■■■■■■■■■       87% | ETA:  9m
 ■■■■■■■■■■■■■■■■■■■■■■■■■■■       87% | ETA:  9m
 ■■■■■■■■■■■■■■■■■■■■■■■■■■■       88% | ETA:  9m
 ■■■■■■■■■■■■■■■■■■■■■■■■■■■       88% | ETA:  9m
 ■■■■■■■■■■■■■■■■■■■■■■■■■■■       88% | ETA:  9m
 ■■■■■■■■■■■■■■■■■■■■■■■■■■■       88% | ETA:  9m
 ■■■■■■■■■■■■■■■■■■■■■■■■■■■       88% | ETA:  9m
 ■■■■■■■■■■■■■■■■■■■■■■■■■■■       88% | ETA:  8m
 ■■■■■■■■■■■■■■■■■■■■■■■■■■■       88% | ETA:  8m
 ■■■■■■■■■■■■■■■■■■■■■■■■■■■       88% | ETA:  8m
 ■■■■■■■■■■■■■■■■■■■■■■■■■■■       88% | ETA:  8m
 ■■■■■■■■■■■■■■■■■■■■■■■■■■■       88% | ETA:  8m
 ■■■■■■■■■■■■■■■■■■■■■■■■■■■■      88% | ETA:  8m
 ■■■■■■■■■■■■■■■■■■■■■■■■■■■■      89% | ETA:  8m
 ■■■■■■■■■■■■■■■■■■■■■■■■■■■■      89% | ETA:  8m
 ■■■■■■■■■■■■■■■■■■■■■■■■■■■■      89% | ETA:  8m
 ■■■■■■■■■■■■■■■■■■■■■■■■■■■■      89% | ETA:  8m
 ■■■■■■■■■■■■■■■■■■■■■■■■■■■■      89% | ETA:  8m
 ■■■■■■■■■■■■■■■■■■■■■■■■■■■■      89% | ETA:  8m
 ■■■■■■■■■■■■■■■■■■■■■■■■■■■■      89% | ETA:  8m
 ■■■■■■■■■■■■■■■■■■■■■■■■■■■■      89% | ETA:  8m
 ■■■■■■■■■■■■■■■■■■■■■■■■■■■■      89% | ETA:  8m
 ■■■■■■■■■■■■■■■■■■■■■■■■■■■■      89% | ETA:  7m
 ■■■■■■■■■■■■■■■■■■■■■■■■■■■■      89% | ETA:  7m
 ■■■■■■■■■■■■■■■■■■■■■■■■■■■■      90% | ETA:  7m
 ■■■■■■■■■■■■■■■■■■■■■■■■■■■■      90% | ETA:  7m
 ■■■■■■■■■■■■■■■■■■■■■■■■■■■■      90% | ETA:  7m
 ■■■■■■■■■■■■■■■■■■■■■■■■■■■■      90% | ETA:  7m
 ■■■■■■■■■■■■■■■■■■■■■■■■■■■■      90% | ETA:  7m
 ■■■■■■■■■■■■■■■■■■■■■■■■■■■■      90% | ETA:  7m
 ■■■■■■■■■■■■■■■■■■■■■■■■■■■■      90% | ETA:  7m
 ■■■■■■■■■■■■■■■■■■■■■■■■■■■■      90% | ETA:  7m
 ■■■■■■■■■■■■■■■■■■■■■■■■■■■■      90% | ETA:  7m
 ■■■■■■■■■■■■■■■■■■■■■■■■■■■■      90% | ETA:  7m
 ■■■■■■■■■■■■■■■■■■■■■■■■■■■■      91% | ETA:  7m
 ■■■■■■■■■■■■■■■■■■■■■■■■■■■■      91% | ETA:  7m
 ■■■■■■■■■■■■■■■■■■■■■■■■■■■■      91% | ETA:  6m
 ■■■■■■■■■■■■■■■■■■■■■■■■■■■■      91% | ETA:  6m
 ■■■■■■■■■■■■■■■■■■■■■■■■■■■■      91% | ETA:  6m
 ■■■■■■■■■■■■■■■■■■■■■■■■■■■■      91% | ETA:  6m
 ■■■■■■■■■■■■■■■■■■■■■■■■■■■■      91% | ETA:  6m
 ■■■■■■■■■■■■■■■■■■■■■■■■■■■■      91% | ETA:  6m
 ■■■■■■■■■■■■■■■■■■■■■■■■■■■■      91% | ETA:  6m
 ■■■■■■■■■■■■■■■■■■■■■■■■■■■■      91% | ETA:  6m
 ■■■■■■■■■■■■■■■■■■■■■■■■■■■■      91% | ETA:  6m
 ■■■■■■■■■■■■■■■■■■■■■■■■■■■■      92% | ETA:  6m
 ■■■■■■■■■■■■■■■■■■■■■■■■■■■■      92% | ETA:  6m
 ■■■■■■■■■■■■■■■■■■■■■■■■■■■■■     92% | ETA:  6m
 ■■■■■■■■■■■■■■■■■■■■■■■■■■■■■     92% | ETA:  6m
 ■■■■■■■■■■■■■■■■■■■■■■■■■■■■■     92% | ETA:  6m
 ■■■■■■■■■■■■■■■■■■■■■■■■■■■■■     92% | ETA:  6m
 ■■■■■■■■■■■■■■■■■■■■■■■■■■■■■     92% | ETA:  5m
 ■■■■■■■■■■■■■■■■■■■■■■■■■■■■■     92% | ETA:  5m
 ■■■■■■■■■■■■■■■■■■■■■■■■■■■■■     92% | ETA:  5m
 ■■■■■■■■■■■■■■■■■■■■■■■■■■■■■     92% | ETA:  5m
 ■■■■■■■■■■■■■■■■■■■■■■■■■■■■■     93% | ETA:  5m
 ■■■■■■■■■■■■■■■■■■■■■■■■■■■■■     93% | ETA:  5m
 ■■■■■■■■■■■■■■■■■■■■■■■■■■■■■     93% | ETA:  5m
 ■■■■■■■■■■■■■■■■■■■■■■■■■■■■■     93% | ETA:  5m
 ■■■■■■■■■■■■■■■■■■■■■■■■■■■■■     93% | ETA:  5m
 ■■■■■■■■■■■■■■■■■■■■■■■■■■■■■     93% | ETA:  5m
 ■■■■■■■■■■■■■■■■■■■■■■■■■■■■■     93% | ETA:  5m
 ■■■■■■■■■■■■■■■■■■■■■■■■■■■■■     93% | ETA:  5m
 ■■■■■■■■■■■■■■■■■■■■■■■■■■■■■     93% | ETA:  5m
 ■■■■■■■■■■■■■■■■■■■■■■■■■■■■■     93% | ETA:  5m
 ■■■■■■■■■■■■■■■■■■■■■■■■■■■■■     93% | ETA:  5m
 ■■■■■■■■■■■■■■■■■■■■■■■■■■■■■     93% | ETA:  5m
 ■■■■■■■■■■■■■■■■■■■■■■■■■■■■■     94% | ETA:  4m
 ■■■■■■■■■■■■■■■■■■■■■■■■■■■■■     94% | ETA:  4m
 ■■■■■■■■■■■■■■■■■■■■■■■■■■■■■     94% | ETA:  4m
 ■■■■■■■■■■■■■■■■■■■■■■■■■■■■■     94% | ETA:  4m
 ■■■■■■■■■■■■■■■■■■■■■■■■■■■■■     94% | ETA:  4m
 ■■■■■■■■■■■■■■■■■■■■■■■■■■■■■     94% | ETA:  4m
 ■■■■■■■■■■■■■■■■■■■■■■■■■■■■■     94% | ETA:  4m
 ■■■■■■■■■■■■■■■■■■■■■■■■■■■■■     94% | ETA:  4m
 ■■■■■■■■■■■■■■■■■■■■■■■■■■■■■     94% | ETA:  4m
 ■■■■■■■■■■■■■■■■■■■■■■■■■■■■■     94% | ETA:  4m
 ■■■■■■■■■■■■■■■■■■■■■■■■■■■■■     94% | ETA:  4m
 ■■■■■■■■■■■■■■■■■■■■■■■■■■■■■     95% | ETA:  4m
 ■■■■■■■■■■■■■■■■■■■■■■■■■■■■■     95% | ETA:  4m
 ■■■■■■■■■■■■■■■■■■■■■■■■■■■■■     95% | ETA:  4m
 ■■■■■■■■■■■■■■■■■■■■■■■■■■■■■     95% | ETA:  4m
 ■■■■■■■■■■■■■■■■■■■■■■■■■■■■■     95% | ETA:  4m
 ■■■■■■■■■■■■■■■■■■■■■■■■■■■■■■    95% | ETA:  3m
 ■■■■■■■■■■■■■■■■■■■■■■■■■■■■■■    95% | ETA:  3m
 ■■■■■■■■■■■■■■■■■■■■■■■■■■■■■■    95% | ETA:  3m
 ■■■■■■■■■■■■■■■■■■■■■■■■■■■■■■    95% | ETA:  3m
 ■■■■■■■■■■■■■■■■■■■■■■■■■■■■■■    95% | ETA:  3m
 ■■■■■■■■■■■■■■■■■■■■■■■■■■■■■■    96% | ETA:  3m
 ■■■■■■■■■■■■■■■■■■■■■■■■■■■■■■    96% | ETA:  3m
 ■■■■■■■■■■■■■■■■■■■■■■■■■■■■■■    96% | ETA:  3m
 ■■■■■■■■■■■■■■■■■■■■■■■■■■■■■■    96% | ETA:  3m
 ■■■■■■■■■■■■■■■■■■■■■■■■■■■■■■    96% | ETA:  3m
 ■■■■■■■■■■■■■■■■■■■■■■■■■■■■■■    96% | ETA:  3m
 ■■■■■■■■■■■■■■■■■■■■■■■■■■■■■■    96% | ETA:  3m
 ■■■■■■■■■■■■■■■■■■■■■■■■■■■■■■    96% | ETA:  3m
 ■■■■■■■■■■■■■■■■■■■■■■■■■■■■■■    96% | ETA:  3m
 ■■■■■■■■■■■■■■■■■■■■■■■■■■■■■■    96% | ETA:  3m
 ■■■■■■■■■■■■■■■■■■■■■■■■■■■■■■    96% | ETA:  2m
 ■■■■■■■■■■■■■■■■■■■■■■■■■■■■■■    97% | ETA:  2m
 ■■■■■■■■■■■■■■■■■■■■■■■■■■■■■■    97% | ETA:  2m
 ■■■■■■■■■■■■■■■■■■■■■■■■■■■■■■    97% | ETA:  2m
 ■■■■■■■■■■■■■■■■■■■■■■■■■■■■■■    97% | ETA:  2m
 ■■■■■■■■■■■■■■■■■■■■■■■■■■■■■■    97% | ETA:  2m
 ■■■■■■■■■■■■■■■■■■■■■■■■■■■■■■    97% | ETA:  2m
 ■■■■■■■■■■■■■■■■■■■■■■■■■■■■■■    97% | ETA:  2m
 ■■■■■■■■■■■■■■■■■■■■■■■■■■■■■■    97% | ETA:  2m
 ■■■■■■■■■■■■■■■■■■■■■■■■■■■■■■    97% | ETA:  2m
 ■■■■■■■■■■■■■■■■■■■■■■■■■■■■■■    97% | ETA:  2m
 ■■■■■■■■■■■■■■■■■■■■■■■■■■■■■■    97% | ETA:  2m
 ■■■■■■■■■■■■■■■■■■■■■■■■■■■■■■    98% | ETA:  2m
 ■■■■■■■■■■■■■■■■■■■■■■■■■■■■■■    98% | ETA:  2m
 ■■■■■■■■■■■■■■■■■■■■■■■■■■■■■■    98% | ETA:  2m
 ■■■■■■■■■■■■■■■■■■■■■■■■■■■■■■    98% | ETA:  2m
 ■■■■■■■■■■■■■■■■■■■■■■■■■■■■■■    98% | ETA:  1m
 ■■■■■■■■■■■■■■■■■■■■■■■■■■■■■■    98% | ETA:  1m
 ■■■■■■■■■■■■■■■■■■■■■■■■■■■■■■    98% | ETA:  1m
 ■■■■■■■■■■■■■■■■■■■■■■■■■■■■■■    98% | ETA:  1m
 ■■■■■■■■■■■■■■■■■■■■■■■■■■■■■■    98% | ETA:  1m
 ■■■■■■■■■■■■■■■■■■■■■■■■■■■■■■    98% | ETA:  1m
 ■■■■■■■■■■■■■■■■■■■■■■■■■■■■■■■   98% | ETA:  1m
 ■■■■■■■■■■■■■■■■■■■■■■■■■■■■■■■   98% | ETA:  1m
 ■■■■■■■■■■■■■■■■■■■■■■■■■■■■■■■   99% | ETA:  1m
 ■■■■■■■■■■■■■■■■■■■■■■■■■■■■■■■   99% | ETA:  1m
 ■■■■■■■■■■■■■■■■■■■■■■■■■■■■■■■   99% | ETA:  1m
 ■■■■■■■■■■■■■■■■■■■■■■■■■■■■■■■   99% | ETA: 49s
 ■■■■■■■■■■■■■■■■■■■■■■■■■■■■■■■   99% | ETA: 45s
 ■■■■■■■■■■■■■■■■■■■■■■■■■■■■■■■   99% | ETA: 41s
 ■■■■■■■■■■■■■■■■■■■■■■■■■■■■■■■   99% | ETA: 37s
 ■■■■■■■■■■■■■■■■■■■■■■■■■■■■■■■   99% | ETA: 34s
 ■■■■■■■■■■■■■■■■■■■■■■■■■■■■■■■   99% | ETA: 30s
 ■■■■■■■■■■■■■■■■■■■■■■■■■■■■■■■   99% | ETA: 26s
 ■■■■■■■■■■■■■■■■■■■■■■■■■■■■■■■   99% | ETA: 22s
 ■■■■■■■■■■■■■■■■■■■■■■■■■■■■■■■  100% | ETA: 19s
 ■■■■■■■■■■■■■■■■■■■■■■■■■■■■■■■  100% | ETA: 15s
 ■■■■■■■■■■■■■■■■■■■■■■■■■■■■■■■  100% | ETA: 11s
 ■■■■■■■■■■■■■■■■■■■■■■■■■■■■■■■  100% | ETA:  7s
 ■■■■■■■■■■■■■■■■■■■■■■■■■■■■■■■  100% | ETA:  4s

 ■■■■■■■■■■■■■■■■■■■■■■■■■■■■■■■  100% | ETA:  0s

✖ 1387 files failed to download
✔ 21050 files were downloaded successfully
ℹ check the `download_status` column in the output data frame (invisibly
  returned) for details
Downloading media files:
 ■                                  0% | ETA:  1h
 ■                                  0% | ETA:  1h
 ■                                  0% | ETA:  1h
 ■                                  1% | ETA:  1h
 ■                                  1% | ETA:  1h
 ■                                  1% | ETA:  1h
 ■                                  1% | ETA:  1h
 ■                                  1% | ETA:  1h
 ■                                  1% | ETA:  1h
 ■                                  1% | ETA:  1h
 ■                                  1% | ETA:  1h
 ■                                  1% | ETA:  1h
 ■                                  1% | ETA:  1h
 ■                                  2% | ETA:  1h
 ■                                  2% | ETA:  1h
 ■■                                 2% | ETA:  1h
 ■■                                 2% | ETA:  1h
 ■■                                 2% | ETA:  1h
 ■■                                 2% | ETA:  1h
 ■■                                 2% | ETA:  1h
 ■■                                 2% | ETA:  1h
 ■■                                 2% | ETA:  1h
 ■■                                 2% | ETA:  1h
 ■■                                 3% | ETA:  1h
 ■■                                 3% | ETA:  1h
 ■■                                 3% | ETA:  1h
 ■■                                 3% | ETA:  1h
 ■■                                 3% | ETA:  1h
 ■■                                 3% | ETA:  1h
 ■■                                 3% | ETA:  1h
 ■■                                 3% | ETA:  1h
 ■■                                 3% | ETA:  1h
 ■■                                 4% | ETA:  1h
 ■■                                 4% | ETA:  1h
 ■■                                 4% | ETA:  1h
 ■■                                 4% | ETA:  1h
 ■■                                 4% | ETA:  1h
 ■■                                 4% | ETA:  1h
 ■■                                 4% | ETA:  1h
 ■■                                 4% | ETA:  1h
 ■■                                 4% | ETA:  1h
 ■■                                 4% | ETA:  1h
 ■■                                 5% | ETA:  1h
 ■■                                 5% | ETA:  1h
 ■■                                 5% | ETA:  1h
 ■■                                 5% | ETA:  1h
 ■■                                 5% | ETA:  1h
 ■■■                                5% | ETA:  1h
 ■■■                                5% | ETA:  1h
 ■■■                                5% | ETA:  1h
 ■■■                                5% | ETA:  1h
 ■■■                                5% | ETA:  1h
 ■■■                                6% | ETA:  1h
 ■■■                                6% | ETA:  1h
 ■■■                                6% | ETA:  1h
 ■■■                                6% | ETA:  1h
 ■■■                                6% | ETA:  1h
 ■■■                                6% | ETA:  1h
 ■■■                                6% | ETA:  1h
 ■■■                                6% | ETA:  1h
 ■■■                                6% | ETA:  1h
 ■■■                                6% | ETA:  1h
 ■■■                                7% | ETA:  1h
 ■■■                                7% | ETA:  1h
 ■■■                                7% | ETA:  1h
 ■■■                                7% | ETA:  1h
 ■■■                                7% | ETA:  1h
 ■■■                                7% | ETA:  1h
 ■■■                                7% | ETA:  1h
 ■■■                                7% | ETA:  1h
 ■■■                                7% | ETA:  1h
 ■■■                                8% | ETA:  1h
 ■■■                                8% | ETA:  1h
 ■■■                                8% | ETA:  1h
 ■■■                                8% | ETA:  1h
 ■■■                                8% | ETA:  1h
 ■■■                                8% | ETA:  1h
 ■■■                                8% | ETA:  1h
 ■■■                                8% | ETA:  1h
 ■■■■                               8% | ETA:  1h
 ■■■■                               8% | ETA:  1h
 ■■■■                               9% | ETA:  1h
 ■■■■                               9% | ETA:  1h
 ■■■■                               9% | ETA:  1h
 ■■■■                               9% | ETA:  1h
 ■■■■                               9% | ETA:  1h
 ■■■■                               9% | ETA:  1h
 ■■■■                               9% | ETA:  1h
 ■■■■                               9% | ETA:  1h
 ■■■■                               9% | ETA:  1h
 ■■■■                               9% | ETA:  1h
 ■■■■                              10% | ETA:  1h
 ■■■■                              10% | ETA:  1h
 ■■■■                              10% | ETA:  1h
 ■■■■                              10% | ETA:  1h
 ■■■■                              10% | ETA:  1h
 ■■■■                              10% | ETA:  1h
 ■■■■                              10% | ETA:  1h
 ■■■■                              10% | ETA:  1h
 ■■■■                              10% | ETA:  1h
 ■■■■                              10% | ETA:  1h
 ■■■■                              11% | ETA:  1h
 ■■■■                              11% | ETA:  1h
 ■■■■                              11% | ETA:  1h
 ■■■■                              11% | ETA:  1h
 ■■■■                              11% | ETA:  1h
 ■■■■                              11% | ETA:  1h
 ■■■■                              11% | ETA:  1h
 ■■■■                              11% | ETA:  1h
 ■■■■                              11% | ETA:  1h
 ■■■■                              12% | ETA:  1h
 ■■■■                              12% | ETA:  1h
 ■■■■■                             12% | ETA:  1h
 ■■■■■                             12% | ETA:  1h
 ■■■■■                             12% | ETA:  1h
 ■■■■■                             12% | ETA:  1h
 ■■■■■                             12% | ETA:  1h
 ■■■■■                             12% | ETA:  1h
 ■■■■■                             12% | ETA:  1h
 ■■■■■                             13% | ETA:  1h
 ■■■■■                             13% | ETA:  1h
 ■■■■■                             13% | ETA:  1h
 ■■■■■                             13% | ETA:  1h
 ■■■■■                             13% | ETA:  1h
 ■■■■■                             13% | ETA:  1h
 ■■■■■                             13% | ETA:  1h
 ■■■■■                             13% | ETA:  1h
 ■■■■■                             13% | ETA:  1h
 ■■■■■                             14% | ETA:  1h
 ■■■■■                             14% | ETA:  1h
 ■■■■■                             14% | ETA:  1h
 ■■■■■                             14% | ETA:  1h
 ■■■■■                             14% | ETA:  1h
 ■■■■■                             14% | ETA:  1h
 ■■■■■                             14% | ETA:  1h
 ■■■■■                             14% | ETA:  1h
 ■■■■■                             14% | ETA:  1h
 ■■■■■                             14% | ETA:  1h
 ■■■■■                             15% | ETA:  1h
 ■■■■■                             15% | ETA:  1h
 ■■■■■                             15% | ETA:  1h
 ■■■■■                             15% | ETA:  1h
 ■■■■■                             15% | ETA:  1h
 ■■■■■■                            15% | ETA:  1h
 ■■■■■■                            15% | ETA:  1h
 ■■■■■■                            15% | ETA:  1h
 ■■■■■■                            15% | ETA:  1h
 ■■■■■■                            15% | ETA:  1h
 ■■■■■■                            16% | ETA:  1h
 ■■■■■■                            16% | ETA:  1h
 ■■■■■■                            16% | ETA:  1h
 ■■■■■■                            16% | ETA:  1h
 ■■■■■■                            16% | ETA:  1h
 ■■■■■■                            16% | ETA:  1h
 ■■■■■■                            16% | ETA:  1h
 ■■■■■■                            16% | ETA:  1h
 ■■■■■■                            16% | ETA:  1h
 ■■■■■■                            16% | ETA:  1h
 ■■■■■■                            17% | ETA:  1h
 ■■■■■■                            17% | ETA:  1h
 ■■■■■■                            17% | ETA:  1h
 ■■■■■■                            17% | ETA:  1h
 ■■■■■■                            17% | ETA:  1h
 ■■■■■■                            17% | ETA:  1h
 ■■■■■■                            17% | ETA:  1h
 ■■■■■■                            17% | ETA:  1h
 ■■■■■■                            17% | ETA:  1h
 ■■■■■■                            17% | ETA:  1h
 ■■■■■■                            18% | ETA:  1h
 ■■■■■■                            18% | ETA:  1h
 ■■■■■■                            18% | ETA:  1h
 ■■■■■■                            18% | ETA:  1h
 ■■■■■■                            18% | ETA:  1h
 ■■■■■■                            18% | ETA:  1h
 ■■■■■■                            18% | ETA:  1h
 ■■■■■■                            18% | ETA:  1h
 ■■■■■■■                           18% | ETA:  1h
 ■■■■■■■                           18% | ETA:  1h
 ■■■■■■■                           19% | ETA:  1h
 ■■■■■■■                           19% | ETA:  1h
 ■■■■■■■                           19% | ETA:  1h
 ■■■■■■■                           19% | ETA:  1h
 ■■■■■■■                           19% | ETA:  1h
 ■■■■■■■                           19% | ETA:  1h
 ■■■■■■■                           19% | ETA:  1h
 ■■■■■■■                           19% | ETA:  1h
 ■■■■■■■                           19% | ETA:  1h
 ■■■■■■■                           19% | ETA:  1h
 ■■■■■■■                           20% | ETA:  1h
 ■■■■■■■                           20% | ETA:  1h
 ■■■■■■■                           20% | ETA:  1h
 ■■■■■■■                           20% | ETA:  1h
 ■■■■■■■                           20% | ETA:  1h
 ■■■■■■■                           20% | ETA:  1h
 ■■■■■■■                           20% | ETA:  1h
 ■■■■■■■                           20% | ETA:  1h
 ■■■■■■■                           20% | ETA:  1h
 ■■■■■■■                           20% | ETA:  1h
 ■■■■■■■                           21% | ETA:  1h
 ■■■■■■■                           21% | ETA:  1h
 ■■■■■■■                           21% | ETA:  1h
 ■■■■■■■                           21% | ETA:  1h
 ■■■■■■■                           21% | ETA:  1h
 ■■■■■■■                           21% | ETA:  1h
 ■■■■■■■                           21% | ETA:  1h
 ■■■■■■■                           21% | ETA:  1h
 ■■■■■■■                           21% | ETA:  1h
 ■■■■■■■                           21% | ETA:  1h
 ■■■■■■■                           22% | ETA:  1h
 ■■■■■■■■                          22% | ETA:  1h
 ■■■■■■■■                          22% | ETA:  1h
 ■■■■■■■■                          22% | ETA:  1h
 ■■■■■■■■                          22% | ETA:  1h
 ■■■■■■■■                          22% | ETA:  1h
 ■■■■■■■■                          22% | ETA:  1h
 ■■■■■■■■                          22% | ETA:  1h
 ■■■■■■■■                          22% | ETA:  1h
 ■■■■■■■■                          23% | ETA:  1h
 ■■■■■■■■                          23% | ETA:  1h
 ■■■■■■■■                          23% | ETA:  1h
 ■■■■■■■■                          23% | ETA:  1h
 ■■■■■■■■                          23% | ETA:  1h
 ■■■■■■■■                          23% | ETA:  1h
 ■■■■■■■■                          23% | ETA:  1h
 ■■■■■■■■                          23% | ETA:  1h
 ■■■■■■■■                          23% | ETA:  1h
 ■■■■■■■■                          23% | ETA:  1h
 ■■■■■■■■                          24% | ETA:  1h
 ■■■■■■■■                          24% | ETA:  1h
 ■■■■■■■■                          24% | ETA:  1h
 ■■■■■■■■                          24% | ETA:  1h
 ■■■■■■■■                          24% | ETA:  1h
 ■■■■■■■■                          24% | ETA:  1h
 ■■■■■■■■                          24% | ETA:  1h
 ■■■■■■■■                          24% | ETA:  1h
 ■■■■■■■■                          24% | ETA:  1h
 ■■■■■■■■                          24% | ETA:  1h
 ■■■■■■■■                          25% | ETA:  1h
 ■■■■■■■■                          25% | ETA:  1h
 ■■■■■■■■                          25% | ETA:  1h
 ■■■■■■■■                          25% | ETA:  1h
 ■■■■■■■■                          25% | ETA:  1h
 ■■■■■■■■■                         25% | ETA:  1h
 ■■■■■■■■■                         25% | ETA:  1h
 ■■■■■■■■■                         25% | ETA:  1h
 ■■■■■■■■■                         25% | ETA:  1h
 ■■■■■■■■■                         25% | ETA:  1h
 ■■■■■■■■■                         26% | ETA:  1h
 ■■■■■■■■■                         26% | ETA:  1h
 ■■■■■■■■■                         26% | ETA:  1h
 ■■■■■■■■■                         26% | ETA:  1h
 ■■■■■■■■■                         26% | ETA:  1h
 ■■■■■■■■■                         26% | ETA:  1h
 ■■■■■■■■■                         26% | ETA:  1h
 ■■■■■■■■■                         26% | ETA:  1h
 ■■■■■■■■■                         26% | ETA:  1h
 ■■■■■■■■■                         26% | ETA:  1h
 ■■■■■■■■■                         27% | ETA:  1h
 ■■■■■■■■■                         27% | ETA:  1h
 ■■■■■■■■■                         27% | ETA:  1h
 ■■■■■■■■■                         27% | ETA:  1h
 ■■■■■■■■■                         27% | ETA:  1h
 ■■■■■■■■■                         27% | ETA:  1h
 ■■■■■■■■■                         27% | ETA:  1h
 ■■■■■■■■■                         27% | ETA:  1h
 ■■■■■■■■■                         27% | ETA:  1h
 ■■■■■■■■■                         27% | ETA:  1h
 ■■■■■■■■■                         28% | ETA:  1h
 ■■■■■■■■■                         28% | ETA:  1h
 ■■■■■■■■■                         28% | ETA:  1h
 ■■■■■■■■■                         28% | ETA:  1h
 ■■■■■■■■■                         28% | ETA:  1h
 ■■■■■■■■■                         28% | ETA:  1h
 ■■■■■■■■■                         28% | ETA:  1h
 ■■■■■■■■■                         28% | ETA:  1h
 ■■■■■■■■■■                        28% | ETA:  1h
 ■■■■■■■■■■                        28% | ETA:  1h
 ■■■■■■■■■■                        29% | ETA:  1h
 ■■■■■■■■■■                        29% | ETA: 50m
 ■■■■■■■■■■                        29% | ETA: 50m
 ■■■■■■■■■■                        29% | ETA: 50m
 ■■■■■■■■■■                        29% | ETA: 50m
 ■■■■■■■■■■                        29% | ETA: 50m
 ■■■■■■■■■■                        29% | ETA: 50m
 ■■■■■■■■■■                        29% | ETA: 50m
 ■■■■■■■■■■                        29% | ETA: 50m
 ■■■■■■■■■■                        29% | ETA: 49m
 ■■■■■■■■■■                        30% | ETA: 49m
 ■■■■■■■■■■                        30% | ETA: 49m
 ■■■■■■■■■■                        30% | ETA: 49m
 ■■■■■■■■■■                        30% | ETA: 49m
 ■■■■■■■■■■                        30% | ETA: 49m
 ■■■■■■■■■■                        30% | ETA: 49m
 ■■■■■■■■■■                        30% | ETA: 49m
 ■■■■■■■■■■                        30% | ETA: 49m
 ■■■■■■■■■■                        30% | ETA: 49m
 ■■■■■■■■■■                        30% | ETA: 49m
 ■■■■■■■■■■                        31% | ETA: 49m
 ■■■■■■■■■■                        31% | ETA: 49m
 ■■■■■■■■■■                        31% | ETA: 49m
 ■■■■■■■■■■                        31% | ETA: 49m
 ■■■■■■■■■■                        31% | ETA: 49m
 ■■■■■■■■■■                        31% | ETA: 48m
 ■■■■■■■■■■                        31% | ETA: 48m
 ■■■■■■■■■■                        31% | ETA: 48m
 ■■■■■■■■■■                        31% | ETA: 48m
 ■■■■■■■■■■                        31% | ETA: 48m
 ■■■■■■■■■■                        32% | ETA: 48m
 ■■■■■■■■■■■                       32% | ETA: 48m
 ■■■■■■■■■■■                       32% | ETA: 48m
 ■■■■■■■■■■■                       32% | ETA: 48m
 ■■■■■■■■■■■                       32% | ETA: 48m
 ■■■■■■■■■■■                       32% | ETA: 48m
 ■■■■■■■■■■■                       32% | ETA: 48m
 ■■■■■■■■■■■                       32% | ETA: 48m
 ■■■■■■■■■■■                       32% | ETA: 48m
 ■■■■■■■■■■■                       32% | ETA: 48m
 ■■■■■■■■■■■                       33% | ETA: 47m
 ■■■■■■■■■■■                       33% | ETA: 47m
 ■■■■■■■■■■■                       33% | ETA: 47m
 ■■■■■■■■■■■                       33% | ETA: 47m
 ■■■■■■■■■■■                       33% | ETA: 47m
 ■■■■■■■■■■■                       33% | ETA: 47m
 ■■■■■■■■■■■                       33% | ETA: 47m
 ■■■■■■■■■■■                       33% | ETA: 47m
 ■■■■■■■■■■■                       33% | ETA: 47m
 ■■■■■■■■■■■                       34% | ETA: 47m
 ■■■■■■■■■■■                       34% | ETA: 47m
 ■■■■■■■■■■■                       34% | ETA: 47m
 ■■■■■■■■■■■                       34% | ETA: 47m
 ■■■■■■■■■■■                       34% | ETA: 47m
 ■■■■■■■■■■■                       34% | ETA: 46m
 ■■■■■■■■■■■                       34% | ETA: 46m
 ■■■■■■■■■■■                       34% | ETA: 46m
 ■■■■■■■■■■■                       34% | ETA: 46m
 ■■■■■■■■■■■                       35% | ETA: 46m
 ■■■■■■■■■■■                       35% | ETA: 46m
 ■■■■■■■■■■■                       35% | ETA: 46m
 ■■■■■■■■■■■                       35% | ETA: 46m
 ■■■■■■■■■■■                       35% | ETA: 46m
 ■■■■■■■■■■■■                      35% | ETA: 46m
 ■■■■■■■■■■■■                      35% | ETA: 46m
 ■■■■■■■■■■■■                      35% | ETA: 45m
 ■■■■■■■■■■■■                      35% | ETA: 45m
 ■■■■■■■■■■■■                      36% | ETA: 45m
 ■■■■■■■■■■■■                      36% | ETA: 45m
 ■■■■■■■■■■■■                      36% | ETA: 45m
 ■■■■■■■■■■■■                      36% | ETA: 45m
 ■■■■■■■■■■■■                      36% | ETA: 45m
 ■■■■■■■■■■■■                      36% | ETA: 45m
 ■■■■■■■■■■■■                      36% | ETA: 45m
 ■■■■■■■■■■■■                      36% | ETA: 45m
 ■■■■■■■■■■■■                      36% | ETA: 44m
 ■■■■■■■■■■■■                      37% | ETA: 44m
 ■■■■■■■■■■■■                      37% | ETA: 44m
 ■■■■■■■■■■■■                      37% | ETA: 44m
 ■■■■■■■■■■■■                      37% | ETA: 44m
 ■■■■■■■■■■■■                      37% | ETA: 44m
 ■■■■■■■■■■■■                      37% | ETA: 44m
 ■■■■■■■■■■■■                      37% | ETA: 44m
 ■■■■■■■■■■■■                      37% | ETA: 44m
 ■■■■■■■■■■■■                      37% | ETA: 44m
 ■■■■■■■■■■■■                      37% | ETA: 44m
 ■■■■■■■■■■■■                      38% | ETA: 44m
 ■■■■■■■■■■■■                      38% | ETA: 44m
 ■■■■■■■■■■■■                      38% | ETA: 44m
 ■■■■■■■■■■■■                      38% | ETA: 44m
 ■■■■■■■■■■■■                      38% | ETA: 43m
 ■■■■■■■■■■■■                      38% | ETA: 43m
 ■■■■■■■■■■■■                      38% | ETA: 43m
 ■■■■■■■■■■■■                      38% | ETA: 43m
 ■■■■■■■■■■■■■                     38% | ETA: 43m
 ■■■■■■■■■■■■■                     38% | ETA: 43m
 ■■■■■■■■■■■■■                     39% | ETA: 43m
 ■■■■■■■■■■■■■                     39% | ETA: 43m
 ■■■■■■■■■■■■■                     39% | ETA: 43m
 ■■■■■■■■■■■■■                     39% | ETA: 43m
 ■■■■■■■■■■■■■                     39% | ETA: 42m
 ■■■■■■■■■■■■■                     39% | ETA: 42m
 ■■■■■■■■■■■■■                     39% | ETA: 42m
 ■■■■■■■■■■■■■                     39% | ETA: 42m
 ■■■■■■■■■■■■■                     39% | ETA: 42m
 ■■■■■■■■■■■■■                     40% | ETA: 42m
 ■■■■■■■■■■■■■                     40% | ETA: 42m
 ■■■■■■■■■■■■■                     40% | ETA: 42m
 ■■■■■■■■■■■■■                     40% | ETA: 42m
 ■■■■■■■■■■■■■                     40% | ETA: 42m
 ■■■■■■■■■■■■■                     40% | ETA: 42m
 ■■■■■■■■■■■■■                     40% | ETA: 42m
 ■■■■■■■■■■■■■                     40% | ETA: 42m
 ■■■■■■■■■■■■■                     40% | ETA: 41m
 ■■■■■■■■■■■■■                     40% | ETA: 41m
 ■■■■■■■■■■■■■                     41% | ETA: 41m
 ■■■■■■■■■■■■■                     41% | ETA: 41m
 ■■■■■■■■■■■■■                     41% | ETA: 41m
 ■■■■■■■■■■■■■                     41% | ETA: 41m
 ■■■■■■■■■■■■■                     41% | ETA: 41m
 ■■■■■■■■■■■■■                     41% | ETA: 41m
 ■■■■■■■■■■■■■                     41% | ETA: 41m
 ■■■■■■■■■■■■■                     41% | ETA: 41m
 ■■■■■■■■■■■■■                     41% | ETA: 41m
 ■■■■■■■■■■■■■                     42% | ETA: 41m
 ■■■■■■■■■■■■■■                    42% | ETA: 41m
 ■■■■■■■■■■■■■■                    42% | ETA: 40m
 ■■■■■■■■■■■■■■                    42% | ETA: 40m
 ■■■■■■■■■■■■■■                    42% | ETA: 40m
 ■■■■■■■■■■■■■■                    42% | ETA: 40m
 ■■■■■■■■■■■■■■                    42% | ETA: 40m
 ■■■■■■■■■■■■■■                    42% | ETA: 40m
 ■■■■■■■■■■■■■■                    42% | ETA: 40m
 ■■■■■■■■■■■■■■                    42% | ETA: 40m
 ■■■■■■■■■■■■■■                    43% | ETA: 40m
 ■■■■■■■■■■■■■■                    43% | ETA: 40m
 ■■■■■■■■■■■■■■                    43% | ETA: 40m
 ■■■■■■■■■■■■■■                    43% | ETA: 40m
 ■■■■■■■■■■■■■■                    43% | ETA: 40m
 ■■■■■■■■■■■■■■                    43% | ETA: 40m
 ■■■■■■■■■■■■■■                    43% | ETA: 40m
 ■■■■■■■■■■■■■■                    43% | ETA: 40m
 ■■■■■■■■■■■■■■                    43% | ETA: 39m
 ■■■■■■■■■■■■■■                    43% | ETA: 39m
 ■■■■■■■■■■■■■■                    44% | ETA: 39m
 ■■■■■■■■■■■■■■                    44% | ETA: 39m
 ■■■■■■■■■■■■■■                    44% | ETA: 39m
 ■■■■■■■■■■■■■■                    44% | ETA: 39m
 ■■■■■■■■■■■■■■                    44% | ETA: 39m
 ■■■■■■■■■■■■■■                    44% | ETA: 39m
 ■■■■■■■■■■■■■■                    44% | ETA: 39m
 ■■■■■■■■■■■■■■                    44% | ETA: 39m
 ■■■■■■■■■■■■■■                    44% | ETA: 39m
 ■■■■■■■■■■■■■■                    45% | ETA: 39m
 ■■■■■■■■■■■■■■                    45% | ETA: 39m
 ■■■■■■■■■■■■■■                    45% | ETA: 38m
 ■■■■■■■■■■■■■■                    45% | ETA: 38m
 ■■■■■■■■■■■■■■                    45% | ETA: 38m
 ■■■■■■■■■■■■■■■                   45% | ETA: 38m
 ■■■■■■■■■■■■■■■                   45% | ETA: 38m
 ■■■■■■■■■■■■■■■                   45% | ETA: 38m
 ■■■■■■■■■■■■■■■                   45% | ETA: 38m
 ■■■■■■■■■■■■■■■                   45% | ETA: 38m
 ■■■■■■■■■■■■■■■                   46% | ETA: 38m
 ■■■■■■■■■■■■■■■                   46% | ETA: 38m
 ■■■■■■■■■■■■■■■                   46% | ETA: 38m
 ■■■■■■■■■■■■■■■                   46% | ETA: 38m
 ■■■■■■■■■■■■■■■                   46% | ETA: 38m
 ■■■■■■■■■■■■■■■                   46% | ETA: 38m
 ■■■■■■■■■■■■■■■                   46% | ETA: 37m
 ■■■■■■■■■■■■■■■                   46% | ETA: 37m
 ■■■■■■■■■■■■■■■                   46% | ETA: 37m
 ■■■■■■■■■■■■■■■                   46% | ETA: 37m
 ■■■■■■■■■■■■■■■                   47% | ETA: 37m
 ■■■■■■■■■■■■■■■                   47% | ETA: 37m
 ■■■■■■■■■■■■■■■                   47% | ETA: 37m
 ■■■■■■■■■■■■■■■                   47% | ETA: 37m
 ■■■■■■■■■■■■■■■                   47% | ETA: 37m
 ■■■■■■■■■■■■■■■                   47% | ETA: 37m
 ■■■■■■■■■■■■■■■                   47% | ETA: 37m
 ■■■■■■■■■■■■■■■                   47% | ETA: 37m
 ■■■■■■■■■■■■■■■                   47% | ETA: 37m
 ■■■■■■■■■■■■■■■                   47% | ETA: 37m
 ■■■■■■■■■■■■■■■                   48% | ETA: 37m
 ■■■■■■■■■■■■■■■                   48% | ETA: 36m
 ■■■■■■■■■■■■■■■                   48% | ETA: 36m
 ■■■■■■■■■■■■■■■                   48% | ETA: 36m
 ■■■■■■■■■■■■■■■                   48% | ETA: 36m
 ■■■■■■■■■■■■■■■                   48% | ETA: 36m
 ■■■■■■■■■■■■■■■                   48% | ETA: 36m
 ■■■■■■■■■■■■■■■                   48% | ETA: 36m
 ■■■■■■■■■■■■■■■■                  48% | ETA: 36m
 ■■■■■■■■■■■■■■■■                  48% | ETA: 36m
 ■■■■■■■■■■■■■■■■                  49% | ETA: 36m
 ■■■■■■■■■■■■■■■■                  49% | ETA: 36m
 ■■■■■■■■■■■■■■■■                  49% | ETA: 36m
 ■■■■■■■■■■■■■■■■                  49% | ETA: 36m
 ■■■■■■■■■■■■■■■■                  49% | ETA: 35m
 ■■■■■■■■■■■■■■■■                  49% | ETA: 35m
 ■■■■■■■■■■■■■■■■                  49% | ETA: 35m
 ■■■■■■■■■■■■■■■■                  49% | ETA: 35m
 ■■■■■■■■■■■■■■■■                  49% | ETA: 35m
 ■■■■■■■■■■■■■■■■                  49% | ETA: 35m
 ■■■■■■■■■■■■■■■■                  50% | ETA: 35m
 ■■■■■■■■■■■■■■■■                  50% | ETA: 35m
 ■■■■■■■■■■■■■■■■                  50% | ETA: 35m
 ■■■■■■■■■■■■■■■■                  50% | ETA: 35m
 ■■■■■■■■■■■■■■■■                  50% | ETA: 35m
 ■■■■■■■■■■■■■■■■                  50% | ETA: 35m
 ■■■■■■■■■■■■■■■■                  50% | ETA: 35m
 ■■■■■■■■■■■■■■■■                  50% | ETA: 35m
 ■■■■■■■■■■■■■■■■                  50% | ETA: 34m
 ■■■■■■■■■■■■■■■■                  50% | ETA: 34m
 ■■■■■■■■■■■■■■■■                  51% | ETA: 34m
 ■■■■■■■■■■■■■■■■                  51% | ETA: 34m
 ■■■■■■■■■■■■■■■■                  51% | ETA: 34m
 ■■■■■■■■■■■■■■■■                  51% | ETA: 34m
 ■■■■■■■■■■■■■■■■                  51% | ETA: 34m
 ■■■■■■■■■■■■■■■■                  51% | ETA: 34m
 ■■■■■■■■■■■■■■■■                  51% | ETA: 34m
 ■■■■■■■■■■■■■■■■                  51% | ETA: 34m
 ■■■■■■■■■■■■■■■■                  51% | ETA: 34m
 ■■■■■■■■■■■■■■■■                  51% | ETA: 34m
 ■■■■■■■■■■■■■■■■                  52% | ETA: 34m
 ■■■■■■■■■■■■■■■■                  52% | ETA: 34m
 ■■■■■■■■■■■■■■■■■                 52% | ETA: 33m
 ■■■■■■■■■■■■■■■■■                 52% | ETA: 33m
 ■■■■■■■■■■■■■■■■■                 52% | ETA: 33m
 ■■■■■■■■■■■■■■■■■                 52% | ETA: 33m
 ■■■■■■■■■■■■■■■■■                 52% | ETA: 33m
 ■■■■■■■■■■■■■■■■■                 52% | ETA: 33m
 ■■■■■■■■■■■■■■■■■                 52% | ETA: 33m
 ■■■■■■■■■■■■■■■■■                 52% | ETA: 33m
 ■■■■■■■■■■■■■■■■■                 53% | ETA: 33m
 ■■■■■■■■■■■■■■■■■                 53% | ETA: 33m
 ■■■■■■■■■■■■■■■■■                 53% | ETA: 33m
 ■■■■■■■■■■■■■■■■■                 53% | ETA: 33m
 ■■■■■■■■■■■■■■■■■                 53% | ETA: 33m
 ■■■■■■■■■■■■■■■■■                 53% | ETA: 33m
 ■■■■■■■■■■■■■■■■■                 53% | ETA: 32m
 ■■■■■■■■■■■■■■■■■                 53% | ETA: 32m
 ■■■■■■■■■■■■■■■■■                 53% | ETA: 32m
 ■■■■■■■■■■■■■■■■■                 53% | ETA: 32m
 ■■■■■■■■■■■■■■■■■                 54% | ETA: 32m
 ■■■■■■■■■■■■■■■■■                 54% | ETA: 32m
 ■■■■■■■■■■■■■■■■■                 54% | ETA: 32m
 ■■■■■■■■■■■■■■■■■                 54% | ETA: 32m
 ■■■■■■■■■■■■■■■■■                 54% | ETA: 32m
 ■■■■■■■■■■■■■■■■■                 54% | ETA: 32m
 ■■■■■■■■■■■■■■■■■                 54% | ETA: 32m
 ■■■■■■■■■■■■■■■■■                 54% | ETA: 32m
 ■■■■■■■■■■■■■■■■■                 54% | ETA: 32m
 ■■■■■■■■■■■■■■■■■                 55% | ETA: 31m
 ■■■■■■■■■■■■■■■■■                 55% | ETA: 31m
 ■■■■■■■■■■■■■■■■■                 55% | ETA: 31m
 ■■■■■■■■■■■■■■■■■                 55% | ETA: 31m
 ■■■■■■■■■■■■■■■■■                 55% | ETA: 31m
 ■■■■■■■■■■■■■■■■■■                55% | ETA: 31m
 ■■■■■■■■■■■■■■■■■■                55% | ETA: 31m
 ■■■■■■■■■■■■■■■■■■                55% | ETA: 31m
 ■■■■■■■■■■■■■■■■■■                55% | ETA: 31m
 ■■■■■■■■■■■■■■■■■■                55% | ETA: 31m
 ■■■■■■■■■■■■■■■■■■                56% | ETA: 31m
 ■■■■■■■■■■■■■■■■■■                56% | ETA: 31m
 ■■■■■■■■■■■■■■■■■■                56% | ETA: 31m
 ■■■■■■■■■■■■■■■■■■                56% | ETA: 31m
 ■■■■■■■■■■■■■■■■■■                56% | ETA: 30m
 ■■■■■■■■■■■■■■■■■■                56% | ETA: 30m
 ■■■■■■■■■■■■■■■■■■                56% | ETA: 30m
 ■■■■■■■■■■■■■■■■■■                56% | ETA: 30m
 ■■■■■■■■■■■■■■■■■■                57% | ETA: 30m
 ■■■■■■■■■■■■■■■■■■                57% | ETA: 30m
 ■■■■■■■■■■■■■■■■■■                57% | ETA: 30m
 ■■■■■■■■■■■■■■■■■■                57% | ETA: 30m
 ■■■■■■■■■■■■■■■■■■                57% | ETA: 30m
 ■■■■■■■■■■■■■■■■■■                57% | ETA: 30m
 ■■■■■■■■■■■■■■■■■■                57% | ETA: 30m
 ■■■■■■■■■■■■■■■■■■                57% | ETA: 30m
 ■■■■■■■■■■■■■■■■■■                57% | ETA: 30m
 ■■■■■■■■■■■■■■■■■■                57% | ETA: 30m
 ■■■■■■■■■■■■■■■■■■                58% | ETA: 29m
 ■■■■■■■■■■■■■■■■■■                58% | ETA: 29m
 ■■■■■■■■■■■■■■■■■■                58% | ETA: 29m
 ■■■■■■■■■■■■■■■■■■                58% | ETA: 29m
 ■■■■■■■■■■■■■■■■■■                58% | ETA: 29m
 ■■■■■■■■■■■■■■■■■■                58% | ETA: 29m
 ■■■■■■■■■■■■■■■■■■                58% | ETA: 29m
 ■■■■■■■■■■■■■■■■■■                58% | ETA: 29m
 ■■■■■■■■■■■■■■■■■■                58% | ETA: 29m
 ■■■■■■■■■■■■■■■■■■■               58% | ETA: 29m
 ■■■■■■■■■■■■■■■■■■■               59% | ETA: 29m
 ■■■■■■■■■■■■■■■■■■■               59% | ETA: 29m
 ■■■■■■■■■■■■■■■■■■■               59% | ETA: 29m
 ■■■■■■■■■■■■■■■■■■■               59% | ETA: 29m
 ■■■■■■■■■■■■■■■■■■■               59% | ETA: 29m
 ■■■■■■■■■■■■■■■■■■■               59% | ETA: 28m
 ■■■■■■■■■■■■■■■■■■■               59% | ETA: 28m
 ■■■■■■■■■■■■■■■■■■■               59% | ETA: 28m
 ■■■■■■■■■■■■■■■■■■■               59% | ETA: 28m
 ■■■■■■■■■■■■■■■■■■■               60% | ETA: 28m
 ■■■■■■■■■■■■■■■■■■■               60% | ETA: 28m
 ■■■■■■■■■■■■■■■■■■■               60% | ETA: 28m
 ■■■■■■■■■■■■■■■■■■■               60% | ETA: 28m
 ■■■■■■■■■■■■■■■■■■■               60% | ETA: 28m
 ■■■■■■■■■■■■■■■■■■■               60% | ETA: 28m
 ■■■■■■■■■■■■■■■■■■■               60% | ETA: 28m
 ■■■■■■■■■■■■■■■■■■■               60% | ETA: 28m
 ■■■■■■■■■■■■■■■■■■■               60% | ETA: 27m
 ■■■■■■■■■■■■■■■■■■■               61% | ETA: 27m
 ■■■■■■■■■■■■■■■■■■■               61% | ETA: 27m
 ■■■■■■■■■■■■■■■■■■■               61% | ETA: 27m
 ■■■■■■■■■■■■■■■■■■■               61% | ETA: 27m
 ■■■■■■■■■■■■■■■■■■■               61% | ETA: 27m
 ■■■■■■■■■■■■■■■■■■■               61% | ETA: 27m
 ■■■■■■■■■■■■■■■■■■■               61% | ETA: 27m
 ■■■■■■■■■■■■■■■■■■■               61% | ETA: 27m
 ■■■■■■■■■■■■■■■■■■■               61% | ETA: 27m
 ■■■■■■■■■■■■■■■■■■■               62% | ETA: 27m
 ■■■■■■■■■■■■■■■■■■■               62% | ETA: 26m
 ■■■■■■■■■■■■■■■■■■■■              62% | ETA: 26m
 ■■■■■■■■■■■■■■■■■■■■              62% | ETA: 26m
 ■■■■■■■■■■■■■■■■■■■■              62% | ETA: 26m
 ■■■■■■■■■■■■■■■■■■■■              62% | ETA: 26m
 ■■■■■■■■■■■■■■■■■■■■              62% | ETA: 26m
 ■■■■■■■■■■■■■■■■■■■■              62% | ETA: 26m
 ■■■■■■■■■■■■■■■■■■■■              62% | ETA: 26m
 ■■■■■■■■■■■■■■■■■■■■              62% | ETA: 26m
 ■■■■■■■■■■■■■■■■■■■■              63% | ETA: 26m
 ■■■■■■■■■■■■■■■■■■■■              63% | ETA: 26m
 ■■■■■■■■■■■■■■■■■■■■              63% | ETA: 26m
 ■■■■■■■■■■■■■■■■■■■■              63% | ETA: 26m
 ■■■■■■■■■■■■■■■■■■■■              63% | ETA: 26m
 ■■■■■■■■■■■■■■■■■■■■              63% | ETA: 25m
 ■■■■■■■■■■■■■■■■■■■■              63% | ETA: 25m
 ■■■■■■■■■■■■■■■■■■■■              63% | ETA: 25m
 ■■■■■■■■■■■■■■■■■■■■              63% | ETA: 25m
 ■■■■■■■■■■■■■■■■■■■■              63% | ETA: 25m
 ■■■■■■■■■■■■■■■■■■■■              64% | ETA: 25m
 ■■■■■■■■■■■■■■■■■■■■              64% | ETA: 25m
 ■■■■■■■■■■■■■■■■■■■■              64% | ETA: 25m
 ■■■■■■■■■■■■■■■■■■■■              64% | ETA: 25m
 ■■■■■■■■■■■■■■■■■■■■              64% | ETA: 25m
 ■■■■■■■■■■■■■■■■■■■■              64% | ETA: 25m
 ■■■■■■■■■■■■■■■■■■■■              64% | ETA: 25m
 ■■■■■■■■■■■■■■■■■■■■              64% | ETA: 25m
 ■■■■■■■■■■■■■■■■■■■■              64% | ETA: 24m
 ■■■■■■■■■■■■■■■■■■■■              65% | ETA: 24m
 ■■■■■■■■■■■■■■■■■■■■              65% | ETA: 24m
 ■■■■■■■■■■■■■■■■■■■■              65% | ETA: 24m
 ■■■■■■■■■■■■■■■■■■■■■             65% | ETA: 24m
 ■■■■■■■■■■■■■■■■■■■■■             65% | ETA: 24m
 ■■■■■■■■■■■■■■■■■■■■■             65% | ETA: 24m
 ■■■■■■■■■■■■■■■■■■■■■             65% | ETA: 24m
 ■■■■■■■■■■■■■■■■■■■■■             65% | ETA: 24m
 ■■■■■■■■■■■■■■■■■■■■■             66% | ETA: 24m
 ■■■■■■■■■■■■■■■■■■■■■             66% | ETA: 24m
 ■■■■■■■■■■■■■■■■■■■■■             66% | ETA: 23m
 ■■■■■■■■■■■■■■■■■■■■■             66% | ETA: 23m
 ■■■■■■■■■■■■■■■■■■■■■             66% | ETA: 23m
 ■■■■■■■■■■■■■■■■■■■■■             66% | ETA: 23m
 ■■■■■■■■■■■■■■■■■■■■■             66% | ETA: 23m
 ■■■■■■■■■■■■■■■■■■■■■             66% | ETA: 23m
 ■■■■■■■■■■■■■■■■■■■■■             66% | ETA: 23m
 ■■■■■■■■■■■■■■■■■■■■■             66% | ETA: 23m
 ■■■■■■■■■■■■■■■■■■■■■             67% | ETA: 23m
 ■■■■■■■■■■■■■■■■■■■■■             67% | ETA: 23m
 ■■■■■■■■■■■■■■■■■■■■■             67% | ETA: 23m
 ■■■■■■■■■■■■■■■■■■■■■             67% | ETA: 23m
 ■■■■■■■■■■■■■■■■■■■■■             67% | ETA: 23m
 ■■■■■■■■■■■■■■■■■■■■■             67% | ETA: 22m
 ■■■■■■■■■■■■■■■■■■■■■             67% | ETA: 22m
 ■■■■■■■■■■■■■■■■■■■■■             67% | ETA: 22m
 ■■■■■■■■■■■■■■■■■■■■■             68% | ETA: 22m
 ■■■■■■■■■■■■■■■■■■■■■             68% | ETA: 22m
 ■■■■■■■■■■■■■■■■■■■■■             68% | ETA: 22m
 ■■■■■■■■■■■■■■■■■■■■■             68% | ETA: 22m
 ■■■■■■■■■■■■■■■■■■■■■             68% | ETA: 22m
 ■■■■■■■■■■■■■■■■■■■■■             68% | ETA: 22m
 ■■■■■■■■■■■■■■■■■■■■■             68% | ETA: 22m
 ■■■■■■■■■■■■■■■■■■■■■             68% | ETA: 22m
 ■■■■■■■■■■■■■■■■■■■■■             68% | ETA: 22m
 ■■■■■■■■■■■■■■■■■■■■■■            68% | ETA: 22m
 ■■■■■■■■■■■■■■■■■■■■■■            69% | ETA: 22m
 ■■■■■■■■■■■■■■■■■■■■■■            69% | ETA: 21m
 ■■■■■■■■■■■■■■■■■■■■■■            69% | ETA: 21m
 ■■■■■■■■■■■■■■■■■■■■■■            69% | ETA: 21m
 ■■■■■■■■■■■■■■■■■■■■■■            69% | ETA: 21m
 ■■■■■■■■■■■■■■■■■■■■■■            69% | ETA: 21m
 ■■■■■■■■■■■■■■■■■■■■■■            69% | ETA: 21m
 ■■■■■■■■■■■■■■■■■■■■■■            69% | ETA: 21m
 ■■■■■■■■■■■■■■■■■■■■■■            69% | ETA: 21m
 ■■■■■■■■■■■■■■■■■■■■■■            69% | ETA: 21m
 ■■■■■■■■■■■■■■■■■■■■■■            70% | ETA: 21m
 ■■■■■■■■■■■■■■■■■■■■■■            70% | ETA: 21m
 ■■■■■■■■■■■■■■■■■■■■■■            70% | ETA: 21m
 ■■■■■■■■■■■■■■■■■■■■■■            70% | ETA: 21m
 ■■■■■■■■■■■■■■■■■■■■■■            70% | ETA: 20m
 ■■■■■■■■■■■■■■■■■■■■■■            70% | ETA: 20m
 ■■■■■■■■■■■■■■■■■■■■■■            70% | ETA: 20m
 ■■■■■■■■■■■■■■■■■■■■■■            70% | ETA: 20m
 ■■■■■■■■■■■■■■■■■■■■■■            70% | ETA: 20m
 ■■■■■■■■■■■■■■■■■■■■■■            71% | ETA: 20m
 ■■■■■■■■■■■■■■■■■■■■■■            71% | ETA: 20m
 ■■■■■■■■■■■■■■■■■■■■■■            71% | ETA: 20m
 ■■■■■■■■■■■■■■■■■■■■■■            71% | ETA: 20m
 ■■■■■■■■■■■■■■■■■■■■■■            71% | ETA: 20m
 ■■■■■■■■■■■■■■■■■■■■■■            71% | ETA: 20m
 ■■■■■■■■■■■■■■■■■■■■■■            71% | ETA: 20m
 ■■■■■■■■■■■■■■■■■■■■■■            71% | ETA: 19m
 ■■■■■■■■■■■■■■■■■■■■■■            71% | ETA: 19m
 ■■■■■■■■■■■■■■■■■■■■■■            72% | ETA: 19m
 ■■■■■■■■■■■■■■■■■■■■■■            72% | ETA: 19m
 ■■■■■■■■■■■■■■■■■■■■■■■           72% | ETA: 19m
 ■■■■■■■■■■■■■■■■■■■■■■■           72% | ETA: 19m
 ■■■■■■■■■■■■■■■■■■■■■■■           72% | ETA: 19m
 ■■■■■■■■■■■■■■■■■■■■■■■           72% | ETA: 19m
 ■■■■■■■■■■■■■■■■■■■■■■■           72% | ETA: 19m
 ■■■■■■■■■■■■■■■■■■■■■■■           72% | ETA: 19m
 ■■■■■■■■■■■■■■■■■■■■■■■           72% | ETA: 19m
 ■■■■■■■■■■■■■■■■■■■■■■■           72% | ETA: 19m
 ■■■■■■■■■■■■■■■■■■■■■■■           73% | ETA: 19m
 ■■■■■■■■■■■■■■■■■■■■■■■           73% | ETA: 19m
 ■■■■■■■■■■■■■■■■■■■■■■■           73% | ETA: 18m
 ■■■■■■■■■■■■■■■■■■■■■■■           73% | ETA: 18m
 ■■■■■■■■■■■■■■■■■■■■■■■           73% | ETA: 18m
 ■■■■■■■■■■■■■■■■■■■■■■■           73% | ETA: 18m
 ■■■■■■■■■■■■■■■■■■■■■■■           73% | ETA: 18m
 ■■■■■■■■■■■■■■■■■■■■■■■           73% | ETA: 18m
 ■■■■■■■■■■■■■■■■■■■■■■■           73% | ETA: 18m
 ■■■■■■■■■■■■■■■■■■■■■■■           73% | ETA: 18m
 ■■■■■■■■■■■■■■■■■■■■■■■           74% | ETA: 18m
 ■■■■■■■■■■■■■■■■■■■■■■■           74% | ETA: 18m
 ■■■■■■■■■■■■■■■■■■■■■■■           74% | ETA: 18m
 ■■■■■■■■■■■■■■■■■■■■■■■           74% | ETA: 18m
 ■■■■■■■■■■■■■■■■■■■■■■■           74% | ETA: 18m
 ■■■■■■■■■■■■■■■■■■■■■■■           74% | ETA: 18m
 ■■■■■■■■■■■■■■■■■■■■■■■           74% | ETA: 18m
 ■■■■■■■■■■■■■■■■■■■■■■■           74% | ETA: 17m
 ■■■■■■■■■■■■■■■■■■■■■■■           74% | ETA: 17m
 ■■■■■■■■■■■■■■■■■■■■■■■           74% | ETA: 17m
 ■■■■■■■■■■■■■■■■■■■■■■■           75% | ETA: 17m
 ■■■■■■■■■■■■■■■■■■■■■■■           75% | ETA: 17m
 ■■■■■■■■■■■■■■■■■■■■■■■           75% | ETA: 17m
 ■■■■■■■■■■■■■■■■■■■■■■■           75% | ETA: 17m
 ■■■■■■■■■■■■■■■■■■■■■■■           75% | ETA: 17m
 ■■■■■■■■■■■■■■■■■■■■■■■■          75% | ETA: 17m
 ■■■■■■■■■■■■■■■■■■■■■■■■          75% | ETA: 17m
 ■■■■■■■■■■■■■■■■■■■■■■■■          75% | ETA: 17m
 ■■■■■■■■■■■■■■■■■■■■■■■■          75% | ETA: 17m
 ■■■■■■■■■■■■■■■■■■■■■■■■          76% | ETA: 16m
 ■■■■■■■■■■■■■■■■■■■■■■■■          76% | ETA: 16m
 ■■■■■■■■■■■■■■■■■■■■■■■■          76% | ETA: 16m
 ■■■■■■■■■■■■■■■■■■■■■■■■          76% | ETA: 16m
 ■■■■■■■■■■■■■■■■■■■■■■■■          76% | ETA: 16m
 ■■■■■■■■■■■■■■■■■■■■■■■■          76% | ETA: 16m
 ■■■■■■■■■■■■■■■■■■■■■■■■          76% | ETA: 16m
 ■■■■■■■■■■■■■■■■■■■■■■■■          76% | ETA: 16m
 ■■■■■■■■■■■■■■■■■■■■■■■■          76% | ETA: 16m
 ■■■■■■■■■■■■■■■■■■■■■■■■          77% | ETA: 16m
 ■■■■■■■■■■■■■■■■■■■■■■■■          77% | ETA: 16m
 ■■■■■■■■■■■■■■■■■■■■■■■■          77% | ETA: 16m
 ■■■■■■■■■■■■■■■■■■■■■■■■          77% | ETA: 16m
 ■■■■■■■■■■■■■■■■■■■■■■■■          77% | ETA: 16m
 ■■■■■■■■■■■■■■■■■■■■■■■■          77% | ETA: 16m
 ■■■■■■■■■■■■■■■■■■■■■■■■          77% | ETA: 15m
 ■■■■■■■■■■■■■■■■■■■■■■■■          77% | ETA: 15m
 ■■■■■■■■■■■■■■■■■■■■■■■■          77% | ETA: 15m
 ■■■■■■■■■■■■■■■■■■■■■■■■          77% | ETA: 15m
 ■■■■■■■■■■■■■■■■■■■■■■■■          78% | ETA: 15m
 ■■■■■■■■■■■■■■■■■■■■■■■■          78% | ETA: 15m
 ■■■■■■■■■■■■■■■■■■■■■■■■          78% | ETA: 15m
 ■■■■■■■■■■■■■■■■■■■■■■■■          78% | ETA: 15m
 ■■■■■■■■■■■■■■■■■■■■■■■■          78% | ETA: 15m
 ■■■■■■■■■■■■■■■■■■■■■■■■          78% | ETA: 15m
 ■■■■■■■■■■■■■■■■■■■■■■■■          78% | ETA: 15m
 ■■■■■■■■■■■■■■■■■■■■■■■■          78% | ETA: 15m
 ■■■■■■■■■■■■■■■■■■■■■■■■■         78% | ETA: 15m
 ■■■■■■■■■■■■■■■■■■■■■■■■■         79% | ETA: 15m
 ■■■■■■■■■■■■■■■■■■■■■■■■■         79% | ETA: 14m
 ■■■■■■■■■■■■■■■■■■■■■■■■■         79% | ETA: 14m
 ■■■■■■■■■■■■■■■■■■■■■■■■■         79% | ETA: 14m
 ■■■■■■■■■■■■■■■■■■■■■■■■■         79% | ETA: 14m
 ■■■■■■■■■■■■■■■■■■■■■■■■■         79% | ETA: 14m
 ■■■■■■■■■■■■■■■■■■■■■■■■■         79% | ETA: 14m
 ■■■■■■■■■■■■■■■■■■■■■■■■■         79% | ETA: 14m
 ■■■■■■■■■■■■■■■■■■■■■■■■■         79% | ETA: 14m
 ■■■■■■■■■■■■■■■■■■■■■■■■■         79% | ETA: 14m
 ■■■■■■■■■■■■■■■■■■■■■■■■■         80% | ETA: 14m
 ■■■■■■■■■■■■■■■■■■■■■■■■■         80% | ETA: 14m
 ■■■■■■■■■■■■■■■■■■■■■■■■■         80% | ETA: 14m
 ■■■■■■■■■■■■■■■■■■■■■■■■■         80% | ETA: 14m
 ■■■■■■■■■■■■■■■■■■■■■■■■■         80% | ETA: 14m
 ■■■■■■■■■■■■■■■■■■■■■■■■■         80% | ETA: 14m
 ■■■■■■■■■■■■■■■■■■■■■■■■■         80% | ETA: 13m
 ■■■■■■■■■■■■■■■■■■■■■■■■■         80% | ETA: 13m
 ■■■■■■■■■■■■■■■■■■■■■■■■■         80% | ETA: 13m
 ■■■■■■■■■■■■■■■■■■■■■■■■■         80% | ETA: 13m
 ■■■■■■■■■■■■■■■■■■■■■■■■■         81% | ETA: 13m
 ■■■■■■■■■■■■■■■■■■■■■■■■■         81% | ETA: 13m
 ■■■■■■■■■■■■■■■■■■■■■■■■■         81% | ETA: 13m
 ■■■■■■■■■■■■■■■■■■■■■■■■■         81% | ETA: 13m
 ■■■■■■■■■■■■■■■■■■■■■■■■■         81% | ETA: 13m
 ■■■■■■■■■■■■■■■■■■■■■■■■■         81% | ETA: 13m
 ■■■■■■■■■■■■■■■■■■■■■■■■■         81% | ETA: 13m
 ■■■■■■■■■■■■■■■■■■■■■■■■■         81% | ETA: 13m
 ■■■■■■■■■■■■■■■■■■■■■■■■■         81% | ETA: 13m
 ■■■■■■■■■■■■■■■■■■■■■■■■■         82% | ETA: 12m
 ■■■■■■■■■■■■■■■■■■■■■■■■■■        82% | ETA: 12m
 ■■■■■■■■■■■■■■■■■■■■■■■■■■        82% | ETA: 12m
 ■■■■■■■■■■■■■■■■■■■■■■■■■■        82% | ETA: 12m
 ■■■■■■■■■■■■■■■■■■■■■■■■■■        82% | ETA: 12m
 ■■■■■■■■■■■■■■■■■■■■■■■■■■        82% | ETA: 12m
 ■■■■■■■■■■■■■■■■■■■■■■■■■■        82% | ETA: 12m
 ■■■■■■■■■■■■■■■■■■■■■■■■■■        82% | ETA: 12m
 ■■■■■■■■■■■■■■■■■■■■■■■■■■        82% | ETA: 12m
 ■■■■■■■■■■■■■■■■■■■■■■■■■■        83% | ETA: 12m
 ■■■■■■■■■■■■■■■■■■■■■■■■■■        83% | ETA: 12m
 ■■■■■■■■■■■■■■■■■■■■■■■■■■        83% | ETA: 12m
 ■■■■■■■■■■■■■■■■■■■■■■■■■■        83% | ETA: 12m
 ■■■■■■■■■■■■■■■■■■■■■■■■■■        83% | ETA: 11m
 ■■■■■■■■■■■■■■■■■■■■■■■■■■        83% | ETA: 11m
 ■■■■■■■■■■■■■■■■■■■■■■■■■■        83% | ETA: 11m
 ■■■■■■■■■■■■■■■■■■■■■■■■■■        83% | ETA: 11m
 ■■■■■■■■■■■■■■■■■■■■■■■■■■        83% | ETA: 11m
 ■■■■■■■■■■■■■■■■■■■■■■■■■■        84% | ETA: 11m
 ■■■■■■■■■■■■■■■■■■■■■■■■■■        84% | ETA: 11m
 ■■■■■■■■■■■■■■■■■■■■■■■■■■        84% | ETA: 11m
 ■■■■■■■■■■■■■■■■■■■■■■■■■■        84% | ETA: 11m
 ■■■■■■■■■■■■■■■■■■■■■■■■■■        84% | ETA: 11m
 ■■■■■■■■■■■■■■■■■■■■■■■■■■        84% | ETA: 11m
 ■■■■■■■■■■■■■■■■■■■■■■■■■■        84% | ETA: 11m
 ■■■■■■■■■■■■■■■■■■■■■■■■■■        84% | ETA: 10m
 ■■■■■■■■■■■■■■■■■■■■■■■■■■        84% | ETA: 10m
 ■■■■■■■■■■■■■■■■■■■■■■■■■■        85% | ETA: 10m
 ■■■■■■■■■■■■■■■■■■■■■■■■■■        85% | ETA: 10m
 ■■■■■■■■■■■■■■■■■■■■■■■■■■        85% | ETA: 10m
 ■■■■■■■■■■■■■■■■■■■■■■■■■■        85% | ETA: 10m
 ■■■■■■■■■■■■■■■■■■■■■■■■■■        85% | ETA: 10m
 ■■■■■■■■■■■■■■■■■■■■■■■■■■■       85% | ETA: 10m
 ■■■■■■■■■■■■■■■■■■■■■■■■■■■       85% | ETA: 10m
 ■■■■■■■■■■■■■■■■■■■■■■■■■■■       85% | ETA: 10m
 ■■■■■■■■■■■■■■■■■■■■■■■■■■■       85% | ETA: 10m
 ■■■■■■■■■■■■■■■■■■■■■■■■■■■       86% | ETA: 10m
 ■■■■■■■■■■■■■■■■■■■■■■■■■■■       86% | ETA: 10m
 ■■■■■■■■■■■■■■■■■■■■■■■■■■■       86% | ETA: 10m
 ■■■■■■■■■■■■■■■■■■■■■■■■■■■       86% | ETA:  9m
 ■■■■■■■■■■■■■■■■■■■■■■■■■■■       86% | ETA:  9m
 ■■■■■■■■■■■■■■■■■■■■■■■■■■■       86% | ETA:  9m
 ■■■■■■■■■■■■■■■■■■■■■■■■■■■       86% | ETA:  9m
 ■■■■■■■■■■■■■■■■■■■■■■■■■■■       86% | ETA:  9m
 ■■■■■■■■■■■■■■■■■■■■■■■■■■■       86% | ETA:  9m
 ■■■■■■■■■■■■■■■■■■■■■■■■■■■       86% | ETA:  9m
 ■■■■■■■■■■■■■■■■■■■■■■■■■■■       87% | ETA:  9m
 ■■■■■■■■■■■■■■■■■■■■■■■■■■■       87% | ETA:  9m
 ■■■■■■■■■■■■■■■■■■■■■■■■■■■       87% | ETA:  9m
 ■■■■■■■■■■■■■■■■■■■■■■■■■■■       87% | ETA:  9m
 ■■■■■■■■■■■■■■■■■■■■■■■■■■■       87% | ETA:  9m
 ■■■■■■■■■■■■■■■■■■■■■■■■■■■       87% | ETA:  9m
 ■■■■■■■■■■■■■■■■■■■■■■■■■■■       87% | ETA:  9m
 ■■■■■■■■■■■■■■■■■■■■■■■■■■■       87% | ETA:  8m
 ■■■■■■■■■■■■■■■■■■■■■■■■■■■       87% | ETA:  8m
 ■■■■■■■■■■■■■■■■■■■■■■■■■■■       87% | ETA:  8m
 ■■■■■■■■■■■■■■■■■■■■■■■■■■■       88% | ETA:  8m
 ■■■■■■■■■■■■■■■■■■■■■■■■■■■       88% | ETA:  8m
 ■■■■■■■■■■■■■■■■■■■■■■■■■■■       88% | ETA:  8m
 ■■■■■■■■■■■■■■■■■■■■■■■■■■■       88% | ETA:  8m
 ■■■■■■■■■■■■■■■■■■■■■■■■■■■       88% | ETA:  8m
 ■■■■■■■■■■■■■■■■■■■■■■■■■■■       88% | ETA:  8m
 ■■■■■■■■■■■■■■■■■■■■■■■■■■■       88% | ETA:  8m
 ■■■■■■■■■■■■■■■■■■■■■■■■■■■■      88% | ETA:  8m
 ■■■■■■■■■■■■■■■■■■■■■■■■■■■■      88% | ETA:  8m
 ■■■■■■■■■■■■■■■■■■■■■■■■■■■■      89% | ETA:  8m
 ■■■■■■■■■■■■■■■■■■■■■■■■■■■■      89% | ETA:  7m
 ■■■■■■■■■■■■■■■■■■■■■■■■■■■■      89% | ETA:  7m
 ■■■■■■■■■■■■■■■■■■■■■■■■■■■■      89% | ETA:  7m
 ■■■■■■■■■■■■■■■■■■■■■■■■■■■■      89% | ETA:  7m
 ■■■■■■■■■■■■■■■■■■■■■■■■■■■■      89% | ETA:  7m
 ■■■■■■■■■■■■■■■■■■■■■■■■■■■■      89% | ETA:  7m
 ■■■■■■■■■■■■■■■■■■■■■■■■■■■■      89% | ETA:  7m
 ■■■■■■■■■■■■■■■■■■■■■■■■■■■■      90% | ETA:  7m
 ■■■■■■■■■■■■■■■■■■■■■■■■■■■■      90% | ETA:  7m
 ■■■■■■■■■■■■■■■■■■■■■■■■■■■■      90% | ETA:  7m
 ■■■■■■■■■■■■■■■■■■■■■■■■■■■■      90% | ETA:  7m
 ■■■■■■■■■■■■■■■■■■■■■■■■■■■■      90% | ETA:  7m
 ■■■■■■■■■■■■■■■■■■■■■■■■■■■■      90% | ETA:  7m
 ■■■■■■■■■■■■■■■■■■■■■■■■■■■■      90% | ETA:  7m
 ■■■■■■■■■■■■■■■■■■■■■■■■■■■■      90% | ETA:  7m
 ■■■■■■■■■■■■■■■■■■■■■■■■■■■■      90% | ETA:  6m
 ■■■■■■■■■■■■■■■■■■■■■■■■■■■■      90% | ETA:  6m
 ■■■■■■■■■■■■■■■■■■■■■■■■■■■■      91% | ETA:  6m
 ■■■■■■■■■■■■■■■■■■■■■■■■■■■■      91% | ETA:  6m
 ■■■■■■■■■■■■■■■■■■■■■■■■■■■■      91% | ETA:  6m
 ■■■■■■■■■■■■■■■■■■■■■■■■■■■■      91% | ETA:  6m
 ■■■■■■■■■■■■■■■■■■■■■■■■■■■■      91% | ETA:  6m
 ■■■■■■■■■■■■■■■■■■■■■■■■■■■■      91% | ETA:  6m
 ■■■■■■■■■■■■■■■■■■■■■■■■■■■■      91% | ETA:  6m
 ■■■■■■■■■■■■■■■■■■■■■■■■■■■■      91% | ETA:  6m
 ■■■■■■■■■■■■■■■■■■■■■■■■■■■■      91% | ETA:  6m
 ■■■■■■■■■■■■■■■■■■■■■■■■■■■■      91% | ETA:  6m
 ■■■■■■■■■■■■■■■■■■■■■■■■■■■■      92% | ETA:  6m
 ■■■■■■■■■■■■■■■■■■■■■■■■■■■■      92% | ETA:  6m
 ■■■■■■■■■■■■■■■■■■■■■■■■■■■■■     92% | ETA:  6m
 ■■■■■■■■■■■■■■■■■■■■■■■■■■■■■     92% | ETA:  5m
 ■■■■■■■■■■■■■■■■■■■■■■■■■■■■■     92% | ETA:  5m
 ■■■■■■■■■■■■■■■■■■■■■■■■■■■■■     92% | ETA:  5m
 ■■■■■■■■■■■■■■■■■■■■■■■■■■■■■     92% | ETA:  5m
 ■■■■■■■■■■■■■■■■■■■■■■■■■■■■■     92% | ETA:  5m
 ■■■■■■■■■■■■■■■■■■■■■■■■■■■■■     92% | ETA:  5m
 ■■■■■■■■■■■■■■■■■■■■■■■■■■■■■     92% | ETA:  5m
 ■■■■■■■■■■■■■■■■■■■■■■■■■■■■■     93% | ETA:  5m
 ■■■■■■■■■■■■■■■■■■■■■■■■■■■■■     93% | ETA:  5m
 ■■■■■■■■■■■■■■■■■■■■■■■■■■■■■     93% | ETA:  5m
 ■■■■■■■■■■■■■■■■■■■■■■■■■■■■■     93% | ETA:  5m
 ■■■■■■■■■■■■■■■■■■■■■■■■■■■■■     93% | ETA:  5m
 ■■■■■■■■■■■■■■■■■■■■■■■■■■■■■     93% | ETA:  5m
 ■■■■■■■■■■■■■■■■■■■■■■■■■■■■■     93% | ETA:  5m
 ■■■■■■■■■■■■■■■■■■■■■■■■■■■■■     93% | ETA:  5m
 ■■■■■■■■■■■■■■■■■■■■■■■■■■■■■     93% | ETA:  4m
 ■■■■■■■■■■■■■■■■■■■■■■■■■■■■■     93% | ETA:  4m
 ■■■■■■■■■■■■■■■■■■■■■■■■■■■■■     94% | ETA:  4m
 ■■■■■■■■■■■■■■■■■■■■■■■■■■■■■     94% | ETA:  4m
 ■■■■■■■■■■■■■■■■■■■■■■■■■■■■■     94% | ETA:  4m
 ■■■■■■■■■■■■■■■■■■■■■■■■■■■■■     94% | ETA:  4m
 ■■■■■■■■■■■■■■■■■■■■■■■■■■■■■     94% | ETA:  4m
 ■■■■■■■■■■■■■■■■■■■■■■■■■■■■■     94% | ETA:  4m
 ■■■■■■■■■■■■■■■■■■■■■■■■■■■■■     94% | ETA:  4m
 ■■■■■■■■■■■■■■■■■■■■■■■■■■■■■     94% | ETA:  4m
 ■■■■■■■■■■■■■■■■■■■■■■■■■■■■■     94% | ETA:  4m
 ■■■■■■■■■■■■■■■■■■■■■■■■■■■■■     94% | ETA:  4m
 ■■■■■■■■■■■■■■■■■■■■■■■■■■■■■     95% | ETA:  4m
 ■■■■■■■■■■■■■■■■■■■■■■■■■■■■■     95% | ETA:  4m
 ■■■■■■■■■■■■■■■■■■■■■■■■■■■■■     95% | ETA:  4m
 ■■■■■■■■■■■■■■■■■■■■■■■■■■■■■     95% | ETA:  3m
 ■■■■■■■■■■■■■■■■■■■■■■■■■■■■■     95% | ETA:  3m
 ■■■■■■■■■■■■■■■■■■■■■■■■■■■■■■    95% | ETA:  3m
 ■■■■■■■■■■■■■■■■■■■■■■■■■■■■■■    95% | ETA:  3m
 ■■■■■■■■■■■■■■■■■■■■■■■■■■■■■■    95% | ETA:  3m
 ■■■■■■■■■■■■■■■■■■■■■■■■■■■■■■    95% | ETA:  3m
 ■■■■■■■■■■■■■■■■■■■■■■■■■■■■■■    95% | ETA:  3m
 ■■■■■■■■■■■■■■■■■■■■■■■■■■■■■■    96% | ETA:  3m
 ■■■■■■■■■■■■■■■■■■■■■■■■■■■■■■    96% | ETA:  3m
 ■■■■■■■■■■■■■■■■■■■■■■■■■■■■■■    96% | ETA:  3m
 ■■■■■■■■■■■■■■■■■■■■■■■■■■■■■■    96% | ETA:  3m
 ■■■■■■■■■■■■■■■■■■■■■■■■■■■■■■    96% | ETA:  3m
 ■■■■■■■■■■■■■■■■■■■■■■■■■■■■■■    96% | ETA:  3m
 ■■■■■■■■■■■■■■■■■■■■■■■■■■■■■■    96% | ETA:  3m
 ■■■■■■■■■■■■■■■■■■■■■■■■■■■■■■    96% | ETA:  2m
 ■■■■■■■■■■■■■■■■■■■■■■■■■■■■■■    96% | ETA:  2m
 ■■■■■■■■■■■■■■■■■■■■■■■■■■■■■■    96% | ETA:  2m
 ■■■■■■■■■■■■■■■■■■■■■■■■■■■■■■    97% | ETA:  2m
 ■■■■■■■■■■■■■■■■■■■■■■■■■■■■■■    97% | ETA:  2m
 ■■■■■■■■■■■■■■■■■■■■■■■■■■■■■■    97% | ETA:  2m
 ■■■■■■■■■■■■■■■■■■■■■■■■■■■■■■    97% | ETA:  2m
 ■■■■■■■■■■■■■■■■■■■■■■■■■■■■■■    97% | ETA:  2m
 ■■■■■■■■■■■■■■■■■■■■■■■■■■■■■■    97% | ETA:  2m
 ■■■■■■■■■■■■■■■■■■■■■■■■■■■■■■    97% | ETA:  2m
 ■■■■■■■■■■■■■■■■■■■■■■■■■■■■■■    97% | ETA:  2m
 ■■■■■■■■■■■■■■■■■■■■■■■■■■■■■■    97% | ETA:  2m
 ■■■■■■■■■■■■■■■■■■■■■■■■■■■■■■    97% | ETA:  2m
 ■■■■■■■■■■■■■■■■■■■■■■■■■■■■■■    98% | ETA:  2m
 ■■■■■■■■■■■■■■■■■■■■■■■■■■■■■■    98% | ETA:  2m
 ■■■■■■■■■■■■■■■■■■■■■■■■■■■■■■    98% | ETA:  1m
 ■■■■■■■■■■■■■■■■■■■■■■■■■■■■■■    98% | ETA:  1m
 ■■■■■■■■■■■■■■■■■■■■■■■■■■■■■■    98% | ETA:  1m
 ■■■■■■■■■■■■■■■■■■■■■■■■■■■■■■    98% | ETA:  1m
 ■■■■■■■■■■■■■■■■■■■■■■■■■■■■■■    98% | ETA:  1m
 ■■■■■■■■■■■■■■■■■■■■■■■■■■■■■■    98% | ETA:  1m
 ■■■■■■■■■■■■■■■■■■■■■■■■■■■■■■■   98% | ETA:  1m
 ■■■■■■■■■■■■■■■■■■■■■■■■■■■■■■■   98% | ETA:  1m
 ■■■■■■■■■■■■■■■■■■■■■■■■■■■■■■■   99% | ETA:  1m
 ■■■■■■■■■■■■■■■■■■■■■■■■■■■■■■■   99% | ETA:  1m
 ■■■■■■■■■■■■■■■■■■■■■■■■■■■■■■■   99% | ETA: 49s
 ■■■■■■■■■■■■■■■■■■■■■■■■■■■■■■■   99% | ETA: 44s
 ■■■■■■■■■■■■■■■■■■■■■■■■■■■■■■■   99% | ETA: 40s
 ■■■■■■■■■■■■■■■■■■■■■■■■■■■■■■■   99% | ETA: 36s
 ■■■■■■■■■■■■■■■■■■■■■■■■■■■■■■■   99% | ETA: 32s
 ■■■■■■■■■■■■■■■■■■■■■■■■■■■■■■■   99% | ETA: 28s
 ■■■■■■■■■■■■■■■■■■■■■■■■■■■■■■■   99% | ETA: 24s
 ■■■■■■■■■■■■■■■■■■■■■■■■■■■■■■■   99% | ETA: 20s
 ■■■■■■■■■■■■■■■■■■■■■■■■■■■■■■■  100% | ETA: 16s
 ■■■■■■■■■■■■■■■■■■■■■■■■■■■■■■■  100% | ETA: 12s
 ■■■■■■■■■■■■■■■■■■■■■■■■■■■■■■■  100% | ETA:  8s
 ■■■■■■■■■■■■■■■■■■■■■■■■■■■■■■■  100% | ETA:  4s

 ■■■■■■■■■■■■■■■■■■■■■■■■■■■■■■■  100% | ETA:  0s

✖ 130 files failed to download
✔ 19680 files were downloaded successfully
ℹ check the `download_status` column in the output data frame (invisibly
  returned) for details
Downloading media files:
 ■■■■■                             12% | ETA:  1m
 ■■■■■■■■                          24% | ETA: 45s
 ■■■■■■■■■■                        29% | ETA: 42s
 ■■■■■■■■■■■■                      35% | ETA: 41s
 ■■■■■■■■■■■■■                     41% | ETA: 38s
 ■■■■■■■■■■■■■■■                   47% | ETA: 35s
 ■■■■■■■■■■■■■■■■■                 53% | ETA: 32s
 ■■■■■■■■■■■■■■■■■■■■              65% | ETA: 23s
 ■■■■■■■■■■■■■■■■■■■■■■            71% | ETA: 19s
 ■■■■■■■■■■■■■■■■■■■■■■■■          76% | ETA: 15s
 ■■■■■■■■■■■■■■■■■■■■■■■■■■        82% | ETA: 11s
 ■■■■■■■■■■■■■■■■■■■■■■■■■■■       88% | ETA:  7s
 ■■■■■■■■■■■■■■■■■■■■■■■■■■■■■     94% | ETA:  4s

 ■■■■■■■■■■■■■■■■■■■■■■■■■■■■■■■  100% | ETA:  0s

✔ All files were downloaded successfully 🥇
Downloading media files:
 ■                                  1% | ETA:  8m
 ■■                                 3% | ETA:  7m
 ■■                                 4% | ETA:  6m
 ■■                                 5% | ETA:  6m
 ■■■                                6% | ETA:  6m
 ■■■                                6% | ETA:  6m
 ■■■                                7% | ETA:  6m
 ■■■                                8% | ETA:  6m
 ■■■■                               9% | ETA:  6m
 ■■■■                              10% | ETA:  6m
 ■■■■                              11% | ETA:  6m
 ■■■■■                             12% | ETA:  6m
 ■■■■■                             13% | ETA:  6m
 ■■■■■                             14% | ETA:  6m
 ■■■■■                             15% | ETA:  6m
 ■■■■■■                            16% | ETA:  6m
 ■■■■■■                            17% | ETA:  6m
 ■■■■■■                            18% | ETA:  6m
 ■■■■■■■                           19% | ETA:  6m
 ■■■■■■■                           19% | ETA:  6m
 ■■■■■■■                           20% | ETA:  6m
 ■■■■■■■                           21% | ETA:  5m
 ■■■■■■■■                          22% | ETA:  5m
 ■■■■■■■■                          23% | ETA:  5m
 ■■■■■■■■                          24% | ETA:  5m
 ■■■■■■■■■                         25% | ETA:  5m
 ■■■■■■■■■                         26% | ETA:  5m
 ■■■■■■■■■                         27% | ETA:  5m
 ■■■■■■■■■                         28% | ETA:  5m
 ■■■■■■■■■■                        29% | ETA:  5m
 ■■■■■■■■■■                        30% | ETA:  5m
 ■■■■■■■■■■                        31% | ETA:  5m
 ■■■■■■■■■■                        31% | ETA:  5m
 ■■■■■■■■■■■                       32% | ETA:  5m
 ■■■■■■■■■■■                       33% | ETA:  5m
 ■■■■■■■■■■■                       34% | ETA:  4m
 ■■■■■■■■■■■■                      35% | ETA:  4m
 ■■■■■■■■■■■■                      36% | ETA:  4m
 ■■■■■■■■■■■■                      37% | ETA:  4m
 ■■■■■■■■■■■■                      38% | ETA:  4m
 ■■■■■■■■■■■■■                     39% | ETA:  4m
 ■■■■■■■■■■■■■                     40% | ETA:  4m
 ■■■■■■■■■■■■■                     41% | ETA:  4m
 ■■■■■■■■■■■■■                     42% | ETA:  4m
 ■■■■■■■■■■■■■■                    43% | ETA:  4m
 ■■■■■■■■■■■■■■                    44% | ETA:  4m
 ■■■■■■■■■■■■■■                    44% | ETA:  4m
 ■■■■■■■■■■■■■■■                   45% | ETA:  4m
 ■■■■■■■■■■■■■■■                   46% | ETA:  4m
 ■■■■■■■■■■■■■■■                   47% | ETA:  4m
 ■■■■■■■■■■■■■■■                   48% | ETA:  4m
 ■■■■■■■■■■■■■■■■                  49% | ETA:  3m
 ■■■■■■■■■■■■■■■■                  50% | ETA:  3m
 ■■■■■■■■■■■■■■■■                  51% | ETA:  3m
 ■■■■■■■■■■■■■■■■■                 52% | ETA:  3m
 ■■■■■■■■■■■■■■■■■                 53% | ETA:  3m
 ■■■■■■■■■■■■■■■■■                 54% | ETA:  3m
 ■■■■■■■■■■■■■■■■■                 55% | ETA:  3m
 ■■■■■■■■■■■■■■■■■■                56% | ETA:  3m
 ■■■■■■■■■■■■■■■■■■                56% | ETA:  3m
 ■■■■■■■■■■■■■■■■■■                57% | ETA:  3m
 ■■■■■■■■■■■■■■■■■■■               58% | ETA:  3m
 ■■■■■■■■■■■■■■■■■■■               59% | ETA:  3m
 ■■■■■■■■■■■■■■■■■■■               60% | ETA:  3m
 ■■■■■■■■■■■■■■■■■■■               61% | ETA:  3m
 ■■■■■■■■■■■■■■■■■■■■              63% | ETA:  3m
 ■■■■■■■■■■■■■■■■■■■■              64% | ETA:  2m
 ■■■■■■■■■■■■■■■■■■■■              65% | ETA:  2m
 ■■■■■■■■■■■■■■■■■■■■■             66% | ETA:  2m
 ■■■■■■■■■■■■■■■■■■■■■             67% | ETA:  2m
 ■■■■■■■■■■■■■■■■■■■■■             68% | ETA:  2m
 ■■■■■■■■■■■■■■■■■■■■■■            69% | ETA:  2m
 ■■■■■■■■■■■■■■■■■■■■■■            69% | ETA:  2m
 ■■■■■■■■■■■■■■■■■■■■■■            70% | ETA:  2m
 ■■■■■■■■■■■■■■■■■■■■■■            71% | ETA:  2m
 ■■■■■■■■■■■■■■■■■■■■■■■           72% | ETA:  2m
 ■■■■■■■■■■■■■■■■■■■■■■■           73% | ETA:  2m
 ■■■■■■■■■■■■■■■■■■■■■■■           74% | ETA:  2m
 ■■■■■■■■■■■■■■■■■■■■■■■           75% | ETA:  2m
 ■■■■■■■■■■■■■■■■■■■■■■■■          76% | ETA:  2m
 ■■■■■■■■■■■■■■■■■■■■■■■■          77% | ETA:  2m
 ■■■■■■■■■■■■■■■■■■■■■■■■          78% | ETA:  2m
 ■■■■■■■■■■■■■■■■■■■■■■■■■         79% | ETA:  1m
 ■■■■■■■■■■■■■■■■■■■■■■■■■         80% | ETA:  1m
 ■■■■■■■■■■■■■■■■■■■■■■■■■         81% | ETA:  1m
 ■■■■■■■■■■■■■■■■■■■■■■■■■         81% | ETA:  1m
 ■■■■■■■■■■■■■■■■■■■■■■■■■■        82% | ETA:  1m
 ■■■■■■■■■■■■■■■■■■■■■■■■■■        83% | ETA:  1m
 ■■■■■■■■■■■■■■■■■■■■■■■■■■        84% | ETA:  1m
 ■■■■■■■■■■■■■■■■■■■■■■■■■■■       85% | ETA:  1m
 ■■■■■■■■■■■■■■■■■■■■■■■■■■■       86% | ETA:  1m
 ■■■■■■■■■■■■■■■■■■■■■■■■■■■       87% | ETA:  1m
 ■■■■■■■■■■■■■■■■■■■■■■■■■■■       88% | ETA: 49s
 ■■■■■■■■■■■■■■■■■■■■■■■■■■■■      89% | ETA: 45s
 ■■■■■■■■■■■■■■■■■■■■■■■■■■■■      91% | ETA: 37s
 ■■■■■■■■■■■■■■■■■■■■■■■■■■■■■     92% | ETA: 34s
 ■■■■■■■■■■■■■■■■■■■■■■■■■■■■■     93% | ETA: 30s
 ■■■■■■■■■■■■■■■■■■■■■■■■■■■■■     94% | ETA: 26s
 ■■■■■■■■■■■■■■■■■■■■■■■■■■■■■     94% | ETA: 22s
 ■■■■■■■■■■■■■■■■■■■■■■■■■■■■■■    95% | ETA: 19s
 ■■■■■■■■■■■■■■■■■■■■■■■■■■■■■■    96% | ETA: 15s
 ■■■■■■■■■■■■■■■■■■■■■■■■■■■■■■    97% | ETA: 11s
 ■■■■■■■■■■■■■■■■■■■■■■■■■■■■■■■   99% | ETA:  4s

 ■■■■■■■■■■■■■■■■■■■■■■■■■■■■■■■  100% | ETA:  0s

✔ All files were downloaded successfully 🌈
Downloading media files:
 ■                                  0% | ETA: 14m
 ■■                                 2% | ETA: 13m
 ■■                                 2% | ETA: 13m
 ■■                                 3% | ETA: 13m
 ■■                                 3% | ETA: 12m
 ■■                                 4% | ETA: 12m
 ■■                                 4% | ETA: 12m
 ■■                                 4% | ETA: 11m
 ■■■                                5% | ETA: 11m
 ■■■                                6% | ETA: 11m
 ■■■                                6% | ETA: 11m
 ■■■                                7% | ETA: 11m
 ■■■                                7% | ETA: 11m
 ■■■                                8% | ETA: 11m
 ■■■                                8% | ETA: 10m
 ■■■■                               8% | ETA: 10m
 ■■■■                               9% | ETA: 10m
 ■■■■                               9% | ETA: 10m
 ■■■■                              10% | ETA: 10m
 ■■■■                              10% | ETA: 10m
 ■■■■                              11% | ETA: 10m
 ■■■■                              11% | ETA: 10m
 ■■■■                              12% | ETA: 10m
 ■■■■■                             12% | ETA: 10m
 ■■■■■                             12% | ETA: 10m
 ■■■■■                             13% | ETA: 10m
 ■■■■■                             13% | ETA: 10m
 ■■■■■                             14% | ETA: 10m
 ■■■■■                             14% | ETA: 10m
 ■■■■■                             15% | ETA: 10m
 ■■■■■■                            15% | ETA: 10m
 ■■■■■■                            16% | ETA: 10m
 ■■■■■■                            16% | ETA: 10m
 ■■■■■■                            16% | ETA: 10m
 ■■■■■■                            17% | ETA: 10m
 ■■■■■■                            17% | ETA: 10m
 ■■■■■■                            18% | ETA: 10m
 ■■■■■■                            18% | ETA: 10m
 ■■■■■■■                           19% | ETA: 10m
 ■■■■■■■                           19% | ETA: 10m
 ■■■■■■■                           20% | ETA: 10m
 ■■■■■■■                           20% | ETA: 10m
 ■■■■■■■                           20% | ETA: 10m
 ■■■■■■■                           21% | ETA: 10m
 ■■■■■■■                           21% | ETA:  9m
 ■■■■■■■■                          22% | ETA:  9m
 ■■■■■■■■                          22% | ETA:  9m
 ■■■■■■■■                          23% | ETA:  9m
 ■■■■■■■■                          23% | ETA:  9m
 ■■■■■■■■                          24% | ETA:  9m
 ■■■■■■■■                          24% | ETA:  9m
 ■■■■■■■■                          24% | ETA:  9m
 ■■■■■■■■                          25% | ETA:  9m
 ■■■■■■■■■                         25% | ETA:  9m
 ■■■■■■■■■                         26% | ETA:  9m
 ■■■■■■■■■                         26% | ETA:  9m
 ■■■■■■■■■                         27% | ETA:  9m
 ■■■■■■■■■                         28% | ETA:  9m
 ■■■■■■■■■                         28% | ETA:  9m
 ■■■■■■■■■■                        28% | ETA:  9m
 ■■■■■■■■■■                        29% | ETA:  9m
 ■■■■■■■■■■                        29% | ETA:  9m
 ■■■■■■■■■■                        30% | ETA:  9m
 ■■■■■■■■■■                        30% | ETA:  9m
 ■■■■■■■■■■                        31% | ETA:  9m
 ■■■■■■■■■■                        31% | ETA:  9m
 ■■■■■■■■■■                        32% | ETA:  9m
 ■■■■■■■■■■■                       32% | ETA:  9m
 ■■■■■■■■■■■                       32% | ETA:  9m
 ■■■■■■■■■■■                       33% | ETA:  8m
 ■■■■■■■■■■■                       33% | ETA:  8m
 ■■■■■■■■■■■                       34% | ETA:  8m
 ■■■■■■■■■■■                       34% | ETA:  8m
 ■■■■■■■■■■■                       35% | ETA:  8m
 ■■■■■■■■■■■■                      35% | ETA:  8m
 ■■■■■■■■■■■■                      36% | ETA:  8m
 ■■■■■■■■■■■■                      36% | ETA:  8m
 ■■■■■■■■■■■■                      36% | ETA:  8m
 ■■■■■■■■■■■■                      37% | ETA:  8m
 ■■■■■■■■■■■■                      37% | ETA:  8m
 ■■■■■■■■■■■■                      38% | ETA:  8m
 ■■■■■■■■■■■■                      38% | ETA:  8m
 ■■■■■■■■■■■■■                     39% | ETA:  8m
 ■■■■■■■■■■■■■                     39% | ETA:  8m
 ■■■■■■■■■■■■■                     40% | ETA:  8m
 ■■■■■■■■■■■■■                     40% | ETA:  8m
 ■■■■■■■■■■■■■                     40% | ETA:  8m
 ■■■■■■■■■■■■■                     41% | ETA:  7m
 ■■■■■■■■■■■■■                     41% | ETA:  7m
 ■■■■■■■■■■■■■■                    42% | ETA:  7m
 ■■■■■■■■■■■■■■                    42% | ETA:  7m
 ■■■■■■■■■■■■■■                    43% | ETA:  7m
 ■■■■■■■■■■■■■■                    43% | ETA:  7m
 ■■■■■■■■■■■■■■                    44% | ETA:  7m
 ■■■■■■■■■■■■■■                    44% | ETA:  7m
 ■■■■■■■■■■■■■■                    44% | ETA:  7m
 ■■■■■■■■■■■■■■                    45% | ETA:  7m
 ■■■■■■■■■■■■■■■                   45% | ETA:  7m
 ■■■■■■■■■■■■■■■                   46% | ETA:  7m
 ■■■■■■■■■■■■■■■                   46% | ETA:  7m
 ■■■■■■■■■■■■■■■                   47% | ETA:  7m
 ■■■■■■■■■■■■■■■                   47% | ETA:  7m
 ■■■■■■■■■■■■■■■                   48% | ETA:  7m
 ■■■■■■■■■■■■■■■                   48% | ETA:  7m
 ■■■■■■■■■■■■■■■■                  48% | ETA:  7m
 ■■■■■■■■■■■■■■■■                  49% | ETA:  7m
 ■■■■■■■■■■■■■■■■                  49% | ETA:  6m
 ■■■■■■■■■■■■■■■■                  50% | ETA:  6m
 ■■■■■■■■■■■■■■■■                  50% | ETA:  6m
 ■■■■■■■■■■■■■■■■                  51% | ETA:  6m
 ■■■■■■■■■■■■■■■■                  51% | ETA:  6m
 ■■■■■■■■■■■■■■■■                  52% | ETA:  6m
 ■■■■■■■■■■■■■■■■■                 52% | ETA:  6m
 ■■■■■■■■■■■■■■■■■                 52% | ETA:  6m
 ■■■■■■■■■■■■■■■■■                 53% | ETA:  6m
 ■■■■■■■■■■■■■■■■■                 54% | ETA:  6m
 ■■■■■■■■■■■■■■■■■                 54% | ETA:  6m
 ■■■■■■■■■■■■■■■■■                 55% | ETA:  6m
 ■■■■■■■■■■■■■■■■■■                55% | ETA:  6m
 ■■■■■■■■■■■■■■■■■■                56% | ETA:  6m
 ■■■■■■■■■■■■■■■■■■                56% | ETA:  6m
 ■■■■■■■■■■■■■■■■■■                56% | ETA:  6m
 ■■■■■■■■■■■■■■■■■■                57% | ETA:  5m
 ■■■■■■■■■■■■■■■■■■                57% | ETA:  5m
 ■■■■■■■■■■■■■■■■■■                58% | ETA:  5m
 ■■■■■■■■■■■■■■■■■■                58% | ETA:  5m
 ■■■■■■■■■■■■■■■■■■■               59% | ETA:  5m
 ■■■■■■■■■■■■■■■■■■■               59% | ETA:  5m
 ■■■■■■■■■■■■■■■■■■■               60% | ETA:  5m
 ■■■■■■■■■■■■■■■■■■■               60% | ETA:  5m
 ■■■■■■■■■■■■■■■■■■■               60% | ETA:  5m
 ■■■■■■■■■■■■■■■■■■■               61% | ETA:  5m
 ■■■■■■■■■■■■■■■■■■■               61% | ETA:  5m
 ■■■■■■■■■■■■■■■■■■■■              62% | ETA:  5m
 ■■■■■■■■■■■■■■■■■■■■              62% | ETA:  5m
 ■■■■■■■■■■■■■■■■■■■■              63% | ETA:  5m
 ■■■■■■■■■■■■■■■■■■■■              63% | ETA:  5m
 ■■■■■■■■■■■■■■■■■■■■              64% | ETA:  5m
 ■■■■■■■■■■■■■■■■■■■■              64% | ETA:  5m
 ■■■■■■■■■■■■■■■■■■■■              64% | ETA:  5m
 ■■■■■■■■■■■■■■■■■■■■              65% | ETA:  4m
 ■■■■■■■■■■■■■■■■■■■■■             65% | ETA:  4m
 ■■■■■■■■■■■■■■■■■■■■■             66% | ETA:  4m
 ■■■■■■■■■■■■■■■■■■■■■             66% | ETA:  4m
 ■■■■■■■■■■■■■■■■■■■■■             67% | ETA:  4m
 ■■■■■■■■■■■■■■■■■■■■■             67% | ETA:  4m
 ■■■■■■■■■■■■■■■■■■■■■             68% | ETA:  4m
 ■■■■■■■■■■■■■■■■■■■■■             68% | ETA:  4m
 ■■■■■■■■■■■■■■■■■■■■■■            68% | ETA:  4m
 ■■■■■■■■■■■■■■■■■■■■■■            69% | ETA:  4m
 ■■■■■■■■■■■■■■■■■■■■■■            69% | ETA:  4m
 ■■■■■■■■■■■■■■■■■■■■■■            70% | ETA:  4m
 ■■■■■■■■■■■■■■■■■■■■■■            70% | ETA:  4m
 ■■■■■■■■■■■■■■■■■■■■■■            71% | ETA:  4m
 ■■■■■■■■■■■■■■■■■■■■■■            71% | ETA:  4m
 ■■■■■■■■■■■■■■■■■■■■■■            72% | ETA:  4m
 ■■■■■■■■■■■■■■■■■■■■■■■           72% | ETA:  4m
 ■■■■■■■■■■■■■■■■■■■■■■■           72% | ETA:  4m
 ■■■■■■■■■■■■■■■■■■■■■■■           73% | ETA:  3m
 ■■■■■■■■■■■■■■■■■■■■■■■           73% | ETA:  3m
 ■■■■■■■■■■■■■■■■■■■■■■■           74% | ETA:  3m
 ■■■■■■■■■■■■■■■■■■■■■■■           74% | ETA:  3m
 ■■■■■■■■■■■■■■■■■■■■■■■           75% | ETA:  3m
 ■■■■■■■■■■■■■■■■■■■■■■■■          75% | ETA:  3m
 ■■■■■■■■■■■■■■■■■■■■■■■■          76% | ETA:  3m
 ■■■■■■■■■■■■■■■■■■■■■■■■          76% | ETA:  3m
 ■■■■■■■■■■■■■■■■■■■■■■■■          76% | ETA:  3m
 ■■■■■■■■■■■■■■■■■■■■■■■■          77% | ETA:  3m
 ■■■■■■■■■■■■■■■■■■■■■■■■          77% | ETA:  3m
 ■■■■■■■■■■■■■■■■■■■■■■■■          78% | ETA:  3m
 ■■■■■■■■■■■■■■■■■■■■■■■■          78% | ETA:  3m
 ■■■■■■■■■■■■■■■■■■■■■■■■■         79% | ETA:  3m
 ■■■■■■■■■■■■■■■■■■■■■■■■■         79% | ETA:  3m
 ■■■■■■■■■■■■■■■■■■■■■■■■■         80% | ETA:  3m
 ■■■■■■■■■■■■■■■■■■■■■■■■■         80% | ETA:  3m
 ■■■■■■■■■■■■■■■■■■■■■■■■■         80% | ETA:  2m
 ■■■■■■■■■■■■■■■■■■■■■■■■■         81% | ETA:  2m
 ■■■■■■■■■■■■■■■■■■■■■■■■■         81% | ETA:  2m
 ■■■■■■■■■■■■■■■■■■■■■■■■■■        82% | ETA:  2m
 ■■■■■■■■■■■■■■■■■■■■■■■■■■        83% | ETA:  2m
 ■■■■■■■■■■■■■■■■■■■■■■■■■■        83% | ETA:  2m
 ■■■■■■■■■■■■■■■■■■■■■■■■■■        84% | ETA:  2m
 ■■■■■■■■■■■■■■■■■■■■■■■■■■        84% | ETA:  2m
 ■■■■■■■■■■■■■■■■■■■■■■■■■■        85% | ETA:  2m
 ■■■■■■■■■■■■■■■■■■■■■■■■■■■       85% | ETA:  2m
 ■■■■■■■■■■■■■■■■■■■■■■■■■■■       86% | ETA:  2m
 ■■■■■■■■■■■■■■■■■■■■■■■■■■■       87% | ETA:  2m
 ■■■■■■■■■■■■■■■■■■■■■■■■■■■       87% | ETA:  2m
 ■■■■■■■■■■■■■■■■■■■■■■■■■■■       88% | ETA:  2m
 ■■■■■■■■■■■■■■■■■■■■■■■■■■■       88% | ETA:  2m
 ■■■■■■■■■■■■■■■■■■■■■■■■■■■■      88% | ETA:  1m
 ■■■■■■■■■■■■■■■■■■■■■■■■■■■■      89% | ETA:  1m
 ■■■■■■■■■■■■■■■■■■■■■■■■■■■■      89% | ETA:  1m
 ■■■■■■■■■■■■■■■■■■■■■■■■■■■■      90% | ETA:  1m
 ■■■■■■■■■■■■■■■■■■■■■■■■■■■■      90% | ETA:  1m
 ■■■■■■■■■■■■■■■■■■■■■■■■■■■■      91% | ETA:  1m
 ■■■■■■■■■■■■■■■■■■■■■■■■■■■■      92% | ETA:  1m
 ■■■■■■■■■■■■■■■■■■■■■■■■■■■■■     92% | ETA:  1m
 ■■■■■■■■■■■■■■■■■■■■■■■■■■■■■     92% | ETA:  1m
 ■■■■■■■■■■■■■■■■■■■■■■■■■■■■■     93% | ETA:  1m
 ■■■■■■■■■■■■■■■■■■■■■■■■■■■■■     93% | ETA: 50s
 ■■■■■■■■■■■■■■■■■■■■■■■■■■■■■     94% | ETA: 46s
 ■■■■■■■■■■■■■■■■■■■■■■■■■■■■■     94% | ETA: 43s
 ■■■■■■■■■■■■■■■■■■■■■■■■■■■■■     95% | ETA: 40s
 ■■■■■■■■■■■■■■■■■■■■■■■■■■■■■■    95% | ETA: 36s
 ■■■■■■■■■■■■■■■■■■■■■■■■■■■■■■    96% | ETA: 33s
 ■■■■■■■■■■■■■■■■■■■■■■■■■■■■■■    96% | ETA: 30s
 ■■■■■■■■■■■■■■■■■■■■■■■■■■■■■■    96% | ETA: 26s
 ■■■■■■■■■■■■■■■■■■■■■■■■■■■■■■    97% | ETA: 20s
 ■■■■■■■■■■■■■■■■■■■■■■■■■■■■■■    98% | ETA: 16s
 ■■■■■■■■■■■■■■■■■■■■■■■■■■■■■■■   99% | ETA: 10s
 ■■■■■■■■■■■■■■■■■■■■■■■■■■■■■■■   99% | ETA:  7s
 ■■■■■■■■■■■■■■■■■■■■■■■■■■■■■■■  100% | ETA:  3s

 ■■■■■■■■■■■■■■■■■■■■■■■■■■■■■■■  100% | ETA:  0s

✖ 473 files failed to download
✔ 4027 files were downloaded successfully
ℹ check the `download_status` column in the output data frame (invisibly
  returned) for details
Downloading media files:
 ■                                  0% | ETA:  1h
 ■                                  0% | ETA:  1h
 ■                                  0% | ETA:  1h
 ■                                  0% | ETA:  1h
 ■                                  1% | ETA:  1h
 ■                                  1% | ETA:  1h
 ■                                  1% | ETA:  1h
 ■                                  1% | ETA:  1h
 ■                                  1% | ETA:  1h
 ■                                  1% | ETA:  1h
 ■                                  1% | ETA:  1h
 ■                                  1% | ETA:  1h
 ■                                  1% | ETA:  1h
 ■                                  1% | ETA:  1h
 ■                                  2% | ETA:  1h
 ■                                  2% | ETA:  1h
 ■■                                 2% | ETA:  1h
 ■■                                 2% | ETA:  1h
 ■■                                 2% | ETA:  1h
 ■■                                 2% | ETA:  1h
 ■■                                 2% | ETA:  1h
 ■■                                 2% | ETA:  1h
 ■■                                 2% | ETA:  1h
 ■■                                 2% | ETA:  1h
 ■■                                 2% | ETA:  1h
 ■■                                 3% | ETA:  1h
 ■■                                 3% | ETA:  1h
 ■■                                 3% | ETA:  1h
 ■■                                 3% | ETA:  1h
 ■■                                 3% | ETA:  1h
 ■■                                 3% | ETA:  1h
 ■■                                 3% | ETA:  1h
 ■■                                 3% | ETA:  1h
 ■■                                 3% | ETA:  1h
 ■■                                 3% | ETA:  1h
 ■■                                 3% | ETA:  1h
 ■■                                 3% | ETA:  1h
 ■■                                 4% | ETA:  1h
 ■■                                 4% | ETA:  1h
 ■■                                 4% | ETA:  1h
 ■■                                 4% | ETA:  1h
 ■■                                 4% | ETA:  1h
 ■■                                 4% | ETA:  1h
 ■■                                 4% | ETA:  1h
 ■■                                 4% | ETA:  1h
 ■■                                 4% | ETA:  1h
 ■■                                 4% | ETA:  1h
 ■■                                 4% | ETA:  1h
 ■■                                 4% | ETA:  1h
 ■■                                 5% | ETA:  1h
 ■■                                 5% | ETA:  1h
 ■■                                 5% | ETA:  1h
 ■■                                 5% | ETA:  1h
 ■■                                 5% | ETA:  1h
 ■■■                                5% | ETA:  1h
 ■■■                                5% | ETA:  1h
 ■■■                                5% | ETA:  1h
 ■■■                                5% | ETA:  1h
 ■■■                                5% | ETA:  1h
 ■■■                                6% | ETA:  1h
 ■■■                                6% | ETA:  1h
 ■■■                                6% | ETA:  1h
 ■■■                                6% | ETA:  1h
 ■■■                                6% | ETA:  1h
 ■■■                                6% | ETA:  1h
 ■■■                                6% | ETA:  1h
 ■■■                                6% | ETA:  1h
 ■■■                                6% | ETA:  1h
 ■■■                                6% | ETA:  1h
 ■■■                                6% | ETA:  1h
 ■■■                                6% | ETA:  1h
 ■■■                                7% | ETA:  1h
 ■■■                                7% | ETA:  1h
 ■■■                                7% | ETA:  1h
 ■■■                                7% | ETA:  1h
 ■■■                                7% | ETA:  1h
 ■■■                                7% | ETA:  1h
 ■■■                                7% | ETA:  1h
 ■■■                                7% | ETA:  1h
 ■■■                                7% | ETA:  1h
 ■■■                                7% | ETA:  1h
 ■■■                                8% | ETA:  1h
 ■■■                                8% | ETA:  1h
 ■■■                                8% | ETA:  1h
 ■■■                                8% | ETA:  1h
 ■■■                                8% | ETA:  1h
 ■■■                                8% | ETA:  1h
 ■■■                                8% | ETA:  1h
 ■■■                                8% | ETA:  1h
 ■■■                                8% | ETA:  1h
 ■■■                                8% | ETA:  1h
 ■■■■                               8% | ETA:  1h
 ■■■■                               8% | ETA:  1h
 ■■■■                               9% | ETA:  1h
 ■■■■                               9% | ETA:  1h
 ■■■■                               9% | ETA:  1h
 ■■■■                               9% | ETA:  1h
 ■■■■                               9% | ETA:  1h
 ■■■■                               9% | ETA:  1h
 ■■■■                               9% | ETA:  1h
 ■■■■                               9% | ETA:  1h
 ■■■■                               9% | ETA:  1h
 ■■■■                               9% | ETA:  1h
 ■■■■                               9% | ETA:  1h
 ■■■■                               9% | ETA:  1h
 ■■■■                              10% | ETA:  1h
 ■■■■                              10% | ETA:  1h
 ■■■■                              10% | ETA:  1h
 ■■■■                              10% | ETA:  1h
 ■■■■                              10% | ETA:  1h
 ■■■■                              10% | ETA:  1h
 ■■■■                              10% | ETA:  1h
 ■■■■                              10% | ETA:  1h
 ■■■■                              10% | ETA:  1h
 ■■■■                              10% | ETA:  1h
 ■■■■                              10% | ETA:  1h
 ■■■■                              11% | ETA:  1h
 ■■■■                              11% | ETA:  1h
 ■■■■                              11% | ETA:  1h
 ■■■■                              11% | ETA:  1h
 ■■■■                              11% | ETA:  1h
 ■■■■                              11% | ETA:  1h
 ■■■■                              11% | ETA:  1h
 ■■■■                              11% | ETA:  1h
 ■■■■                              11% | ETA:  1h
 ■■■■                              11% | ETA:  1h
 ■■■■                              11% | ETA:  1h
 ■■■■                              11% | ETA:  1h
 ■■■■                              12% | ETA:  1h
 ■■■■■                             12% | ETA:  1h
 ■■■■■                             12% | ETA:  1h
 ■■■■■                             12% | ETA:  1h
 ■■■■■                             12% | ETA:  1h
 ■■■■■                             12% | ETA:  1h
 ■■■■■                             12% | ETA:  1h
 ■■■■■                             12% | ETA:  1h
 ■■■■■                             12% | ETA:  1h
 ■■■■■                             12% | ETA:  1h
 ■■■■■                             12% | ETA:  1h
 ■■■■■                             13% | ETA:  1h
 ■■■■■                             13% | ETA:  1h
 ■■■■■                             13% | ETA:  1h
 ■■■■■                             13% | ETA:  1h
 ■■■■■                             13% | ETA:  1h
 ■■■■■                             13% | ETA:  1h
 ■■■■■                             13% | ETA:  1h
 ■■■■■                             13% | ETA:  1h
 ■■■■■                             13% | ETA:  1h
 ■■■■■                             13% | ETA:  1h
 ■■■■■                             13% | ETA:  1h
 ■■■■■                             13% | ETA:  1h
 ■■■■■                             14% | ETA:  1h
 ■■■■■                             14% | ETA:  1h
 ■■■■■                             14% | ETA:  1h
 ■■■■■                             14% | ETA:  1h
 ■■■■■                             14% | ETA:  1h
 ■■■■■                             14% | ETA:  1h
 ■■■■■                             14% | ETA:  1h
 ■■■■■                             14% | ETA:  1h
 ■■■■■                             14% | ETA:  1h
 ■■■■■                             14% | ETA:  1h
 ■■■■■                             14% | ETA:  1h
 ■■■■■                             14% | ETA:  1h
 ■■■■■                             15% | ETA:  1h
 ■■■■■                             15% | ETA:  1h
 ■■■■■                             15% | ETA:  1h
 ■■■■■                             15% | ETA:  1h
 ■■■■■                             15% | ETA:  1h
 ■■■■■                             15% | ETA:  1h
 ■■■■■■                            15% | ETA:  1h
 ■■■■■■                            15% | ETA:  1h
 ■■■■■■                            15% | ETA:  1h
 ■■■■■■                            15% | ETA:  1h
 ■■■■■■                            15% | ETA:  1h
 ■■■■■■                            15% | ETA:  1h
 ■■■■■■                            16% | ETA:  1h
 ■■■■■■                            16% | ETA:  1h
 ■■■■■■                            16% | ETA:  1h
 ■■■■■■                            16% | ETA:  1h
 ■■■■■■                            16% | ETA:  1h
 ■■■■■■                            16% | ETA:  1h
 ■■■■■■                            16% | ETA:  1h
 ■■■■■■                            16% | ETA:  1h
 ■■■■■■                            16% | ETA:  1h
 ■■■■■■                            16% | ETA:  1h
 ■■■■■■                            16% | ETA:  1h
 ■■■■■■                            16% | ETA:  1h
 ■■■■■■                            17% | ETA:  1h
 ■■■■■■                            17% | ETA:  1h
 ■■■■■■                            17% | ETA:  1h
 ■■■■■■                            17% | ETA:  1h
 ■■■■■■                            17% | ETA:  1h
 ■■■■■■                            17% | ETA:  1h
 ■■■■■■                            17% | ETA:  1h
 ■■■■■■                            17% | ETA:  1h
 ■■■■■■                            17% | ETA:  1h
 ■■■■■■                            17% | ETA:  1h
 ■■■■■■                            17% | ETA:  1h
 ■■■■■■                            17% | ETA:  1h
 ■■■■■■                            18% | ETA:  1h
 ■■■■■■                            18% | ETA:  1h
 ■■■■■■                            18% | ETA:  1h
 ■■■■■■                            18% | ETA:  1h
 ■■■■■■                            18% | ETA:  1h
 ■■■■■■                            18% | ETA:  1h
 ■■■■■■                            18% | ETA:  1h
 ■■■■■■                            18% | ETA:  1h
 ■■■■■■                            18% | ETA:  1h
 ■■■■■■                            18% | ETA:  1h
 ■■■■■■■                           18% | ETA:  1h
 ■■■■■■■                           18% | ETA:  1h
 ■■■■■■■                           19% | ETA:  1h
 ■■■■■■■                           19% | ETA:  1h
 ■■■■■■■                           19% | ETA:  1h
 ■■■■■■■                           19% | ETA:  1h
 ■■■■■■■                           19% | ETA:  1h
 ■■■■■■■                           19% | ETA:  1h
 ■■■■■■■                           19% | ETA:  1h
 ■■■■■■■                           19% | ETA:  1h
 ■■■■■■■                           19% | ETA:  1h
 ■■■■■■■                           19% | ETA:  1h
 ■■■■■■■                           19% | ETA:  1h
 ■■■■■■■                           19% | ETA:  1h
 ■■■■■■■                           20% | ETA:  1h
 ■■■■■■■                           20% | ETA:  1h
 ■■■■■■■                           20% | ETA:  1h
 ■■■■■■■                           20% | ETA:  1h
 ■■■■■■■                           20% | ETA:  1h
 ■■■■■■■                           20% | ETA:  1h
 ■■■■■■■                           20% | ETA:  1h
 ■■■■■■■                           20% | ETA:  1h
 ■■■■■■■                           20% | ETA:  1h
 ■■■■■■■                           20% | ETA:  1h
 ■■■■■■■                           20% | ETA:  1h
 ■■■■■■■                           21% | ETA:  1h
 ■■■■■■■                           21% | ETA:  1h
 ■■■■■■■                           21% | ETA:  1h
 ■■■■■■■                           21% | ETA:  1h
 ■■■■■■■                           21% | ETA:  1h
 ■■■■■■■                           21% | ETA:  1h
 ■■■■■■■                           21% | ETA:  1h
 ■■■■■■■                           21% | ETA:  1h
 ■■■■■■■                           21% | ETA:  1h
 ■■■■■■■                           21% | ETA:  1h
 ■■■■■■■                           21% | ETA:  1h
 ■■■■■■■                           21% | ETA:  1h
 ■■■■■■■                           22% | ETA:  1h
 ■■■■■■■                           22% | ETA:  1h
 ■■■■■■■■                          22% | ETA:  1h
 ■■■■■■■■                          22% | ETA:  1h
 ■■■■■■■■                          22% | ETA:  1h
 ■■■■■■■■                          22% | ETA:  1h
 ■■■■■■■■                          22% | ETA:  1h
 ■■■■■■■■                          22% | ETA:  1h
 ■■■■■■■■                          22% | ETA:  1h
 ■■■■■■■■                          22% | ETA:  1h
 ■■■■■■■■                          22% | ETA:  1h
 ■■■■■■■■                          22% | ETA:  1h
 ■■■■■■■■                          23% | ETA:  1h
 ■■■■■■■■                          23% | ETA:  1h
 ■■■■■■■■                          23% | ETA:  1h
 ■■■■■■■■                          23% | ETA:  1h
 ■■■■■■■■                          23% | ETA:  1h
 ■■■■■■■■                          23% | ETA:  1h
 ■■■■■■■■                          23% | ETA:  1h
 ■■■■■■■■                          23% | ETA:  1h
 ■■■■■■■■                          23% | ETA:  1h
 ■■■■■■■■                          23% | ETA:  1h
 ■■■■■■■■                          23% | ETA:  1h
 ■■■■■■■■                          23% | ETA:  1h
 ■■■■■■■■                          24% | ETA:  1h
 ■■■■■■■■                          24% | ETA:  1h
 ■■■■■■■■                          24% | ETA:  1h
 ■■■■■■■■                          24% | ETA:  1h
 ■■■■■■■■                          24% | ETA:  1h
 ■■■■■■■■                          24% | ETA:  1h
 ■■■■■■■■                          24% | ETA:  1h
 ■■■■■■■■                          24% | ETA:  1h
 ■■■■■■■■                          24% | ETA:  1h
 ■■■■■■■■                          24% | ETA:  1h
 ■■■■■■■■                          24% | ETA:  1h
 ■■■■■■■■                          24% | ETA:  1h
 ■■■■■■■■                          25% | ETA:  1h
 ■■■■■■■■                          25% | ETA:  1h
 ■■■■■■■■                          25% | ETA:  1h
 ■■■■■■■■                          25% | ETA:  1h
 ■■■■■■■■                          25% | ETA:  1h
 ■■■■■■■■                          25% | ETA:  1h
 ■■■■■■■■■                         25% | ETA:  1h
 ■■■■■■■■■                         25% | ETA:  1h
 ■■■■■■■■■                         25% | ETA:  1h
 ■■■■■■■■■                         25% | ETA:  1h
 ■■■■■■■■■                         25% | ETA:  1h
 ■■■■■■■■■                         25% | ETA:  1h
 ■■■■■■■■■                         26% | ETA:  1h
 ■■■■■■■■■                         26% | ETA:  1h
 ■■■■■■■■■                         26% | ETA:  1h
 ■■■■■■■■■                         26% | ETA:  1h
 ■■■■■■■■■                         26% | ETA:  1h
 ■■■■■■■■■                         26% | ETA:  1h
 ■■■■■■■■■                         26% | ETA:  1h
 ■■■■■■■■■                         26% | ETA:  1h
 ■■■■■■■■■                         26% | ETA:  1h
 ■■■■■■■■■                         26% | ETA:  1h
 ■■■■■■■■■                         26% | ETA:  1h
 ■■■■■■■■■                         26% | ETA:  1h
 ■■■■■■■■■                         27% | ETA:  1h
 ■■■■■■■■■                         27% | ETA:  1h
 ■■■■■■■■■                         27% | ETA:  1h
 ■■■■■■■■■                         27% | ETA:  1h
 ■■■■■■■■■                         27% | ETA:  1h
 ■■■■■■■■■                         27% | ETA:  1h
 ■■■■■■■■■                         27% | ETA:  1h
 ■■■■■■■■■                         27% | ETA:  1h
 ■■■■■■■■■                         27% | ETA:  1h
 ■■■■■■■■■                         27% | ETA:  1h
 ■■■■■■■■■                         27% | ETA:  1h
 ■■■■■■■■■                         27% | ETA:  1h
 ■■■■■■■■■                         28% | ETA:  1h
 ■■■■■■■■■                         28% | ETA:  1h
 ■■■■■■■■■                         28% | ETA:  1h
 ■■■■■■■■■                         28% | ETA:  1h
 ■■■■■■■■■                         28% | ETA:  1h
 ■■■■■■■■■                         28% | ETA:  1h
 ■■■■■■■■■                         28% | ETA:  1h
 ■■■■■■■■■                         28% | ETA:  1h
 ■■■■■■■■■                         28% | ETA:  1h
 ■■■■■■■■■■                        28% | ETA:  1h
 ■■■■■■■■■■                        28% | ETA:  1h
 ■■■■■■■■■■                        29% | ETA:  1h
 ■■■■■■■■■■                        29% | ETA:  1h
 ■■■■■■■■■■                        29% | ETA:  1h
 ■■■■■■■■■■                        29% | ETA:  1h
 ■■■■■■■■■■                        29% | ETA:  1h
 ■■■■■■■■■■                        29% | ETA:  1h
 ■■■■■■■■■■                        29% | ETA:  1h
 ■■■■■■■■■■                        29% | ETA:  1h
 ■■■■■■■■■■                        29% | ETA:  1h
 ■■■■■■■■■■                        29% | ETA:  1h
 ■■■■■■■■■■                        29% | ETA:  1h
 ■■■■■■■■■■                        29% | ETA:  1h
 ■■■■■■■■■■                        30% | ETA:  1h
 ■■■■■■■■■■                        30% | ETA:  1h
 ■■■■■■■■■■                        30% | ETA:  1h
 ■■■■■■■■■■                        30% | ETA:  1h
 ■■■■■■■■■■                        30% | ETA:  1h
 ■■■■■■■■■■                        30% | ETA:  1h
 ■■■■■■■■■■                        30% | ETA:  1h
 ■■■■■■■■■■                        30% | ETA:  1h
 ■■■■■■■■■■                        30% | ETA:  1h
 ■■■■■■■■■■                        30% | ETA:  1h
 ■■■■■■■■■■                        30% | ETA:  1h
 ■■■■■■■■■■                        31% | ETA:  1h
 ■■■■■■■■■■                        31% | ETA:  1h
 ■■■■■■■■■■                        31% | ETA:  1h
 ■■■■■■■■■■                        31% | ETA:  1h
 ■■■■■■■■■■                        31% | ETA:  1h
 ■■■■■■■■■■                        31% | ETA:  1h
 ■■■■■■■■■■                        31% | ETA:  1h
 ■■■■■■■■■■                        31% | ETA:  1h
 ■■■■■■■■■■                        31% | ETA:  1h
 ■■■■■■■■■■                        31% | ETA:  1h
 ■■■■■■■■■■                        31% | ETA:  1h
 ■■■■■■■■■■                        31% | ETA:  1h
 ■■■■■■■■■■                        32% | ETA:  1h
 ■■■■■■■■■■                        32% | ETA:  1h
 ■■■■■■■■■■■                       32% | ETA:  1h
 ■■■■■■■■■■■                       32% | ETA:  1h
 ■■■■■■■■■■■                       32% | ETA:  1h
 ■■■■■■■■■■■                       32% | ETA:  1h
 ■■■■■■■■■■■                       32% | ETA:  1h
 ■■■■■■■■■■■                       32% | ETA:  1h
 ■■■■■■■■■■■                       32% | ETA:  1h
 ■■■■■■■■■■■                       32% | ETA:  1h
 ■■■■■■■■■■■                       32% | ETA:  1h
 ■■■■■■■■■■■                       33% | ETA:  1h
 ■■■■■■■■■■■                       33% | ETA:  1h
 ■■■■■■■■■■■                       33% | ETA:  1h
 ■■■■■■■■■■■                       33% | ETA:  1h
 ■■■■■■■■■■■                       33% | ETA:  1h
 ■■■■■■■■■■■                       33% | ETA:  1h
 ■■■■■■■■■■■                       33% | ETA:  1h
 ■■■■■■■■■■■                       33% | ETA:  1h
 ■■■■■■■■■■■                       33% | ETA:  1h
 ■■■■■■■■■■■                       33% | ETA:  1h
 ■■■■■■■■■■■                       33% | ETA:  1h
 ■■■■■■■■■■■                       33% | ETA:  1h
 ■■■■■■■■■■■                       34% | ETA:  1h
 ■■■■■■■■■■■                       34% | ETA:  1h
 ■■■■■■■■■■■                       34% | ETA:  1h
 ■■■■■■■■■■■                       34% | ETA:  1h
 ■■■■■■■■■■■                       34% | ETA:  1h
 ■■■■■■■■■■■                       34% | ETA:  1h
 ■■■■■■■■■■■                       34% | ETA:  1h
 ■■■■■■■■■■■                       34% | ETA:  1h
 ■■■■■■■■■■■                       34% | ETA:  1h
 ■■■■■■■■■■■                       34% | ETA:  1h
 ■■■■■■■■■■■                       34% | ETA:  1h
 ■■■■■■■■■■■                       34% | ETA:  1h
 ■■■■■■■■■■■                       35% | ETA:  1h
 ■■■■■■■■■■■                       35% | ETA:  1h
 ■■■■■■■■■■■                       35% | ETA:  1h
 ■■■■■■■■■■■                       35% | ETA:  1h
 ■■■■■■■■■■■                       35% | ETA:  1h
 ■■■■■■■■■■■                       35% | ETA:  1h
 ■■■■■■■■■■■■                      35% | ETA:  1h
 ■■■■■■■■■■■■                      35% | ETA:  1h
 ■■■■■■■■■■■■                      35% | ETA:  1h
 ■■■■■■■■■■■■                      35% | ETA:  1h
 ■■■■■■■■■■■■                      35% | ETA:  1h
 ■■■■■■■■■■■■                      35% | ETA:  1h
 ■■■■■■■■■■■■                      36% | ETA:  1h
 ■■■■■■■■■■■■                      36% | ETA:  1h
 ■■■■■■■■■■■■                      36% | ETA: 50m
 ■■■■■■■■■■■■                      36% | ETA: 50m
 ■■■■■■■■■■■■                      36% | ETA: 50m
 ■■■■■■■■■■■■                      36% | ETA: 50m
 ■■■■■■■■■■■■                      36% | ETA: 50m
 ■■■■■■■■■■■■                      36% | ETA: 50m
 ■■■■■■■■■■■■                      36% | ETA: 50m
 ■■■■■■■■■■■■                      36% | ETA: 50m
 ■■■■■■■■■■■■                      36% | ETA: 49m
 ■■■■■■■■■■■■                      37% | ETA: 49m
 ■■■■■■■■■■■■                      37% | ETA: 49m
 ■■■■■■■■■■■■                      37% | ETA: 49m
 ■■■■■■■■■■■■                      37% | ETA: 49m
 ■■■■■■■■■■■■                      37% | ETA: 49m
 ■■■■■■■■■■■■                      37% | ETA: 49m
 ■■■■■■■■■■■■                      37% | ETA: 49m
 ■■■■■■■■■■■■                      37% | ETA: 49m
 ■■■■■■■■■■■■                      37% | ETA: 48m
 ■■■■■■■■■■■■                      37% | ETA: 48m
 ■■■■■■■■■■■■                      37% | ETA: 48m
 ■■■■■■■■■■■■                      38% | ETA: 48m
 ■■■■■■■■■■■■                      38% | ETA: 48m
 ■■■■■■■■■■■■                      38% | ETA: 48m
 ■■■■■■■■■■■■                      38% | ETA: 48m
 ■■■■■■■■■■■■                      38% | ETA: 48m
 ■■■■■■■■■■■■                      38% | ETA: 48m
 ■■■■■■■■■■■■                      38% | ETA: 48m
 ■■■■■■■■■■■■                      38% | ETA: 48m
 ■■■■■■■■■■■■                      38% | ETA: 48m
 ■■■■■■■■■■■■                      38% | ETA: 48m
 ■■■■■■■■■■■■■                     38% | ETA: 48m
 ■■■■■■■■■■■■■                     38% | ETA: 47m
 ■■■■■■■■■■■■■                     39% | ETA: 47m
 ■■■■■■■■■■■■■                     39% | ETA: 47m
 ■■■■■■■■■■■■■                     39% | ETA: 47m
 ■■■■■■■■■■■■■                     39% | ETA: 47m
 ■■■■■■■■■■■■■                     39% | ETA: 47m
 ■■■■■■■■■■■■■                     39% | ETA: 47m
 ■■■■■■■■■■■■■                     39% | ETA: 47m
 ■■■■■■■■■■■■■                     39% | ETA: 47m
 ■■■■■■■■■■■■■                     39% | ETA: 47m
 ■■■■■■■■■■■■■                     39% | ETA: 47m
 ■■■■■■■■■■■■■                     39% | ETA: 47m
 ■■■■■■■■■■■■■                     39% | ETA: 47m
 ■■■■■■■■■■■■■                     40% | ETA: 47m
 ■■■■■■■■■■■■■                     40% | ETA: 47m
 ■■■■■■■■■■■■■                     40% | ETA: 47m
 ■■■■■■■■■■■■■                     40% | ETA: 46m
 ■■■■■■■■■■■■■                     40% | ETA: 46m
 ■■■■■■■■■■■■■                     40% | ETA: 46m
 ■■■■■■■■■■■■■                     40% | ETA: 46m
 ■■■■■■■■■■■■■                     40% | ETA: 46m
 ■■■■■■■■■■■■■                     40% | ETA: 46m
 ■■■■■■■■■■■■■                     40% | ETA: 46m
 ■■■■■■■■■■■■■                     40% | ETA: 46m
 ■■■■■■■■■■■■■                     41% | ETA: 46m
 ■■■■■■■■■■■■■                     41% | ETA: 46m
 ■■■■■■■■■■■■■                     41% | ETA: 46m
 ■■■■■■■■■■■■■                     41% | ETA: 46m
 ■■■■■■■■■■■■■                     41% | ETA: 46m
 ■■■■■■■■■■■■■                     41% | ETA: 46m
 ■■■■■■■■■■■■■                     41% | ETA: 46m
 ■■■■■■■■■■■■■                     41% | ETA: 46m
 ■■■■■■■■■■■■■                     41% | ETA: 45m
 ■■■■■■■■■■■■■                     41% | ETA: 45m
 ■■■■■■■■■■■■■                     41% | ETA: 45m
 ■■■■■■■■■■■■■                     41% | ETA: 45m
 ■■■■■■■■■■■■■                     42% | ETA: 45m
 ■■■■■■■■■■■■■                     42% | ETA: 45m
 ■■■■■■■■■■■■■■                    42% | ETA: 45m
 ■■■■■■■■■■■■■■                    42% | ETA: 45m
 ■■■■■■■■■■■■■■                    42% | ETA: 45m
 ■■■■■■■■■■■■■■                    42% | ETA: 45m
 ■■■■■■■■■■■■■■                    42% | ETA: 45m
 ■■■■■■■■■■■■■■                    42% | ETA: 45m
 ■■■■■■■■■■■■■■                    42% | ETA: 45m
 ■■■■■■■■■■■■■■                    42% | ETA: 45m
 ■■■■■■■■■■■■■■                    42% | ETA: 45m
 ■■■■■■■■■■■■■■                    42% | ETA: 44m
 ■■■■■■■■■■■■■■                    43% | ETA: 44m
 ■■■■■■■■■■■■■■                    43% | ETA: 44m
 ■■■■■■■■■■■■■■                    43% | ETA: 44m
 ■■■■■■■■■■■■■■                    43% | ETA: 44m
 ■■■■■■■■■■■■■■                    43% | ETA: 44m
 ■■■■■■■■■■■■■■                    43% | ETA: 44m
 ■■■■■■■■■■■■■■                    43% | ETA: 44m
 ■■■■■■■■■■■■■■                    43% | ETA: 44m
 ■■■■■■■■■■■■■■                    43% | ETA: 44m
 ■■■■■■■■■■■■■■                    43% | ETA: 44m
 ■■■■■■■■■■■■■■                    43% | ETA: 44m
 ■■■■■■■■■■■■■■                    44% | ETA: 44m
 ■■■■■■■■■■■■■■                    44% | ETA: 44m
 ■■■■■■■■■■■■■■                    44% | ETA: 43m
 ■■■■■■■■■■■■■■                    44% | ETA: 43m
 ■■■■■■■■■■■■■■                    44% | ETA: 43m
 ■■■■■■■■■■■■■■                    44% | ETA: 43m
 ■■■■■■■■■■■■■■                    44% | ETA: 43m
 ■■■■■■■■■■■■■■                    44% | ETA: 43m
 ■■■■■■■■■■■■■■                    44% | ETA: 43m
 ■■■■■■■■■■■■■■                    44% | ETA: 43m
 ■■■■■■■■■■■■■■                    44% | ETA: 43m
 ■■■■■■■■■■■■■■                    45% | ETA: 43m
 ■■■■■■■■■■■■■■                    45% | ETA: 43m
 ■■■■■■■■■■■■■■                    45% | ETA: 43m
 ■■■■■■■■■■■■■■                    45% | ETA: 43m
 ■■■■■■■■■■■■■■                    45% | ETA: 42m
 ■■■■■■■■■■■■■■                    45% | ETA: 42m
 ■■■■■■■■■■■■■■■                   45% | ETA: 42m
 ■■■■■■■■■■■■■■■                   45% | ETA: 42m
 ■■■■■■■■■■■■■■■                   45% | ETA: 42m
 ■■■■■■■■■■■■■■■                   45% | ETA: 42m
 ■■■■■■■■■■■■■■■                   45% | ETA: 42m
 ■■■■■■■■■■■■■■■                   45% | ETA: 42m
 ■■■■■■■■■■■■■■■                   46% | ETA: 42m
 ■■■■■■■■■■■■■■■                   46% | ETA: 42m
 ■■■■■■■■■■■■■■■                   46% | ETA: 42m
 ■■■■■■■■■■■■■■■                   46% | ETA: 42m
 ■■■■■■■■■■■■■■■                   46% | ETA: 42m
 ■■■■■■■■■■■■■■■                   46% | ETA: 41m
 ■■■■■■■■■■■■■■■                   46% | ETA: 41m
 ■■■■■■■■■■■■■■■                   46% | ETA: 41m
 ■■■■■■■■■■■■■■■                   46% | ETA: 41m
 ■■■■■■■■■■■■■■■                   46% | ETA: 41m
 ■■■■■■■■■■■■■■■                   47% | ETA: 41m
 ■■■■■■■■■■■■■■■                   47% | ETA: 41m
 ■■■■■■■■■■■■■■■                   47% | ETA: 41m
 ■■■■■■■■■■■■■■■                   47% | ETA: 41m
 ■■■■■■■■■■■■■■■                   47% | ETA: 41m
 ■■■■■■■■■■■■■■■                   47% | ETA: 41m
 ■■■■■■■■■■■■■■■                   47% | ETA: 41m
 ■■■■■■■■■■■■■■■                   47% | ETA: 41m
 ■■■■■■■■■■■■■■■                   47% | ETA: 41m
 ■■■■■■■■■■■■■■■                   47% | ETA: 40m
 ■■■■■■■■■■■■■■■                   47% | ETA: 40m
 ■■■■■■■■■■■■■■■                   47% | ETA: 40m
 ■■■■■■■■■■■■■■■                   48% | ETA: 40m
 ■■■■■■■■■■■■■■■                   48% | ETA: 40m
 ■■■■■■■■■■■■■■■                   48% | ETA: 40m
 ■■■■■■■■■■■■■■■                   48% | ETA: 40m
 ■■■■■■■■■■■■■■■                   48% | ETA: 40m
 ■■■■■■■■■■■■■■■                   48% | ETA: 40m
 ■■■■■■■■■■■■■■■                   48% | ETA: 40m
 ■■■■■■■■■■■■■■■                   48% | ETA: 40m
 ■■■■■■■■■■■■■■■                   48% | ETA: 40m
 ■■■■■■■■■■■■■■■                   48% | ETA: 40m
 ■■■■■■■■■■■■■■■■                  48% | ETA: 40m
 ■■■■■■■■■■■■■■■■                  48% | ETA: 40m
 ■■■■■■■■■■■■■■■■                  49% | ETA: 39m
 ■■■■■■■■■■■■■■■■                  49% | ETA: 39m
 ■■■■■■■■■■■■■■■■                  49% | ETA: 39m
 ■■■■■■■■■■■■■■■■                  49% | ETA: 39m
 ■■■■■■■■■■■■■■■■                  49% | ETA: 39m
 ■■■■■■■■■■■■■■■■                  49% | ETA: 39m
 ■■■■■■■■■■■■■■■■                  49% | ETA: 39m
 ■■■■■■■■■■■■■■■■                  49% | ETA: 39m
 ■■■■■■■■■■■■■■■■                  49% | ETA: 39m
 ■■■■■■■■■■■■■■■■                  49% | ETA: 39m
 ■■■■■■■■■■■■■■■■                  49% | ETA: 39m
 ■■■■■■■■■■■■■■■■                  50% | ETA: 39m
 ■■■■■■■■■■■■■■■■                  50% | ETA: 39m
 ■■■■■■■■■■■■■■■■                  50% | ETA: 39m
 ■■■■■■■■■■■■■■■■                  50% | ETA: 39m
 ■■■■■■■■■■■■■■■■                  50% | ETA: 38m
 ■■■■■■■■■■■■■■■■                  50% | ETA: 38m
 ■■■■■■■■■■■■■■■■                  50% | ETA: 38m
 ■■■■■■■■■■■■■■■■                  50% | ETA: 38m
 ■■■■■■■■■■■■■■■■                  50% | ETA: 38m
 ■■■■■■■■■■■■■■■■                  50% | ETA: 38m
 ■■■■■■■■■■■■■■■■                  50% | ETA: 38m
 ■■■■■■■■■■■■■■■■                  51% | ETA: 38m
 ■■■■■■■■■■■■■■■■                  51% | ETA: 38m
 ■■■■■■■■■■■■■■■■                  51% | ETA: 38m
 ■■■■■■■■■■■■■■■■                  51% | ETA: 38m
 ■■■■■■■■■■■■■■■■                  51% | ETA: 38m
 ■■■■■■■■■■■■■■■■                  51% | ETA: 38m
 ■■■■■■■■■■■■■■■■                  51% | ETA: 38m
 ■■■■■■■■■■■■■■■■                  51% | ETA: 37m
 ■■■■■■■■■■■■■■■■                  51% | ETA: 37m
 ■■■■■■■■■■■■■■■■                  51% | ETA: 37m
 ■■■■■■■■■■■■■■■■                  51% | ETA: 37m
 ■■■■■■■■■■■■■■■■                  51% | ETA: 37m
 ■■■■■■■■■■■■■■■■                  52% | ETA: 37m
 ■■■■■■■■■■■■■■■■                  52% | ETA: 37m
 ■■■■■■■■■■■■■■■■■                 52% | ETA: 37m
 ■■■■■■■■■■■■■■■■■                 52% | ETA: 37m
 ■■■■■■■■■■■■■■■■■                 52% | ETA: 37m
 ■■■■■■■■■■■■■■■■■                 52% | ETA: 37m
 ■■■■■■■■■■■■■■■■■                 52% | ETA: 37m
 ■■■■■■■■■■■■■■■■■                 52% | ETA: 37m
 ■■■■■■■■■■■■■■■■■                 52% | ETA: 37m
 ■■■■■■■■■■■■■■■■■                 52% | ETA: 37m
 ■■■■■■■■■■■■■■■■■                 52% | ETA: 37m
 ■■■■■■■■■■■■■■■■■                 52% | ETA: 36m
 ■■■■■■■■■■■■■■■■■                 53% | ETA: 36m
 ■■■■■■■■■■■■■■■■■                 53% | ETA: 36m
 ■■■■■■■■■■■■■■■■■                 53% | ETA: 36m
 ■■■■■■■■■■■■■■■■■                 53% | ETA: 36m
 ■■■■■■■■■■■■■■■■■                 53% | ETA: 36m
 ■■■■■■■■■■■■■■■■■                 53% | ETA: 36m
 ■■■■■■■■■■■■■■■■■                 53% | ETA: 36m
 ■■■■■■■■■■■■■■■■■                 53% | ETA: 36m
 ■■■■■■■■■■■■■■■■■                 53% | ETA: 36m
 ■■■■■■■■■■■■■■■■■                 53% | ETA: 36m
 ■■■■■■■■■■■■■■■■■                 53% | ETA: 36m
 ■■■■■■■■■■■■■■■■■                 54% | ETA: 36m
 ■■■■■■■■■■■■■■■■■                 54% | ETA: 36m
 ■■■■■■■■■■■■■■■■■                 54% | ETA: 35m
 ■■■■■■■■■■■■■■■■■                 54% | ETA: 35m
 ■■■■■■■■■■■■■■■■■                 54% | ETA: 35m
 ■■■■■■■■■■■■■■■■■                 54% | ETA: 35m
 ■■■■■■■■■■■■■■■■■                 54% | ETA: 35m
 ■■■■■■■■■■■■■■■■■                 54% | ETA: 35m
 ■■■■■■■■■■■■■■■■■                 54% | ETA: 35m
 ■■■■■■■■■■■■■■■■■                 54% | ETA: 35m
 ■■■■■■■■■■■■■■■■■                 55% | ETA: 35m
 ■■■■■■■■■■■■■■■■■                 55% | ETA: 35m
 ■■■■■■■■■■■■■■■■■                 55% | ETA: 35m
 ■■■■■■■■■■■■■■■■■                 55% | ETA: 35m
 ■■■■■■■■■■■■■■■■■                 55% | ETA: 34m
 ■■■■■■■■■■■■■■■■■                 55% | ETA: 34m
 ■■■■■■■■■■■■■■■■■■                55% | ETA: 34m
 ■■■■■■■■■■■■■■■■■■                55% | ETA: 34m
 ■■■■■■■■■■■■■■■■■■                55% | ETA: 34m
 ■■■■■■■■■■■■■■■■■■                55% | ETA: 34m
 ■■■■■■■■■■■■■■■■■■                55% | ETA: 34m
 ■■■■■■■■■■■■■■■■■■                56% | ETA: 34m
 ■■■■■■■■■■■■■■■■■■                56% | ETA: 34m
 ■■■■■■■■■■■■■■■■■■                56% | ETA: 34m
 ■■■■■■■■■■■■■■■■■■                56% | ETA: 34m
 ■■■■■■■■■■■■■■■■■■                56% | ETA: 34m
 ■■■■■■■■■■■■■■■■■■                56% | ETA: 34m
 ■■■■■■■■■■■■■■■■■■                56% | ETA: 34m
 ■■■■■■■■■■■■■■■■■■                56% | ETA: 33m
 ■■■■■■■■■■■■■■■■■■                56% | ETA: 33m
 ■■■■■■■■■■■■■■■■■■                56% | ETA: 33m
 ■■■■■■■■■■■■■■■■■■                56% | ETA: 33m
 ■■■■■■■■■■■■■■■■■■                57% | ETA: 33m
 ■■■■■■■■■■■■■■■■■■                57% | ETA: 33m
 ■■■■■■■■■■■■■■■■■■                57% | ETA: 33m
 ■■■■■■■■■■■■■■■■■■                57% | ETA: 33m
 ■■■■■■■■■■■■■■■■■■                57% | ETA: 33m
 ■■■■■■■■■■■■■■■■■■                57% | ETA: 33m
 ■■■■■■■■■■■■■■■■■■                57% | ETA: 33m
 ■■■■■■■■■■■■■■■■■■                57% | ETA: 33m
 ■■■■■■■■■■■■■■■■■■                57% | ETA: 33m
 ■■■■■■■■■■■■■■■■■■                57% | ETA: 33m
 ■■■■■■■■■■■■■■■■■■                57% | ETA: 33m
 ■■■■■■■■■■■■■■■■■■                58% | ETA: 32m
 ■■■■■■■■■■■■■■■■■■                58% | ETA: 32m
 ■■■■■■■■■■■■■■■■■■                58% | ETA: 32m
 ■■■■■■■■■■■■■■■■■■                58% | ETA: 32m
 ■■■■■■■■■■■■■■■■■■                58% | ETA: 32m
 ■■■■■■■■■■■■■■■■■■                58% | ETA: 32m
 ■■■■■■■■■■■■■■■■■■                58% | ETA: 32m
 ■■■■■■■■■■■■■■■■■■                58% | ETA: 32m
 ■■■■■■■■■■■■■■■■■■                58% | ETA: 32m
 ■■■■■■■■■■■■■■■■■■                58% | ETA: 32m
 ■■■■■■■■■■■■■■■■■■■               58% | ETA: 32m
 ■■■■■■■■■■■■■■■■■■■               58% | ETA: 32m
 ■■■■■■■■■■■■■■■■■■■               59% | ETA: 32m
 ■■■■■■■■■■■■■■■■■■■               59% | ETA: 32m
 ■■■■■■■■■■■■■■■■■■■               59% | ETA: 32m
 ■■■■■■■■■■■■■■■■■■■               59% | ETA: 32m
 ■■■■■■■■■■■■■■■■■■■               59% | ETA: 31m
 ■■■■■■■■■■■■■■■■■■■               59% | ETA: 31m
 ■■■■■■■■■■■■■■■■■■■               59% | ETA: 31m
 ■■■■■■■■■■■■■■■■■■■               59% | ETA: 31m
 ■■■■■■■■■■■■■■■■■■■               59% | ETA: 31m
 ■■■■■■■■■■■■■■■■■■■               59% | ETA: 31m
 ■■■■■■■■■■■■■■■■■■■               59% | ETA: 31m
 ■■■■■■■■■■■■■■■■■■■               59% | ETA: 31m
 ■■■■■■■■■■■■■■■■■■■               60% | ETA: 31m
 ■■■■■■■■■■■■■■■■■■■               60% | ETA: 31m
 ■■■■■■■■■■■■■■■■■■■               60% | ETA: 31m
 ■■■■■■■■■■■■■■■■■■■               60% | ETA: 31m
 ■■■■■■■■■■■■■■■■■■■               60% | ETA: 31m
 ■■■■■■■■■■■■■■■■■■■               60% | ETA: 31m
 ■■■■■■■■■■■■■■■■■■■               60% | ETA: 31m
 ■■■■■■■■■■■■■■■■■■■               60% | ETA: 30m
 ■■■■■■■■■■■■■■■■■■■               60% | ETA: 30m
 ■■■■■■■■■■■■■■■■■■■               60% | ETA: 30m
 ■■■■■■■■■■■■■■■■■■■               60% | ETA: 30m
 ■■■■■■■■■■■■■■■■■■■               61% | ETA: 30m
 ■■■■■■■■■■■■■■■■■■■               61% | ETA: 30m
 ■■■■■■■■■■■■■■■■■■■               61% | ETA: 30m
 ■■■■■■■■■■■■■■■■■■■               61% | ETA: 30m
 ■■■■■■■■■■■■■■■■■■■               61% | ETA: 30m
 ■■■■■■■■■■■■■■■■■■■               61% | ETA: 30m
 ■■■■■■■■■■■■■■■■■■■               61% | ETA: 30m
 ■■■■■■■■■■■■■■■■■■■               61% | ETA: 30m
 ■■■■■■■■■■■■■■■■■■■               61% | ETA: 30m
 ■■■■■■■■■■■■■■■■■■■               61% | ETA: 30m
 ■■■■■■■■■■■■■■■■■■■               61% | ETA: 30m
 ■■■■■■■■■■■■■■■■■■■               61% | ETA: 30m
 ■■■■■■■■■■■■■■■■■■■               62% | ETA: 30m
 ■■■■■■■■■■■■■■■■■■■               62% | ETA: 29m
 ■■■■■■■■■■■■■■■■■■■■              62% | ETA: 29m
 ■■■■■■■■■■■■■■■■■■■■              62% | ETA: 29m
 ■■■■■■■■■■■■■■■■■■■■              62% | ETA: 29m
 ■■■■■■■■■■■■■■■■■■■■              62% | ETA: 29m
 ■■■■■■■■■■■■■■■■■■■■              62% | ETA: 29m
 ■■■■■■■■■■■■■■■■■■■■              62% | ETA: 29m
 ■■■■■■■■■■■■■■■■■■■■              62% | ETA: 29m
 ■■■■■■■■■■■■■■■■■■■■              62% | ETA: 29m
 ■■■■■■■■■■■■■■■■■■■■              62% | ETA: 29m
 ■■■■■■■■■■■■■■■■■■■■              62% | ETA: 29m
 ■■■■■■■■■■■■■■■■■■■■              63% | ETA: 29m
 ■■■■■■■■■■■■■■■■■■■■              63% | ETA: 29m
 ■■■■■■■■■■■■■■■■■■■■              63% | ETA: 29m
 ■■■■■■■■■■■■■■■■■■■■              63% | ETA: 28m
 ■■■■■■■■■■■■■■■■■■■■              63% | ETA: 28m
 ■■■■■■■■■■■■■■■■■■■■              63% | ETA: 28m
 ■■■■■■■■■■■■■■■■■■■■              63% | ETA: 28m
 ■■■■■■■■■■■■■■■■■■■■              63% | ETA: 28m
 ■■■■■■■■■■■■■■■■■■■■              63% | ETA: 28m
 ■■■■■■■■■■■■■■■■■■■■              63% | ETA: 28m
 ■■■■■■■■■■■■■■■■■■■■              64% | ETA: 28m
 ■■■■■■■■■■■■■■■■■■■■              64% | ETA: 28m
 ■■■■■■■■■■■■■■■■■■■■              64% | ETA: 28m
 ■■■■■■■■■■■■■■■■■■■■              64% | ETA: 28m
 ■■■■■■■■■■■■■■■■■■■■              64% | ETA: 28m
 ■■■■■■■■■■■■■■■■■■■■              64% | ETA: 28m
 ■■■■■■■■■■■■■■■■■■■■              64% | ETA: 28m
 ■■■■■■■■■■■■■■■■■■■■              64% | ETA: 27m
 ■■■■■■■■■■■■■■■■■■■■              64% | ETA: 27m
 ■■■■■■■■■■■■■■■■■■■■              64% | ETA: 27m
 ■■■■■■■■■■■■■■■■■■■■              64% | ETA: 27m
 ■■■■■■■■■■■■■■■■■■■■              64% | ETA: 27m
 ■■■■■■■■■■■■■■■■■■■■              65% | ETA: 27m
 ■■■■■■■■■■■■■■■■■■■■              65% | ETA: 27m
 ■■■■■■■■■■■■■■■■■■■■              65% | ETA: 27m
 ■■■■■■■■■■■■■■■■■■■■              65% | ETA: 27m
 ■■■■■■■■■■■■■■■■■■■■              65% | ETA: 27m
 ■■■■■■■■■■■■■■■■■■■■              65% | ETA: 27m
 ■■■■■■■■■■■■■■■■■■■■■             65% | ETA: 27m
 ■■■■■■■■■■■■■■■■■■■■■             65% | ETA: 27m
 ■■■■■■■■■■■■■■■■■■■■■             65% | ETA: 27m
 ■■■■■■■■■■■■■■■■■■■■■             65% | ETA: 27m
 ■■■■■■■■■■■■■■■■■■■■■             65% | ETA: 26m
 ■■■■■■■■■■■■■■■■■■■■■             65% | ETA: 26m
 ■■■■■■■■■■■■■■■■■■■■■             66% | ETA: 26m
 ■■■■■■■■■■■■■■■■■■■■■             66% | ETA: 26m
 ■■■■■■■■■■■■■■■■■■■■■             66% | ETA: 26m
 ■■■■■■■■■■■■■■■■■■■■■             66% | ETA: 26m
 ■■■■■■■■■■■■■■■■■■■■■             66% | ETA: 26m
 ■■■■■■■■■■■■■■■■■■■■■             66% | ETA: 26m
 ■■■■■■■■■■■■■■■■■■■■■             66% | ETA: 26m
 ■■■■■■■■■■■■■■■■■■■■■             66% | ETA: 26m
 ■■■■■■■■■■■■■■■■■■■■■             66% | ETA: 26m
 ■■■■■■■■■■■■■■■■■■■■■             66% | ETA: 26m
 ■■■■■■■■■■■■■■■■■■■■■             66% | ETA: 26m
 ■■■■■■■■■■■■■■■■■■■■■             66% | ETA: 26m
 ■■■■■■■■■■■■■■■■■■■■■             67% | ETA: 26m
 ■■■■■■■■■■■■■■■■■■■■■             67% | ETA: 26m
 ■■■■■■■■■■■■■■■■■■■■■             67% | ETA: 25m
 ■■■■■■■■■■■■■■■■■■■■■             67% | ETA: 25m
 ■■■■■■■■■■■■■■■■■■■■■             67% | ETA: 25m
 ■■■■■■■■■■■■■■■■■■■■■             67% | ETA: 25m
 ■■■■■■■■■■■■■■■■■■■■■             67% | ETA: 25m
 ■■■■■■■■■■■■■■■■■■■■■             67% | ETA: 25m
 ■■■■■■■■■■■■■■■■■■■■■             67% | ETA: 25m
 ■■■■■■■■■■■■■■■■■■■■■             67% | ETA: 25m
 ■■■■■■■■■■■■■■■■■■■■■             67% | ETA: 25m
 ■■■■■■■■■■■■■■■■■■■■■             67% | ETA: 25m
 ■■■■■■■■■■■■■■■■■■■■■             68% | ETA: 25m
 ■■■■■■■■■■■■■■■■■■■■■             68% | ETA: 25m
 ■■■■■■■■■■■■■■■■■■■■■             68% | ETA: 25m
 ■■■■■■■■■■■■■■■■■■■■■             68% | ETA: 25m
 ■■■■■■■■■■■■■■■■■■■■■             68% | ETA: 25m
 ■■■■■■■■■■■■■■■■■■■■■             68% | ETA: 24m
 ■■■■■■■■■■■■■■■■■■■■■             68% | ETA: 24m
 ■■■■■■■■■■■■■■■■■■■■■             68% | ETA: 24m
 ■■■■■■■■■■■■■■■■■■■■■             68% | ETA: 24m
 ■■■■■■■■■■■■■■■■■■■■■             68% | ETA: 24m
 ■■■■■■■■■■■■■■■■■■■■■■            68% | ETA: 24m
 ■■■■■■■■■■■■■■■■■■■■■■            68% | ETA: 24m
 ■■■■■■■■■■■■■■■■■■■■■■            69% | ETA: 24m
 ■■■■■■■■■■■■■■■■■■■■■■            69% | ETA: 24m
 ■■■■■■■■■■■■■■■■■■■■■■            69% | ETA: 24m
 ■■■■■■■■■■■■■■■■■■■■■■            69% | ETA: 24m
 ■■■■■■■■■■■■■■■■■■■■■■            69% | ETA: 24m
 ■■■■■■■■■■■■■■■■■■■■■■            69% | ETA: 24m
 ■■■■■■■■■■■■■■■■■■■■■■            69% | ETA: 24m
 ■■■■■■■■■■■■■■■■■■■■■■            69% | ETA: 24m
 ■■■■■■■■■■■■■■■■■■■■■■            69% | ETA: 23m
 ■■■■■■■■■■■■■■■■■■■■■■            69% | ETA: 23m
 ■■■■■■■■■■■■■■■■■■■■■■            69% | ETA: 23m
 ■■■■■■■■■■■■■■■■■■■■■■            70% | ETA: 23m
 ■■■■■■■■■■■■■■■■■■■■■■            70% | ETA: 23m
 ■■■■■■■■■■■■■■■■■■■■■■            70% | ETA: 23m
 ■■■■■■■■■■■■■■■■■■■■■■            70% | ETA: 23m
 ■■■■■■■■■■■■■■■■■■■■■■            70% | ETA: 23m
 ■■■■■■■■■■■■■■■■■■■■■■            70% | ETA: 23m
 ■■■■■■■■■■■■■■■■■■■■■■            70% | ETA: 23m
 ■■■■■■■■■■■■■■■■■■■■■■            70% | ETA: 23m
 ■■■■■■■■■■■■■■■■■■■■■■            70% | ETA: 23m
 ■■■■■■■■■■■■■■■■■■■■■■            70% | ETA: 23m
 ■■■■■■■■■■■■■■■■■■■■■■            71% | ETA: 23m
 ■■■■■■■■■■■■■■■■■■■■■■            71% | ETA: 22m
 ■■■■■■■■■■■■■■■■■■■■■■            71% | ETA: 22m
 ■■■■■■■■■■■■■■■■■■■■■■            71% | ETA: 22m
 ■■■■■■■■■■■■■■■■■■■■■■            71% | ETA: 22m
 ■■■■■■■■■■■■■■■■■■■■■■            71% | ETA: 22m
 ■■■■■■■■■■■■■■■■■■■■■■            71% | ETA: 22m
 ■■■■■■■■■■■■■■■■■■■■■■            71% | ETA: 22m
 ■■■■■■■■■■■■■■■■■■■■■■            71% | ETA: 22m
 ■■■■■■■■■■■■■■■■■■■■■■            71% | ETA: 22m
 ■■■■■■■■■■■■■■■■■■■■■■            71% | ETA: 22m
 ■■■■■■■■■■■■■■■■■■■■■■            71% | ETA: 22m
 ■■■■■■■■■■■■■■■■■■■■■■            72% | ETA: 22m
 ■■■■■■■■■■■■■■■■■■■■■■            72% | ETA: 22m
 ■■■■■■■■■■■■■■■■■■■■■■■           72% | ETA: 22m
 ■■■■■■■■■■■■■■■■■■■■■■■           72% | ETA: 22m
 ■■■■■■■■■■■■■■■■■■■■■■■           72% | ETA: 22m
 ■■■■■■■■■■■■■■■■■■■■■■■           72% | ETA: 21m
 ■■■■■■■■■■■■■■■■■■■■■■■           72% | ETA: 21m
 ■■■■■■■■■■■■■■■■■■■■■■■           72% | ETA: 21m
 ■■■■■■■■■■■■■■■■■■■■■■■           72% | ETA: 21m
 ■■■■■■■■■■■■■■■■■■■■■■■           72% | ETA: 21m
 ■■■■■■■■■■■■■■■■■■■■■■■           72% | ETA: 21m
 ■■■■■■■■■■■■■■■■■■■■■■■           73% | ETA: 21m
 ■■■■■■■■■■■■■■■■■■■■■■■           73% | ETA: 21m
 ■■■■■■■■■■■■■■■■■■■■■■■           73% | ETA: 21m
 ■■■■■■■■■■■■■■■■■■■■■■■           73% | ETA: 21m
 ■■■■■■■■■■■■■■■■■■■■■■■           73% | ETA: 21m
 ■■■■■■■■■■■■■■■■■■■■■■■           73% | ETA: 21m
 ■■■■■■■■■■■■■■■■■■■■■■■           73% | ETA: 21m
 ■■■■■■■■■■■■■■■■■■■■■■■           73% | ETA: 21m
 ■■■■■■■■■■■■■■■■■■■■■■■           73% | ETA: 20m
 ■■■■■■■■■■■■■■■■■■■■■■■           73% | ETA: 20m
 ■■■■■■■■■■■■■■■■■■■■■■■           73% | ETA: 20m
 ■■■■■■■■■■■■■■■■■■■■■■■           73% | ETA: 20m
 ■■■■■■■■■■■■■■■■■■■■■■■           74% | ETA: 20m
 ■■■■■■■■■■■■■■■■■■■■■■■           74% | ETA: 20m
 ■■■■■■■■■■■■■■■■■■■■■■■           74% | ETA: 20m
 ■■■■■■■■■■■■■■■■■■■■■■■           74% | ETA: 20m
 ■■■■■■■■■■■■■■■■■■■■■■■           74% | ETA: 20m
 ■■■■■■■■■■■■■■■■■■■■■■■           74% | ETA: 20m
 ■■■■■■■■■■■■■■■■■■■■■■■           74% | ETA: 20m
 ■■■■■■■■■■■■■■■■■■■■■■■           74% | ETA: 20m
 ■■■■■■■■■■■■■■■■■■■■■■■           74% | ETA: 20m
 ■■■■■■■■■■■■■■■■■■■■■■■           74% | ETA: 20m
 ■■■■■■■■■■■■■■■■■■■■■■■           74% | ETA: 20m
 ■■■■■■■■■■■■■■■■■■■■■■■           75% | ETA: 19m
 ■■■■■■■■■■■■■■■■■■■■■■■           75% | ETA: 19m
 ■■■■■■■■■■■■■■■■■■■■■■■           75% | ETA: 19m
 ■■■■■■■■■■■■■■■■■■■■■■■           75% | ETA: 19m
 ■■■■■■■■■■■■■■■■■■■■■■■           75% | ETA: 19m
 ■■■■■■■■■■■■■■■■■■■■■■■■          75% | ETA: 19m
 ■■■■■■■■■■■■■■■■■■■■■■■■          75% | ETA: 19m
 ■■■■■■■■■■■■■■■■■■■■■■■■          75% | ETA: 19m
 ■■■■■■■■■■■■■■■■■■■■■■■■          75% | ETA: 19m
 ■■■■■■■■■■■■■■■■■■■■■■■■          75% | ETA: 19m
 ■■■■■■■■■■■■■■■■■■■■■■■■          75% | ETA: 19m
 ■■■■■■■■■■■■■■■■■■■■■■■■          76% | ETA: 19m
 ■■■■■■■■■■■■■■■■■■■■■■■■          76% | ETA: 19m
 ■■■■■■■■■■■■■■■■■■■■■■■■          76% | ETA: 19m
 ■■■■■■■■■■■■■■■■■■■■■■■■          76% | ETA: 18m
 ■■■■■■■■■■■■■■■■■■■■■■■■          76% | ETA: 18m
 ■■■■■■■■■■■■■■■■■■■■■■■■          76% | ETA: 18m
 ■■■■■■■■■■■■■■■■■■■■■■■■          76% | ETA: 18m
 ■■■■■■■■■■■■■■■■■■■■■■■■          76% | ETA: 18m
 ■■■■■■■■■■■■■■■■■■■■■■■■          76% | ETA: 18m
 ■■■■■■■■■■■■■■■■■■■■■■■■          76% | ETA: 18m
 ■■■■■■■■■■■■■■■■■■■■■■■■          76% | ETA: 18m
 ■■■■■■■■■■■■■■■■■■■■■■■■          76% | ETA: 18m
 ■■■■■■■■■■■■■■■■■■■■■■■■          77% | ETA: 18m
 ■■■■■■■■■■■■■■■■■■■■■■■■          77% | ETA: 18m
 ■■■■■■■■■■■■■■■■■■■■■■■■          77% | ETA: 18m
 ■■■■■■■■■■■■■■■■■■■■■■■■          77% | ETA: 18m
 ■■■■■■■■■■■■■■■■■■■■■■■■          77% | ETA: 18m
 ■■■■■■■■■■■■■■■■■■■■■■■■          77% | ETA: 18m
 ■■■■■■■■■■■■■■■■■■■■■■■■          77% | ETA: 18m
 ■■■■■■■■■■■■■■■■■■■■■■■■          77% | ETA: 17m
 ■■■■■■■■■■■■■■■■■■■■■■■■          77% | ETA: 17m
 ■■■■■■■■■■■■■■■■■■■■■■■■          77% | ETA: 17m
 ■■■■■■■■■■■■■■■■■■■■■■■■          77% | ETA: 17m
 ■■■■■■■■■■■■■■■■■■■■■■■■          77% | ETA: 17m
 ■■■■■■■■■■■■■■■■■■■■■■■■          78% | ETA: 17m
 ■■■■■■■■■■■■■■■■■■■■■■■■          78% | ETA: 17m
 ■■■■■■■■■■■■■■■■■■■■■■■■          78% | ETA: 17m
 ■■■■■■■■■■■■■■■■■■■■■■■■          78% | ETA: 17m
 ■■■■■■■■■■■■■■■■■■■■■■■■          78% | ETA: 17m
 ■■■■■■■■■■■■■■■■■■■■■■■■          78% | ETA: 17m
 ■■■■■■■■■■■■■■■■■■■■■■■■          78% | ETA: 17m
 ■■■■■■■■■■■■■■■■■■■■■■■■          78% | ETA: 17m
 ■■■■■■■■■■■■■■■■■■■■■■■■■         78% | ETA: 17m
 ■■■■■■■■■■■■■■■■■■■■■■■■■         78% | ETA: 16m
 ■■■■■■■■■■■■■■■■■■■■■■■■■         79% | ETA: 16m
 ■■■■■■■■■■■■■■■■■■■■■■■■■         79% | ETA: 16m
 ■■■■■■■■■■■■■■■■■■■■■■■■■         79% | ETA: 16m
 ■■■■■■■■■■■■■■■■■■■■■■■■■         79% | ETA: 16m
 ■■■■■■■■■■■■■■■■■■■■■■■■■         79% | ETA: 16m
 ■■■■■■■■■■■■■■■■■■■■■■■■■         79% | ETA: 16m
 ■■■■■■■■■■■■■■■■■■■■■■■■■         79% | ETA: 16m
 ■■■■■■■■■■■■■■■■■■■■■■■■■         79% | ETA: 16m
 ■■■■■■■■■■■■■■■■■■■■■■■■■         79% | ETA: 16m
 ■■■■■■■■■■■■■■■■■■■■■■■■■         79% | ETA: 16m
 ■■■■■■■■■■■■■■■■■■■■■■■■■         79% | ETA: 16m
 ■■■■■■■■■■■■■■■■■■■■■■■■■         79% | ETA: 16m
 ■■■■■■■■■■■■■■■■■■■■■■■■■         80% | ETA: 16m
 ■■■■■■■■■■■■■■■■■■■■■■■■■         80% | ETA: 16m
 ■■■■■■■■■■■■■■■■■■■■■■■■■         80% | ETA: 15m
 ■■■■■■■■■■■■■■■■■■■■■■■■■         80% | ETA: 15m
 ■■■■■■■■■■■■■■■■■■■■■■■■■         80% | ETA: 15m
 ■■■■■■■■■■■■■■■■■■■■■■■■■         80% | ETA: 15m
 ■■■■■■■■■■■■■■■■■■■■■■■■■         80% | ETA: 15m
 ■■■■■■■■■■■■■■■■■■■■■■■■■         80% | ETA: 15m
 ■■■■■■■■■■■■■■■■■■■■■■■■■         80% | ETA: 15m
 ■■■■■■■■■■■■■■■■■■■■■■■■■         80% | ETA: 15m
 ■■■■■■■■■■■■■■■■■■■■■■■■■         80% | ETA: 15m
 ■■■■■■■■■■■■■■■■■■■■■■■■■         81% | ETA: 15m
 ■■■■■■■■■■■■■■■■■■■■■■■■■         81% | ETA: 15m
 ■■■■■■■■■■■■■■■■■■■■■■■■■         81% | ETA: 15m
 ■■■■■■■■■■■■■■■■■■■■■■■■■         81% | ETA: 15m
 ■■■■■■■■■■■■■■■■■■■■■■■■■         81% | ETA: 15m
 ■■■■■■■■■■■■■■■■■■■■■■■■■         81% | ETA: 15m
 ■■■■■■■■■■■■■■■■■■■■■■■■■         81% | ETA: 15m
 ■■■■■■■■■■■■■■■■■■■■■■■■■         81% | ETA: 14m
 ■■■■■■■■■■■■■■■■■■■■■■■■■         81% | ETA: 14m
 ■■■■■■■■■■■■■■■■■■■■■■■■■         81% | ETA: 14m
 ■■■■■■■■■■■■■■■■■■■■■■■■■         81% | ETA: 14m
 ■■■■■■■■■■■■■■■■■■■■■■■■■         81% | ETA: 14m
 ■■■■■■■■■■■■■■■■■■■■■■■■■         82% | ETA: 14m
 ■■■■■■■■■■■■■■■■■■■■■■■■■         82% | ETA: 14m
 ■■■■■■■■■■■■■■■■■■■■■■■■■■        82% | ETA: 14m
 ■■■■■■■■■■■■■■■■■■■■■■■■■■        82% | ETA: 14m
 ■■■■■■■■■■■■■■■■■■■■■■■■■■        82% | ETA: 14m
 ■■■■■■■■■■■■■■■■■■■■■■■■■■        82% | ETA: 14m
 ■■■■■■■■■■■■■■■■■■■■■■■■■■        82% | ETA: 14m
 ■■■■■■■■■■■■■■■■■■■■■■■■■■        82% | ETA: 14m
 ■■■■■■■■■■■■■■■■■■■■■■■■■■        82% | ETA: 14m
 ■■■■■■■■■■■■■■■■■■■■■■■■■■        82% | ETA: 14m
 ■■■■■■■■■■■■■■■■■■■■■■■■■■        82% | ETA: 13m
 ■■■■■■■■■■■■■■■■■■■■■■■■■■        82% | ETA: 13m
 ■■■■■■■■■■■■■■■■■■■■■■■■■■        83% | ETA: 13m
 ■■■■■■■■■■■■■■■■■■■■■■■■■■        83% | ETA: 13m
 ■■■■■■■■■■■■■■■■■■■■■■■■■■        83% | ETA: 13m
 ■■■■■■■■■■■■■■■■■■■■■■■■■■        83% | ETA: 13m
 ■■■■■■■■■■■■■■■■■■■■■■■■■■        83% | ETA: 13m
 ■■■■■■■■■■■■■■■■■■■■■■■■■■        83% | ETA: 13m
 ■■■■■■■■■■■■■■■■■■■■■■■■■■        83% | ETA: 13m
 ■■■■■■■■■■■■■■■■■■■■■■■■■■        83% | ETA: 13m
 ■■■■■■■■■■■■■■■■■■■■■■■■■■        83% | ETA: 13m
 ■■■■■■■■■■■■■■■■■■■■■■■■■■        83% | ETA: 13m
 ■■■■■■■■■■■■■■■■■■■■■■■■■■        83% | ETA: 13m
 ■■■■■■■■■■■■■■■■■■■■■■■■■■        83% | ETA: 13m
 ■■■■■■■■■■■■■■■■■■■■■■■■■■        84% | ETA: 13m
 ■■■■■■■■■■■■■■■■■■■■■■■■■■        84% | ETA: 13m
 ■■■■■■■■■■■■■■■■■■■■■■■■■■        84% | ETA: 12m
 ■■■■■■■■■■■■■■■■■■■■■■■■■■        84% | ETA: 12m
 ■■■■■■■■■■■■■■■■■■■■■■■■■■        84% | ETA: 12m
 ■■■■■■■■■■■■■■■■■■■■■■■■■■        84% | ETA: 12m
 ■■■■■■■■■■■■■■■■■■■■■■■■■■        84% | ETA: 12m
 ■■■■■■■■■■■■■■■■■■■■■■■■■■        84% | ETA: 12m
 ■■■■■■■■■■■■■■■■■■■■■■■■■■        84% | ETA: 12m
 ■■■■■■■■■■■■■■■■■■■■■■■■■■        84% | ETA: 12m
 ■■■■■■■■■■■■■■■■■■■■■■■■■■        84% | ETA: 12m
 ■■■■■■■■■■■■■■■■■■■■■■■■■■        85% | ETA: 12m
 ■■■■■■■■■■■■■■■■■■■■■■■■■■        85% | ETA: 12m
 ■■■■■■■■■■■■■■■■■■■■■■■■■■        85% | ETA: 12m
 ■■■■■■■■■■■■■■■■■■■■■■■■■■        85% | ETA: 12m
 ■■■■■■■■■■■■■■■■■■■■■■■■■■        85% | ETA: 12m
 ■■■■■■■■■■■■■■■■■■■■■■■■■■        85% | ETA: 11m
 ■■■■■■■■■■■■■■■■■■■■■■■■■■■       85% | ETA: 11m
 ■■■■■■■■■■■■■■■■■■■■■■■■■■■       85% | ETA: 11m
 ■■■■■■■■■■■■■■■■■■■■■■■■■■■       85% | ETA: 11m
 ■■■■■■■■■■■■■■■■■■■■■■■■■■■       85% | ETA: 11m
 ■■■■■■■■■■■■■■■■■■■■■■■■■■■       85% | ETA: 11m
 ■■■■■■■■■■■■■■■■■■■■■■■■■■■       85% | ETA: 11m
 ■■■■■■■■■■■■■■■■■■■■■■■■■■■       86% | ETA: 11m
 ■■■■■■■■■■■■■■■■■■■■■■■■■■■       86% | ETA: 11m
 ■■■■■■■■■■■■■■■■■■■■■■■■■■■       86% | ETA: 11m
 ■■■■■■■■■■■■■■■■■■■■■■■■■■■       86% | ETA: 11m
 ■■■■■■■■■■■■■■■■■■■■■■■■■■■       86% | ETA: 11m
 ■■■■■■■■■■■■■■■■■■■■■■■■■■■       86% | ETA: 11m
 ■■■■■■■■■■■■■■■■■■■■■■■■■■■       86% | ETA: 11m
 ■■■■■■■■■■■■■■■■■■■■■■■■■■■       86% | ETA: 11m
 ■■■■■■■■■■■■■■■■■■■■■■■■■■■       86% | ETA: 11m
 ■■■■■■■■■■■■■■■■■■■■■■■■■■■       86% | ETA: 10m
 ■■■■■■■■■■■■■■■■■■■■■■■■■■■       86% | ETA: 10m
 ■■■■■■■■■■■■■■■■■■■■■■■■■■■       86% | ETA: 10m
 ■■■■■■■■■■■■■■■■■■■■■■■■■■■       87% | ETA: 10m
 ■■■■■■■■■■■■■■■■■■■■■■■■■■■       87% | ETA: 10m
 ■■■■■■■■■■■■■■■■■■■■■■■■■■■       87% | ETA: 10m
 ■■■■■■■■■■■■■■■■■■■■■■■■■■■       87% | ETA: 10m
 ■■■■■■■■■■■■■■■■■■■■■■■■■■■       87% | ETA: 10m
 ■■■■■■■■■■■■■■■■■■■■■■■■■■■       87% | ETA: 10m
 ■■■■■■■■■■■■■■■■■■■■■■■■■■■       87% | ETA: 10m
 ■■■■■■■■■■■■■■■■■■■■■■■■■■■       87% | ETA: 10m
 ■■■■■■■■■■■■■■■■■■■■■■■■■■■       87% | ETA: 10m
 ■■■■■■■■■■■■■■■■■■■■■■■■■■■       87% | ETA: 10m
 ■■■■■■■■■■■■■■■■■■■■■■■■■■■       87% | ETA: 10m
 ■■■■■■■■■■■■■■■■■■■■■■■■■■■       87% | ETA: 10m
 ■■■■■■■■■■■■■■■■■■■■■■■■■■■       88% | ETA:  9m
 ■■■■■■■■■■■■■■■■■■■■■■■■■■■       88% | ETA:  9m
 ■■■■■■■■■■■■■■■■■■■■■■■■■■■       88% | ETA:  9m
 ■■■■■■■■■■■■■■■■■■■■■■■■■■■       88% | ETA:  9m
 ■■■■■■■■■■■■■■■■■■■■■■■■■■■       88% | ETA:  9m
 ■■■■■■■■■■■■■■■■■■■■■■■■■■■       88% | ETA:  9m
 ■■■■■■■■■■■■■■■■■■■■■■■■■■■       88% | ETA:  9m
 ■■■■■■■■■■■■■■■■■■■■■■■■■■■       88% | ETA:  9m
 ■■■■■■■■■■■■■■■■■■■■■■■■■■■       88% | ETA:  9m
 ■■■■■■■■■■■■■■■■■■■■■■■■■■■       88% | ETA:  9m
 ■■■■■■■■■■■■■■■■■■■■■■■■■■■■      88% | ETA:  9m
 ■■■■■■■■■■■■■■■■■■■■■■■■■■■■      88% | ETA:  9m
 ■■■■■■■■■■■■■■■■■■■■■■■■■■■■      89% | ETA:  9m
 ■■■■■■■■■■■■■■■■■■■■■■■■■■■■      89% | ETA:  9m
 ■■■■■■■■■■■■■■■■■■■■■■■■■■■■      89% | ETA:  9m
 ■■■■■■■■■■■■■■■■■■■■■■■■■■■■      89% | ETA:  9m
 ■■■■■■■■■■■■■■■■■■■■■■■■■■■■      89% | ETA:  8m
 ■■■■■■■■■■■■■■■■■■■■■■■■■■■■      89% | ETA:  8m
 ■■■■■■■■■■■■■■■■■■■■■■■■■■■■      89% | ETA:  8m
 ■■■■■■■■■■■■■■■■■■■■■■■■■■■■      89% | ETA:  8m
 ■■■■■■■■■■■■■■■■■■■■■■■■■■■■      89% | ETA:  8m
 ■■■■■■■■■■■■■■■■■■■■■■■■■■■■      89% | ETA:  8m
 ■■■■■■■■■■■■■■■■■■■■■■■■■■■■      89% | ETA:  8m
 ■■■■■■■■■■■■■■■■■■■■■■■■■■■■      89% | ETA:  8m
 ■■■■■■■■■■■■■■■■■■■■■■■■■■■■      90% | ETA:  8m
 ■■■■■■■■■■■■■■■■■■■■■■■■■■■■      90% | ETA:  8m
 ■■■■■■■■■■■■■■■■■■■■■■■■■■■■      90% | ETA:  8m
 ■■■■■■■■■■■■■■■■■■■■■■■■■■■■      90% | ETA:  8m
 ■■■■■■■■■■■■■■■■■■■■■■■■■■■■      90% | ETA:  8m
 ■■■■■■■■■■■■■■■■■■■■■■■■■■■■      90% | ETA:  8m
 ■■■■■■■■■■■■■■■■■■■■■■■■■■■■      90% | ETA:  8m
 ■■■■■■■■■■■■■■■■■■■■■■■■■■■■      90% | ETA:  8m
 ■■■■■■■■■■■■■■■■■■■■■■■■■■■■      90% | ETA:  7m
 ■■■■■■■■■■■■■■■■■■■■■■■■■■■■      90% | ETA:  7m
 ■■■■■■■■■■■■■■■■■■■■■■■■■■■■      90% | ETA:  7m
 ■■■■■■■■■■■■■■■■■■■■■■■■■■■■      91% | ETA:  7m
 ■■■■■■■■■■■■■■■■■■■■■■■■■■■■      91% | ETA:  7m
 ■■■■■■■■■■■■■■■■■■■■■■■■■■■■      91% | ETA:  7m
 ■■■■■■■■■■■■■■■■■■■■■■■■■■■■      91% | ETA:  7m
 ■■■■■■■■■■■■■■■■■■■■■■■■■■■■      91% | ETA:  7m
 ■■■■■■■■■■■■■■■■■■■■■■■■■■■■      91% | ETA:  7m
 ■■■■■■■■■■■■■■■■■■■■■■■■■■■■      91% | ETA:  7m
 ■■■■■■■■■■■■■■■■■■■■■■■■■■■■      91% | ETA:  7m
 ■■■■■■■■■■■■■■■■■■■■■■■■■■■■      91% | ETA:  7m
 ■■■■■■■■■■■■■■■■■■■■■■■■■■■■      91% | ETA:  7m
 ■■■■■■■■■■■■■■■■■■■■■■■■■■■■      91% | ETA:  7m
 ■■■■■■■■■■■■■■■■■■■■■■■■■■■■      91% | ETA:  7m
 ■■■■■■■■■■■■■■■■■■■■■■■■■■■■      92% | ETA:  6m
 ■■■■■■■■■■■■■■■■■■■■■■■■■■■■      92% | ETA:  6m
 ■■■■■■■■■■■■■■■■■■■■■■■■■■■■■     92% | ETA:  6m
 ■■■■■■■■■■■■■■■■■■■■■■■■■■■■■     92% | ETA:  6m
 ■■■■■■■■■■■■■■■■■■■■■■■■■■■■■     92% | ETA:  6m
 ■■■■■■■■■■■■■■■■■■■■■■■■■■■■■     92% | ETA:  6m
 ■■■■■■■■■■■■■■■■■■■■■■■■■■■■■     92% | ETA:  6m
 ■■■■■■■■■■■■■■■■■■■■■■■■■■■■■     92% | ETA:  6m
 ■■■■■■■■■■■■■■■■■■■■■■■■■■■■■     92% | ETA:  6m
 ■■■■■■■■■■■■■■■■■■■■■■■■■■■■■     92% | ETA:  6m
 ■■■■■■■■■■■■■■■■■■■■■■■■■■■■■     92% | ETA:  6m
 ■■■■■■■■■■■■■■■■■■■■■■■■■■■■■     93% | ETA:  6m
 ■■■■■■■■■■■■■■■■■■■■■■■■■■■■■     93% | ETA:  6m
 ■■■■■■■■■■■■■■■■■■■■■■■■■■■■■     93% | ETA:  6m
 ■■■■■■■■■■■■■■■■■■■■■■■■■■■■■     93% | ETA:  6m
 ■■■■■■■■■■■■■■■■■■■■■■■■■■■■■     93% | ETA:  5m
 ■■■■■■■■■■■■■■■■■■■■■■■■■■■■■     93% | ETA:  5m
 ■■■■■■■■■■■■■■■■■■■■■■■■■■■■■     93% | ETA:  5m
 ■■■■■■■■■■■■■■■■■■■■■■■■■■■■■     93% | ETA:  5m
 ■■■■■■■■■■■■■■■■■■■■■■■■■■■■■     93% | ETA:  5m
 ■■■■■■■■■■■■■■■■■■■■■■■■■■■■■     93% | ETA:  5m
 ■■■■■■■■■■■■■■■■■■■■■■■■■■■■■     93% | ETA:  5m
 ■■■■■■■■■■■■■■■■■■■■■■■■■■■■■     94% | ETA:  5m
 ■■■■■■■■■■■■■■■■■■■■■■■■■■■■■     94% | ETA:  5m
 ■■■■■■■■■■■■■■■■■■■■■■■■■■■■■     94% | ETA:  5m
 ■■■■■■■■■■■■■■■■■■■■■■■■■■■■■     94% | ETA:  5m
 ■■■■■■■■■■■■■■■■■■■■■■■■■■■■■     94% | ETA:  5m
 ■■■■■■■■■■■■■■■■■■■■■■■■■■■■■     94% | ETA:  5m
 ■■■■■■■■■■■■■■■■■■■■■■■■■■■■■     94% | ETA:  4m
 ■■■■■■■■■■■■■■■■■■■■■■■■■■■■■     94% | ETA:  4m
 ■■■■■■■■■■■■■■■■■■■■■■■■■■■■■     94% | ETA:  4m
 ■■■■■■■■■■■■■■■■■■■■■■■■■■■■■     94% | ETA:  4m
 ■■■■■■■■■■■■■■■■■■■■■■■■■■■■■     94% | ETA:  4m
 ■■■■■■■■■■■■■■■■■■■■■■■■■■■■■     95% | ETA:  4m
 ■■■■■■■■■■■■■■■■■■■■■■■■■■■■■     95% | ETA:  4m
 ■■■■■■■■■■■■■■■■■■■■■■■■■■■■■     95% | ETA:  4m
 ■■■■■■■■■■■■■■■■■■■■■■■■■■■■■     95% | ETA:  4m
 ■■■■■■■■■■■■■■■■■■■■■■■■■■■■■     95% | ETA:  4m
 ■■■■■■■■■■■■■■■■■■■■■■■■■■■■■     95% | ETA:  4m
 ■■■■■■■■■■■■■■■■■■■■■■■■■■■■■■    95% | ETA:  4m
 ■■■■■■■■■■■■■■■■■■■■■■■■■■■■■■    95% | ETA:  4m
 ■■■■■■■■■■■■■■■■■■■■■■■■■■■■■■    95% | ETA:  4m
 ■■■■■■■■■■■■■■■■■■■■■■■■■■■■■■    95% | ETA:  4m
 ■■■■■■■■■■■■■■■■■■■■■■■■■■■■■■    95% | ETA:  4m
 ■■■■■■■■■■■■■■■■■■■■■■■■■■■■■■    95% | ETA:  3m
 ■■■■■■■■■■■■■■■■■■■■■■■■■■■■■■    96% | ETA:  3m
 ■■■■■■■■■■■■■■■■■■■■■■■■■■■■■■    96% | ETA:  3m
 ■■■■■■■■■■■■■■■■■■■■■■■■■■■■■■    96% | ETA:  3m
 ■■■■■■■■■■■■■■■■■■■■■■■■■■■■■■    96% | ETA:  3m
 ■■■■■■■■■■■■■■■■■■■■■■■■■■■■■■    96% | ETA:  3m
 ■■■■■■■■■■■■■■■■■■■■■■■■■■■■■■    96% | ETA:  3m
 ■■■■■■■■■■■■■■■■■■■■■■■■■■■■■■    96% | ETA:  3m
 ■■■■■■■■■■■■■■■■■■■■■■■■■■■■■■    96% | ETA:  3m
 ■■■■■■■■■■■■■■■■■■■■■■■■■■■■■■    96% | ETA:  3m
 ■■■■■■■■■■■■■■■■■■■■■■■■■■■■■■    96% | ETA:  3m
 ■■■■■■■■■■■■■■■■■■■■■■■■■■■■■■    96% | ETA:  3m
 ■■■■■■■■■■■■■■■■■■■■■■■■■■■■■■    96% | ETA:  3m
 ■■■■■■■■■■■■■■■■■■■■■■■■■■■■■■    97% | ETA:  3m
 ■■■■■■■■■■■■■■■■■■■■■■■■■■■■■■    97% | ETA:  3m
 ■■■■■■■■■■■■■■■■■■■■■■■■■■■■■■    97% | ETA:  2m
 ■■■■■■■■■■■■■■■■■■■■■■■■■■■■■■    97% | ETA:  2m
 ■■■■■■■■■■■■■■■■■■■■■■■■■■■■■■    97% | ETA:  2m
 ■■■■■■■■■■■■■■■■■■■■■■■■■■■■■■    97% | ETA:  2m
 ■■■■■■■■■■■■■■■■■■■■■■■■■■■■■■    97% | ETA:  2m
 ■■■■■■■■■■■■■■■■■■■■■■■■■■■■■■    97% | ETA:  2m
 ■■■■■■■■■■■■■■■■■■■■■■■■■■■■■■    97% | ETA:  2m
 ■■■■■■■■■■■■■■■■■■■■■■■■■■■■■■    97% | ETA:  2m
 ■■■■■■■■■■■■■■■■■■■■■■■■■■■■■■    97% | ETA:  2m
 ■■■■■■■■■■■■■■■■■■■■■■■■■■■■■■    98% | ETA:  2m
 ■■■■■■■■■■■■■■■■■■■■■■■■■■■■■■    98% | ETA:  2m
 ■■■■■■■■■■■■■■■■■■■■■■■■■■■■■■    98% | ETA:  2m
 ■■■■■■■■■■■■■■■■■■■■■■■■■■■■■■    98% | ETA:  2m
 ■■■■■■■■■■■■■■■■■■■■■■■■■■■■■■    98% | ETA:  2m
 ■■■■■■■■■■■■■■■■■■■■■■■■■■■■■■    98% | ETA:  2m
 ■■■■■■■■■■■■■■■■■■■■■■■■■■■■■■    98% | ETA:  1m
 ■■■■■■■■■■■■■■■■■■■■■■■■■■■■■■    98% | ETA:  1m
 ■■■■■■■■■■■■■■■■■■■■■■■■■■■■■■    98% | ETA:  1m
 ■■■■■■■■■■■■■■■■■■■■■■■■■■■■■■    98% | ETA:  1m
 ■■■■■■■■■■■■■■■■■■■■■■■■■■■■■■■   98% | ETA:  1m
 ■■■■■■■■■■■■■■■■■■■■■■■■■■■■■■■   98% | ETA:  1m
 ■■■■■■■■■■■■■■■■■■■■■■■■■■■■■■■   99% | ETA:  1m
 ■■■■■■■■■■■■■■■■■■■■■■■■■■■■■■■   99% | ETA:  1m
 ■■■■■■■■■■■■■■■■■■■■■■■■■■■■■■■   99% | ETA:  1m
 ■■■■■■■■■■■■■■■■■■■■■■■■■■■■■■■   99% | ETA:  1m
 ■■■■■■■■■■■■■■■■■■■■■■■■■■■■■■■   99% | ETA: 50s
 ■■■■■■■■■■■■■■■■■■■■■■■■■■■■■■■   99% | ETA: 42s
 ■■■■■■■■■■■■■■■■■■■■■■■■■■■■■■■   99% | ETA: 38s
 ■■■■■■■■■■■■■■■■■■■■■■■■■■■■■■■   99% | ETA: 34s
 ■■■■■■■■■■■■■■■■■■■■■■■■■■■■■■■   99% | ETA: 31s
 ■■■■■■■■■■■■■■■■■■■■■■■■■■■■■■■   99% | ETA: 27s
 ■■■■■■■■■■■■■■■■■■■■■■■■■■■■■■■   99% | ETA: 23s
 ■■■■■■■■■■■■■■■■■■■■■■■■■■■■■■■  100% | ETA: 19s
 ■■■■■■■■■■■■■■■■■■■■■■■■■■■■■■■  100% | ETA: 15s
 ■■■■■■■■■■■■■■■■■■■■■■■■■■■■■■■  100% | ETA: 11s
 ■■■■■■■■■■■■■■■■■■■■■■■■■■■■■■■  100% | ETA:  8s
 ■■■■■■■■■■■■■■■■■■■■■■■■■■■■■■■  100% | ETA:  4s

 ■■■■■■■■■■■■■■■■■■■■■■■■■■■■■■■  100% | ETA:  0s

✖ 389 files failed to download
✔ 23404 files were downloaded successfully
ℹ check the `download_status` column in the output data frame (invisibly
  returned) for details
Downloading media files:
 ■                                  1% | ETA:  4m
 ■■                                 4% | ETA:  4m
 ■■■                                5% | ETA:  4m
 ■■■                                7% | ETA:  4m
 ■■■                                8% | ETA:  4m
 ■■■■                               9% | ETA:  4m
 ■■■■                              11% | ETA:  4m
 ■■■■■                             12% | ETA:  4m
 ■■■■■                             14% | ETA:  4m
 ■■■■■                             15% | ETA:  4m
 ■■■■■■                            16% | ETA:  4m
 ■■■■■■                            18% | ETA:  4m
 ■■■■■■■                           19% | ETA:  4m
 ■■■■■■■                           20% | ETA:  4m
 ■■■■■■■                           22% | ETA:  4m
 ■■■■■■■■                          23% | ETA:  3m
 ■■■■■■■■                          24% | ETA:  3m
 ■■■■■■■■■                         26% | ETA:  3m
 ■■■■■■■■■                         27% | ETA:  3m
 ■■■■■■■■■■                        28% | ETA:  3m
 ■■■■■■■■■■                        30% | ETA:  3m
 ■■■■■■■■■■                        31% | ETA:  3m
 ■■■■■■■■■■■                       32% | ETA:  3m
 ■■■■■■■■■■■                       34% | ETA:  3m
 ■■■■■■■■■■■■                      35% | ETA:  3m
 ■■■■■■■■■■■■                      36% | ETA:  3m
 ■■■■■■■■■■■■                      38% | ETA:  3m
 ■■■■■■■■■■■■■                     39% | ETA:  3m
 ■■■■■■■■■■■■■                     41% | ETA:  3m
 ■■■■■■■■■■■■■■                    42% | ETA:  2m
 ■■■■■■■■■■■■■■                    43% | ETA:  2m
 ■■■■■■■■■■■■■■                    45% | ETA:  2m
 ■■■■■■■■■■■■■■■                   46% | ETA:  2m
 ■■■■■■■■■■■■■■■                   47% | ETA:  2m
 ■■■■■■■■■■■■■■■■                  49% | ETA:  2m
 ■■■■■■■■■■■■■■■■                  50% | ETA:  2m
 ■■■■■■■■■■■■■■■■                  51% | ETA:  2m
 ■■■■■■■■■■■■■■■■■                 54% | ETA:  2m
 ■■■■■■■■■■■■■■■■■■                55% | ETA:  2m
 ■■■■■■■■■■■■■■■■■■                57% | ETA:  2m
 ■■■■■■■■■■■■■■■■■■                58% | ETA:  2m
 ■■■■■■■■■■■■■■■■■■■               59% | ETA:  2m
 ■■■■■■■■■■■■■■■■■■■               61% | ETA:  2m
 ■■■■■■■■■■■■■■■■■■■■              64% | ETA:  1m
 ■■■■■■■■■■■■■■■■■■■■              65% | ETA:  1m
 ■■■■■■■■■■■■■■■■■■■■■             66% | ETA:  1m
 ■■■■■■■■■■■■■■■■■■■■■             68% | ETA:  1m
 ■■■■■■■■■■■■■■■■■■■■■■            70% | ETA:  1m
 ■■■■■■■■■■■■■■■■■■■■■■            72% | ETA:  1m
 ■■■■■■■■■■■■■■■■■■■■■■■           73% | ETA:  1m
 ■■■■■■■■■■■■■■■■■■■■■■■           74% | ETA:  1m
 ■■■■■■■■■■■■■■■■■■■■■■■■          76% | ETA:  1m
 ■■■■■■■■■■■■■■■■■■■■■■■■          77% | ETA:  1m
 ■■■■■■■■■■■■■■■■■■■■■■■■■         78% | ETA:  1m
 ■■■■■■■■■■■■■■■■■■■■■■■■■         80% | ETA: 47s
 ■■■■■■■■■■■■■■■■■■■■■■■■■         81% | ETA: 44s
 ■■■■■■■■■■■■■■■■■■■■■■■■■■        82% | ETA: 41s
 ■■■■■■■■■■■■■■■■■■■■■■■■■■        84% | ETA: 38s
 ■■■■■■■■■■■■■■■■■■■■■■■■■■■       85% | ETA: 35s
 ■■■■■■■■■■■■■■■■■■■■■■■■■■■       86% | ETA: 31s
 ■■■■■■■■■■■■■■■■■■■■■■■■■■■       88% | ETA: 28s
 ■■■■■■■■■■■■■■■■■■■■■■■■■■■■      91% | ETA: 22s
 ■■■■■■■■■■■■■■■■■■■■■■■■■■■■■     92% | ETA: 19s
 ■■■■■■■■■■■■■■■■■■■■■■■■■■■■■     93% | ETA: 15s
 ■■■■■■■■■■■■■■■■■■■■■■■■■■■■■     95% | ETA: 12s
 ■■■■■■■■■■■■■■■■■■■■■■■■■■■■■■    97% | ETA:  6s
 ■■■■■■■■■■■■■■■■■■■■■■■■■■■■■■■   99% | ETA:  3s

 ■■■■■■■■■■■■■■■■■■■■■■■■■■■■■■■  100% | ETA:  0s

✖ 330 files failed to download
✔ 1131 files were downloaded successfully
ℹ check the `download_status` column in the output data frame (invisibly
  returned) for details
Time difference of 3.941031 hours
