"repository","format","key","species","date","time","user_name","country","locality","latitude","longitude","file_url","file_extension","observation_url","source","duplicate_group","downloaded_file_name","download_status","file_size"
"Xeno-Canto","sound","974652","Procnias averano","2025-02-15","06:32","Jayrson Araujo De Oliveira","Brazil","Caxias, Maranhão",-4.9035,-43.4386,"https://xeno-canto.org/974652/download","mp3","https://xeno-canto.org/974652","xc",1,"Procnias_averano-XC974652.mp3","already there (not downloaded)",1.82
"iNaturalist","sound","19556299","Procnias averano","2018-12-23","07:01","Chris Harrison",NA,"10.7166082379,-61.2982309981",10.7166082379,-61.2982309981,"https://static.inaturalist.org/sounds/29074.mp3?1547147790","mp3","https://www.inaturalist.org/observations/19556299","inat",2,"Procnias_averano-INAT19556299-1.mp3","already there (not downloaded)",0.17
"iNaturalist","sound","19556299","Procnias averano","2018-12-23","07:01","Chris Harrison",NA,"10.7166082379,-61.2982309981",10.7166082379,-61.2982309981,"https://static.inaturalist.org/sounds/29075.mp3?1547147790","mp3","https://www.inaturalist.org/observations/19556299","inat",3,"Procnias_averano-INAT19556299-2.mp3","already there (not downloaded)",0.6
"Xeno-Canto","sound","456301","Procnias averano","2019-02-02","07:30","Gabriel Leite","Brazil","Amajari, State of Roraima",3.3821,-61.4464,"https://xeno-canto.org/456301/download","mp3","https://xeno-canto.org/456301","xc",4,"Procnias_averano-XC456301.mp3","already there (not downloaded)",0.9
"GBIF","sound","2243591995","Procnias averano","2009-03-03",NA,"Hans Matheve","Venezuela (Bolivarian Republic of)","La Escalera, Bolívar",5.9507,-61.4304,"https://xeno-canto.org/sounds/uploaded/VROUALCTKG/XC163381-Bearded%20Bellbird%20%28call%2C%20La%20Escalera%2C%20Venezuela%2C%20mar2009%2C%201%29.mp3","mp3","https://www.gbif.org/occurrence/2243591995","gbif",5,"Procnias_averano-GBIF2243591995.mp3","already there (not downloaded)",0.82
"GBIF","sound","2243592564","Procnias averano","2009-03-03",NA,"Hans Matheve","Venezuela (Bolivarian Republic of)","La Escalera, Bolívar",5.9507,-61.4304,"https://xeno-canto.org/sounds/uploaded/VROUALCTKG/XC163382-Bearded%20Bellbird%20%28call%2C%20La%20Escalera%2C%20Venezuela%2C%20mar2009%2C%202%29.mp3","mp3","https://www.gbif.org/occurrence/2243592564","gbif",6,"Procnias_averano-GBIF2243592564.mp3","already there (not downloaded)",0.52
"Xeno-Canto","sound","410711","Procnias averano","2004-02-23","10:00","Rosendo Fraga","Venezuela","La Escalera - Canaima National Park - Venezuela",5.97,-61.425,"https://xeno-canto.org/410711/download","mp3","https://xeno-canto.org/410711","xc",7,"Procnias_averano-XC410711.mp3","already there (not downloaded)",0.21
"GBIF","sound","2609665852","Procnias averano","2007-04-08",NA,"Todd Mark","Trinidad and Tobago","near Brasso Seco, Northern Range",10.7334,-61.2667,"https://xeno-canto.org/sounds/uploaded/CLKPHLYUHA/toddIII-T_T1BeBi.mp3","mp3","https://www.gbif.org/occurrence/2609665852","gbif",8,"Procnias_averano-GBIF2609665852.mp3","already there (not downloaded)",0.24
"GBIF","sound","2609665899","Procnias averano","2007-04-08",NA,"Todd Mark","Trinidad and Tobago","near Brasso Seco, Northern Range",10.7334,-61.2667,"https://xeno-canto.org/sounds/uploaded/CLKPHLYUHA/toddIII-T_T1bBeBi.mp3","mp3","https://www.gbif.org/occurrence/2609665899","gbif",9,"Procnias_averano-GBIF2609665899.mp3","already there (not downloaded)",0.95
"GBIF","sound","2609692104","Procnias averano","1989-07-17",NA,"Allen T. Chartier","Trinidad and Tobago","Asa Wright Nature Center",10.7001,-61.2834,"https://xeno-canto.org/sounds/uploaded/AZXTZTQJRO/Procnias_averano_TT-AWNC_19890717_S1_ATC.mp3","mp3","https://www.gbif.org/occurrence/2609692104","gbif",10,"Procnias_averano-GBIF2609692104.mp3","already there (not downloaded)",0.76
"GBIF","sound","2609692177","Procnias averano","1989-07-20",NA,"Allen T. Chartier","Trinidad and Tobago","Asa Wright Nature Center",10.7001,-61.2834,"https://xeno-canto.org/sounds/uploaded/AZXTZTQJRO/Procnias_averano_TT-AWNC_19890720_S1_ATC.mp3","mp3","https://www.gbif.org/occurrence/2609692177","gbif",11,"Procnias_averano-GBIF2609692177.mp3","already there (not downloaded)",0.39
"GBIF","sound","2609692231","Procnias averano","1989-07-17",NA,"Allen T. Chartier","Trinidad and Tobago","Asa Wright Nature Center",10.7001,-61.2834,"https://xeno-canto.org/sounds/uploaded/AZXTZTQJRO/Procnias_averano_TT-AWNC_19890717_S3_ATC.mp3","mp3","https://www.gbif.org/occurrence/2609692231","gbif",12,"Procnias_averano-GBIF2609692231.mp3","already there (not downloaded)",0.15
"GBIF","sound","2609692247","Procnias averano","1989-07-17",NA,"Allen T. Chartier","Trinidad and Tobago","Asa Wright Nature Center",10.7001,-61.2834,"https://xeno-canto.org/sounds/uploaded/AZXTZTQJRO/Procnias_averano_TT-AWNC_19890717_S2_ATC.mp3","mp3","https://www.gbif.org/occurrence/2609692247","gbif",13,"Procnias_averano-GBIF2609692247.mp3","already there (not downloaded)",0.5
"GBIF","sound","2609692405","Procnias averano","1989-07-16",NA,"Allen T. Chartier","Trinidad and Tobago","Asa Wright Nature Center",10.7001,-61.2834,"https://xeno-canto.org/sounds/uploaded/AZXTZTQJRO/Procnias_averano_TT-AWNC_19890716_S1_ATC.mp3","mp3","https://www.gbif.org/occurrence/2609692405","gbif",14,"Procnias_averano-GBIF2609692405.mp3","already there (not downloaded)",0.21
"GBIF","sound","2243591942","Procnias averano",NA,NA,"Frank Lambert","Brazil","Quebrangulo, Alagoas",-9.3189,-36.4711,"https://xeno-canto.org/sounds/uploaded/YTUXOCTUEM/XC163655-Procnias_averano_nom-FL%20male%20Pedra%20Talhada%20Alagoas%20Brazil93%202.mp3","mp3","https://www.gbif.org/occurrence/2243591942","gbif",15,"Procnias_averano-GBIF2243591942.mp3","already there (not downloaded)",1.29
"GBIF","sound","2243592254","Procnias averano",NA,NA,"Frank Lambert","Brazil","Quebrangulo, Alagoas",-9.3189,-36.4711,"https://xeno-canto.org/sounds/uploaded/YTUXOCTUEM/XC163654-Procnias_averano_nom-FL%20male%20Pedra%20Talhada%20Alagoas%20Brazil93.mp3","mp3","https://www.gbif.org/occurrence/2243592254","gbif",16,"Procnias_averano-GBIF2243592254.mp3","already there (not downloaded)",1.19
"GBIF","sound","2609668370","Procnias averano",NA,NA,"David Edwards","Venezuela (Bolivarian Republic of)","La Escalera, Sierra de Lema, Bolívar",5.9656,-61.3917,"https://xeno-canto.org/sounds/uploaded/AFEHYCAHZR/BeardedBellbirdEdwards.mp3","mp3","https://www.gbif.org/occurrence/2609668370","gbif",17,"Procnias_averano-GBIF2609668370.mp3","already there (not downloaded)",2.05
"Xeno-Canto","sound","410614","Procnias averano","2004-02-23","14:30","Rosendo Fraga","Venezuela","Sección Capital Gran Sabana, La Gran Sabana, Bolívar",5.5736,-61.2921,"https://xeno-canto.org/410614/download","mp3","https://xeno-canto.org/410614","xc",18,"Procnias_averano-XC410614.mp3","already there (not downloaded)",0.16
"Xeno-Canto","sound","460345","Procnias averano","2019-02-17","16:00","Dan Lane","Trinidad & Tobago","Asa Wright Nature Centre",10.7137,-61.2959,"https://xeno-canto.org/460345/download","mp3","https://xeno-canto.org/460345","xc",19,"Procnias_averano-XC460345.mp3","already there (not downloaded)",5.27
"Xeno-Canto","sound","493159","Procnias averano","2019-07-18","08:10","Jayrson Araujo De Oliveira","Brazil","Araguaína, State of Tocantins Campus UFT",-7.0908,-48.2134,"https://xeno-canto.org/493159/download","mp3","https://xeno-canto.org/493159","xc",20,"Procnias_averano-XC493159.mp3","already there (not downloaded)",0.88
"Xeno-Canto","sound","769411","Procnias averano","2022-12-01","09:22","Jayrson Araujo De Oliveira","Brazil","Porto Franco, Maranhão Ecopousada Brasil",-6.3761,-47.1085,"https://xeno-canto.org/769411/download","mp3","https://xeno-canto.org/769411","xc",21,"Procnias_averano-XC769411.mp3","already there (not downloaded)",1.56
"Xeno-Canto","sound","542023","Procnias averano","2019-10-25","12:00","Ciro Albano","Brazil","Pacatuba, State of Ceará",-3.9833,-38.6333,"https://xeno-canto.org/542023/download","mp3","https://xeno-canto.org/542023","xc",22,"Procnias_averano-XC542023.mp3","already there (not downloaded)",7.64
"Xeno-Canto","sound","513096","Procnias averano","2019-12-11","07:00","Gabriel Leite","Brazil","Uiramutã, State of Roraima",5.0524,-60.6173,"https://xeno-canto.org/513096/download","mp3","https://xeno-canto.org/513096","xc",23,"Procnias_averano-XC513096.mp3","already there (not downloaded)",1.28
"Xeno-Canto","sound","438835","Procnias averano","2018-10-14","10:00","Jayrson Araujo De Oliveira","Brazil","Porto Franco, Maranhão Ecopousada Brasil",-6.3761,-47.1085,"https://xeno-canto.org/438835/download","mp3","https://xeno-canto.org/438835","xc",24,"Procnias_averano-XC438835.mp3","already there (not downloaded)",0.18
"Xeno-Canto","sound","354955","Procnias averano","2017-01-29","07:00","Gabriel Leite","Venezuela","La Escalera - Canaima National Park - Venezuela",5.97,-61.425,"https://xeno-canto.org/354955/download","mp3","https://xeno-canto.org/354955","xc",25,"Procnias_averano-XC354955.mp3","already there (not downloaded)",0.56
"Xeno-Canto","sound","582856","Procnias averano","2017-04-18","07:16","Dante Buzzetti","Brazil","Estação Ecológica de Murici, Murici, Alagoas",-9.2265,-35.8792,"https://xeno-canto.org/582856/download","mp3","https://xeno-canto.org/582856","xc",26,"Procnias_averano-XC582856.mp3","already there (not downloaded)",1.12
"Xeno-Canto","sound","427842","Procnias averano","2016-03-18","16:35","Caio Brito","Brazil","Serra da Aratanha, Pacatuba-CE, Ceará",-3.974025,-38.645586,"https://xeno-canto.org/427842/download","mp3","https://xeno-canto.org/427842","xc",27,"Procnias_averano-XC427842.mp3","already there (not downloaded)",1.27
"Xeno-Canto","sound","6586","Procnias averano","2004-05-03","08:00","Marcos Pérsio","Brazil","Fazenda Nazaret, estado do Piauí",NA,NA,"https://xeno-canto.org/6586/download","mp3","https://xeno-canto.org/6586","xc",28,"Procnias_averano-XC6586.mp3","already there (not downloaded)",0.27
"Xeno-Canto","sound","318303","Procnias averano","2016-05-19","07:00","Bennett Hennessey","Brazil","Serra do Urubu, Pernambuco",-8.7037,-35.8383,"https://xeno-canto.org/318303/download","mp3","https://xeno-canto.org/318303","xc",29,"Procnias_averano-XC318303.mp3","already there (not downloaded)",0.29
"Xeno-Canto","sound","769410","Procnias averano","2022-12-01","09:12","Jayrson Araujo De Oliveira","Brazil","Porto Franco, Maranhão Ecopousada Brasil",-6.3761,-47.1085,"https://xeno-canto.org/769410/download","mp3","https://xeno-canto.org/769410","xc",30,"Procnias_averano-XC769410.mp3","already there (not downloaded)",1.12
"Xeno-Canto","sound","918411","Procnias averano","2024-05-11","15:30","Francisco Contreras @francontreras.80","Venezuela","Haiton de Guarataro, Curimagua, Petit, Falcón",11.1495,-69.691,"https://xeno-canto.org/918411/download","wav","https://xeno-canto.org/918411","xc",31,"Procnias_averano-XC918411.wav","already there (not downloaded)",2.45
"Xeno-Canto","sound","334312","Procnias averano","2016-09-11","08:00","Sidnei Dantas","Brazil","Marituba, Pará",-1.407,-48.309,"https://xeno-canto.org/334312/download","mp3","https://xeno-canto.org/334312","xc",32,"Procnias_averano-XC334312.mp3","already there (not downloaded)",0.65
"Xeno-Canto","sound","427844","Procnias averano","2015-02-12","16:40","Caio Brito","Brazil","Serra da Aratanha, Pacatuba-CE, Ceará",-3.974025,-38.645586,"https://xeno-canto.org/427844/download","mp3","https://xeno-canto.org/427844","xc",33,"Procnias_averano-XC427844.mp3","already there (not downloaded)",1.42
"Xeno-Canto","sound","427845","Procnias averano","2015-02-12","16:45","Caio Brito","Brazil","Serra da Aratanha, Pacatuba-CE, Ceará",-3.974025,-38.645586,"https://xeno-canto.org/427845/download","mp3","https://xeno-canto.org/427845","xc",34,"Procnias_averano-XC427845.mp3","already there (not downloaded)",0.68
"Xeno-Canto","sound","427843","Procnias averano","2015-02-12","16:00","Caio Brito","Brazil","Serra da Aratanha, Pacatuba-CE, Ceará",-3.974025,-38.645586,"https://xeno-canto.org/427843/download","mp3","https://xeno-canto.org/427843","xc",35,"Procnias_averano-XC427843.mp3","already there (not downloaded)",0.74
"Xeno-Canto","sound","287540","Procnias averano","2015-10-10","05:30","Robson Silva e Silva","Brazil","Ribeirão Cancela, Chapada das Mesas National Park, Carolina, Maranhão",-7.1279,-47.3784,"https://xeno-canto.org/287540/download","mp3","https://xeno-canto.org/287540","xc",36,"Procnias_averano-XC287540.mp3","already there (not downloaded)",0.6
"Xeno-Canto","sound","189848","Procnias averano","2014-07-25","06:30","Uffe Damm Andersen","Trinidad & Tobago","Asa Wright Nature Centre",10.7137,-61.2959,"https://xeno-canto.org/189848/download","mp3","https://xeno-canto.org/189848","xc",37,"Procnias_averano-XC189848.mp3","already there (not downloaded)",0.36
"Xeno-Canto","sound","31877","Procnias averano","2003-09-06","07:00","Sidnei Dantas","Brazil","Murici, Alagoas",-9.3001,-35.9334,"https://xeno-canto.org/31877/download","mp3","https://xeno-canto.org/31877","xc",38,"Procnias_averano-XC31877.mp3","already there (not downloaded)",1.16
"Xeno-Canto","sound","949161","Procnias averano","2024-10-15","10:00","Pepe Rojas","Trinidad & Tobago","Asa Wright Nature Center",10.7001,-61.2834,"https://xeno-canto.org/949161/download","mp3","https://xeno-canto.org/949161","xc",39,"Procnias_averano-XC949161.mp3","already there (not downloaded)",6.55
"Xeno-Canto","sound","944372","Procnias averano","2024-11-01","07:11","Jayrson Araujo De Oliveira","Brazil","Porto Franco, Maranhão Ecopousada Brasil",-6.3761,-47.1085,"https://xeno-canto.org/944372/download","mp3","https://xeno-canto.org/944372","xc",40,"Procnias_averano-XC944372.mp3","already there (not downloaded)",0.3
"Xeno-Canto","sound","8238","Procnias averano","2002-05-10","10:00","Nick Athanas","Venezuela","La Escalera, Sierra de Lema, Bolívar",5.9656,-61.3917,"https://xeno-canto.org/8238/download","mp3","https://xeno-canto.org/8238","xc",41,"Procnias_averano-XC8238.mp3","already there (not downloaded)",0.19
"Xeno-Canto","sound","511850","Procnias averano","2002-10-11","06:10","Dante Buzzetti","Brazil","Estação Ecológica de Murici, Murici, Alagoas",-9.2093,-35.8681,"https://xeno-canto.org/511850/download","mp3","https://xeno-canto.org/511850","xc",42,"Procnias_averano-XC511850.mp3","already there (not downloaded)",2.31
"Xeno-Canto","sound","512356","Procnias averano","2002-10-11","11:35","Dante Buzzetti","Brazil","Estação Ecológica de Murici, Murici, Alagoas",-9.2093,-35.8681,"https://xeno-canto.org/512356/download","mp3","https://xeno-canto.org/512356","xc",43,"Procnias_averano-XC512356.mp3","already there (not downloaded)",5.79
"Xeno-Canto","sound","228603","Procnias averano","1995-04-30","10:15","Peter Boesman","Venezuela","Serrania de San Luis, Falcon",11.2,-69.7,"https://xeno-canto.org/228603/download","mp3","https://xeno-canto.org/228603","xc",44,"Procnias_averano-XC228603.mp3","already there (not downloaded)",0.47
"Xeno-Canto","sound","228600","Procnias averano","1994-10-20","09:00","Peter Boesman","Venezuela","Upper escalera, Bolivar",5.9666666667,-61.4,"https://xeno-canto.org/228600/download","mp3","https://xeno-canto.org/228600","xc",45,"Procnias_averano-XC228600.mp3","already there (not downloaded)",0.37
"Xeno-Canto","sound","769674","Procnias averano","2022-12-07","09:27","Jayrson Araujo De Oliveira","Brazil","Porto Franco, Maranhão Ecopousada Brasil",-6.3761,-47.1085,"https://xeno-canto.org/769674/download","mp3","https://xeno-canto.org/769674","xc",46,"Procnias_averano-XC769674.mp3","already there (not downloaded)",0.57
"Xeno-Canto","sound","830866","Procnias averano","2023-09-11","10:28","Jayrson Araujo De Oliveira","Brazil","Trilha Mata da Lagoa - Carajás, Parauapebas-PA, Pará",-6.0325,-50.0871,"https://xeno-canto.org/830866/download","mp3","https://xeno-canto.org/830866","xc",47,"Procnias_averano-XC830866.mp3","already there (not downloaded)",0.84
"Xeno-Canto","sound","854960","Procnias averano","2023-12-11","10:00","Steve","Trinidad & Tobago","Blanchisseuse, Tunapuna/Piarco Regional Corporation",10.7178,-61.2983,"https://xeno-canto.org/854960/download","wav","https://xeno-canto.org/854960","xc",48,"Procnias_averano-XC854960.wav","already there (not downloaded)",2.14
"Xeno-Canto","sound","742170","Procnias averano","2022-03-14","13:25","Cicero Simão Lima Santos","Brazil","Barbalha, Ceará",-7.3915,-39.2977,"https://xeno-canto.org/742170/download","mp3","https://xeno-canto.org/742170","xc",49,"Procnias_averano-XC742170.mp3","already there (not downloaded)",0.14
"Xeno-Canto","sound","742165","Procnias averano","2022-03-14","13:30","Cicero Simão Lima Santos","Brazil","Barbalha, Ceará",-7.3954,-39.2958,"https://xeno-canto.org/742165/download","mp3","https://xeno-canto.org/742165","xc",50,"Procnias_averano-XC742165.mp3","already there (not downloaded)",0.41
"WikiAves","sound","4971764","Procnias averano","2014-03-20",NA,"Cicero Simão","Brazil","Barbalha/CE",NA,NA,"https://s3.amazonaws.com/media.wikiaves.com.br/recordings/1794/4971764_978431cf63df46195edadaf8e6b6453d.mp3","mp3","https://www.wikiaves.com.br/4971764","wa",51,"Procnias_averano-WA4971764.mp3","already there (not downloaded)",0.41
"GBIF","sound","2432408703","Procnias averano","2006-12-27",NA,"Ciro Albano","Brazil","Serra da Aratanha, Pacatuba, state of Ceará",-3.9667,-38.6334,"https://xeno-canto.org/sounds/uploaded/MXVQPUKGWW/1354_Procnias%20averano_Serra%20da%20Aratanha_27_XII_2006_Ciro%20Albano7.mp3","mp3","https://www.gbif.org/occurrence/2432408703","gbif",52,"Procnias_averano-GBIF2432408703.mp3","already there (not downloaded)",0.41
"GBIF","sound","2432452450","Procnias averano","2009-10-07","10:00","Tulio Dornas","Brazil","Mata da Sapucaia - Assentamento Costa Rica, Wanderlandia, Tocantins",-6.74,-48.081,"https://xeno-canto.org/sounds/uploaded/MTUQGBMRNC/Procnias_averano_TD_07-10-2009_Wanderlandia.mp3","mp3","https://www.gbif.org/occurrence/2432452450","gbif",53,"Procnias_averano-GBIF2432452450.mp3","already there (not downloaded)",0.06
"Xeno-Canto","sound","393269","Procnias averano","2017-11-16","11:30","Weber Girão","Brazil","Oasis Araripe Natural Reserve, Crato, Ceará",-7.2319,-39.4755,"https://xeno-canto.org/393269/download","mp3","https://xeno-canto.org/393269","xc",54,"Procnias_averano-XC393269.mp3","already there (not downloaded)",1.42
"Xeno-Canto","sound","77769","Procnias averano","2011-05-04","10:30","Mark Harper","Trinidad & Tobago","Asa Wright Nature Center",10.7001,-61.2834,"https://xeno-canto.org/77769/download","mp3","https://xeno-canto.org/77769","xc",55,"Procnias_averano-XC77769.mp3","already there (not downloaded)",2.31
"Xeno-Canto","sound","1422","Procnias averano","2020-05-06","16:48","Guilherme r r Brito","Brazil","Mancha Verde, São Joao dos Patos - Maranhao State",-6.5942,-43.617,"https://xeno-canto.org/1422/download","mp3","https://xeno-canto.org/1422","xc",56,"Procnias_averano-XC1422.mp3","already there (not downloaded)",0.11
"Xeno-Canto","sound","563535","Procnias averano","2007-06-11","10:30","Rosendo Manuel Fraga","Venezuela","Sección Capital Gran Sabana, La Gran Sabana, Bolívar",5.7861,-61.3785,"https://xeno-canto.org/563535/download","mp3","https://xeno-canto.org/563535","xc",57,"Procnias_averano-XC563535.mp3","already there (not downloaded)",1.05
"Xeno-Canto","sound","769479","Procnias averano","2022-12-02","07:06","Jayrson Araujo De Oliveira","Brazil","Porto Franco, Maranhão Ecopousada Brasil",-6.3761,-47.1085,"https://xeno-canto.org/769479/download","mp3","https://xeno-canto.org/769479","xc",58,"Procnias_averano-XC769479.mp3","already there (not downloaded)",2.68
"Xeno-Canto","sound","769677","Procnias averano","2022-12-07","09:49","Jayrson Araujo De Oliveira","Brazil","Porto Franco, Maranhão Ecopousada Brasil",-6.3761,-47.1085,"https://xeno-canto.org/769677/download","mp3","https://xeno-canto.org/769677","xc",59,"Procnias_averano-XC769677.mp3","already there (not downloaded)",4.14
"Macaulay Library","sound","372685591","Procnias averano","2007-03-17","10:30","David Ascanio","Venezuela","Carretera de la Costa--Los Caracas-Osma",10.61758,-66.53496,"https://cdn.download.ams.birds.cornell.edu/api/v1/asset/372685591/","mp3","https://macaulaylibrary.org/asset/372685591","mac",60,"Procnias_averano-ML372685591.mp3","already there (not downloaded)",2.88
"Macaulay Library","sound","191569101","Procnias averano","2019-11-23","04:24","Carlos Otávio Gussoni","Brazil","Jaqueira--RPPN Frei Caneca",-8.722466,-35.8372,"https://cdn.download.ams.birds.cornell.edu/api/v1/asset/191569101/","mp3","https://macaulaylibrary.org/asset/191569101","mac",61,"Procnias_averano-ML191569101.mp3","already there (not downloaded)",0.73
"Macaulay Library","sound","88659401","Procnias averano","2018-02-13","15:32","Robert Bochenek","Trinidad and Tobago","Asa Wright Nature Center",10.717981,-61.2981367,"https://cdn.download.ams.birds.cornell.edu/api/v1/asset/88659401/","mp3","https://macaulaylibrary.org/asset/88659401","mac",62,"Procnias_averano-ML88659401.mp3","already there (not downloaded)",0.88
"Macaulay Library","sound","49357851","Procnias averano","2017-02-22","13:01","Doug Hendricks","Trinidad and Tobago","Asa Wright Nature Center",10.717981,-61.2981367,"https://cdn.download.ams.birds.cornell.edu/api/v1/asset/49357851/","mp3","https://macaulaylibrary.org/asset/49357851","mac",63,"Procnias_averano-ML49357851.mp3","already there (not downloaded)",0.91
"Xeno-Canto","sound","701388","Procnias averano","2021-01-23","07:30","Cicero Simão Lima Santos","Brazil","Antigo Aeroporto do Crato, Crato, Ceará",-7.2518,-39.5014,"https://xeno-canto.org/701388/download","mp3","https://xeno-canto.org/701388","xc",64,"Procnias_averano-XC701388.mp3","already there (not downloaded)",0.94
"WikiAves","sound","7044208","Procnias averano","2025-08-15",NA,"Thiago Freitas Ramos","Brazil","Itupiranga/PA",NA,NA,"https://s3.amazonaws.com/media.wikiaves.com.br/recordings/4407/7044208_ab2333076993f57b440ab9910d85299d.mp3","mp3","https://www.wikiaves.com.br/7044208","wa",65,"Procnias_averano-WA7044208.mp3","already there (not downloaded)",0.34
"Xeno-Canto","sound","4689","Procnias averano","2005-01-29","08:40","Ciro Albano","Brazil","Araripe National Forest, Crato, Ceará State",-7.2501,-39.5834,"https://xeno-canto.org/4689/download","mp3","https://xeno-canto.org/4689","xc",66,"Procnias_averano-XC4689.mp3","already there (not downloaded)",0.33
"WikiAves","sound","5810975","Procnias averano","2022-12-20",NA,"Lucas Dib","Brazil","Maranguape/CE",NA,NA,"https://s3.amazonaws.com/media.wikiaves.com.br/recordings/0185/5810975_ca27be2a6680d21dfdbb7655b24357f4.mp3","mp3","https://www.wikiaves.com.br/5810975","wa",67,"Procnias_averano-WA5810975.mp3","already there (not downloaded)",1.39
"Xeno-Canto","sound","837786","Procnias averano","2022-10-23","10:00","Francisco Contreras","Venezuela","Haiton de Guarataro, Curimagua, Petit, Falcón",11.1495,-69.691,"https://xeno-canto.org/837786/download","wav","https://xeno-canto.org/837786","xc",68,"Procnias_averano-XC837786.wav","already there (not downloaded)",4.28
"Xeno-Canto","sound","680641","Procnias averano","2021-03-24","08:30","Cicero Simão Lima Santos","Brazil","Barbalha, Ceará",-7.3964,-39.2915,"https://xeno-canto.org/680641/download","mp3","https://xeno-canto.org/680641","xc",69,"Procnias_averano-XC680641.mp3","already there (not downloaded)",0.51
"WikiAves","sound","6393968","Procnias averano","2011-09-20",NA,"Anderson Sandro","Brazil","Parauapebas/PA",NA,NA,"https://s3.amazonaws.com/media.wikiaves.com.br/recordings/3936/6393968_96e440ae27e626a708e8d17562208f71.mp3","mp3","https://www.wikiaves.com.br/6393968","wa",70,"Procnias_averano-WA6393968.mp3","already there (not downloaded)",2.7
"Xeno-Canto","sound","680642","Procnias averano","2021-03-25","09:00","Cicero Simão Lima Santos","Brazil","Barbalha, Ceará",-7.3953,-39.2956,"https://xeno-canto.org/680642/download","mp3","https://xeno-canto.org/680642","xc",71,"Procnias_averano-XC680642.mp3","already there (not downloaded)",0.38
"Xeno-Canto","sound","521262","Procnias averano","2020-01-19","06:30","Cicero Simão Lima Santos","Brazil","Barbalha, Ceará",-7.4272,-39.2622,"https://xeno-canto.org/521262/download","mp3","https://xeno-canto.org/521262","xc",72,"Procnias_averano-XC521262.mp3","already there (not downloaded)",0.4
"Xeno-Canto","sound","1035617","Procnias averano","2025-08-21","12:03","Jayrson Araujo De Oliveira","Brazil","Santa Fé do Araguaia, Santa Fé do Araguaia, Tocantins",-7.1545,-48.6915,"https://xeno-canto.org/1035617/download","mp3","https://xeno-canto.org/1035617","xc",73,"Procnias_averano-XC1035617.mp3","already there (not downloaded)",0.91
"Xeno-Canto","sound","228602","Procnias averano","2004-01-30","06:00","Peter Boesman","Brazil","Chapada de Araripe, Ceará",-7.25,-39.5333333333,"https://xeno-canto.org/228602/download","mp3","https://xeno-canto.org/228602","xc",74,"Procnias_averano-XC228602.mp3","already there (not downloaded)",0.54
"iNaturalist","sound","306587285","Procnias averano","2025-08-15","15:46","Maíra Fernandes",NA,"-5.1117458015,-49.3367490917",-5.1117458015,-49.3367490917,"https://static.inaturalist.org/sounds/1605585.wav?1755294944","wav","https://www.inaturalist.org/observations/306587285","inat",75,"Procnias_averano-INAT306587285-1.wav","already there (not downloaded)",1.82
"iNaturalist","sound","306587285","Procnias averano","2025-08-15","15:46","Maíra Fernandes",NA,"-5.1117458015,-49.3367490917",-5.1117458015,-49.3367490917,"https://static.inaturalist.org/sounds/1605592.wav?1755295243","wav","https://www.inaturalist.org/observations/306587285","inat",76,"Procnias_averano-INAT306587285-2.wav","already there (not downloaded)",2.17
"iNaturalist","sound","304913026","Procnias averano","2008-04-01","09:17","Jr Ferrer-Paris",NA,"11.1854638224,-69.7259064558",11.1854638224,-69.7259064558,"https://static.inaturalist.org/sounds/1598388.m4a?1754739696","m4a","https://www.inaturalist.org/observations/304913026","inat",77,"Procnias_averano-INAT304913026.m4a","already there (not downloaded)",0.36
"iNaturalist","sound","187728622","Procnias averano","2022-11-12","13:18","Suhei Castro",NA,"10.6979,-61.2659",10.6979,-61.2659,"https://static.inaturalist.org/sounds/831447.wav?1697421626","wav","https://www.inaturalist.org/observations/187728622","inat",78,"Procnias_averano-INAT187728622.wav","already there (not downloaded)",0.63
"iNaturalist","sound","187728619","Procnias averano","2022-11-12","11:11","Suhei Castro",NA,"10.6979,-61.2659",10.6979,-61.2659,"https://static.inaturalist.org/sounds/831445.wav?1697421581","wav","https://www.inaturalist.org/observations/187728619","inat",79,"Procnias_averano-INAT187728619.wav","already there (not downloaded)",1.17
"Xeno-Canto","sound","247119","Procnias averano","2015-02-07","00:00","Joe Klaiber","Venezuela","Rio Grande forest reserve, Bolívar",7.5591,-60.9225,"https://xeno-canto.org/247119/download","mp3","https://xeno-canto.org/247119","xc",NA,"Procnias_averano-XC247119.mp3","already there (not downloaded)",0.49
"Macaulay Library","sound","656180768","Procnias averano","2022-12-01","05:53","Jayrson Oliveira","Brazil","Eco Pousada Brasil",-6.3901944,-47.11132,"https://cdn.download.ams.birds.cornell.edu/api/v1/asset/656180768/","mp3","https://macaulaylibrary.org/asset/656180768","mac",NA,"Procnias_averano-ML656180768.mp3","already there (not downloaded)",1.24
"Macaulay Library","sound","655649486","Procnias averano","2026-04-20","11:49","Miguel Ángel Torres","Venezuela","Sierra De Aroa-PN Yurubí-Cerro Cocorotico (vertiente norte)",10.4532293,-68.7776029,"https://cdn.download.ams.birds.cornell.edu/api/v1/asset/655649486/","mp3","https://macaulaylibrary.org/asset/655649486","mac",NA,"Procnias_averano-ML655649486.mp3","already there (not downloaded)",1.92
"Macaulay Library","sound","653422065","Procnias averano","2026-03-24","07:29","Cheryl Rosenfeld","Trinidad and Tobago","Asa Wright Nature Center",10.717981,-61.2981367,"https://cdn.download.ams.birds.cornell.edu/api/v1/asset/653422065/","mp3","https://macaulaylibrary.org/asset/653422065","mac",NA,"Procnias_averano-ML653422065.mp3","already there (not downloaded)",2.2
"Macaulay Library","sound","653277068","Procnias averano","2026-03-22","08:37","Cheryl Rosenfeld","Trinidad and Tobago","Asa Wright Nature Center",10.717981,-61.2981367,"https://cdn.download.ams.birds.cornell.edu/api/v1/asset/653277068/","mp3","https://macaulaylibrary.org/asset/653277068","mac",NA,"Procnias_averano-ML653277068.mp3","already there (not downloaded)",1.63
"Macaulay Library","sound","649349289","Procnias averano","2025-12-13","05:19","Guy Kirwan","Brazil","Caxias--APA Municipal do Inhamum",-4.8907764,-43.4166169,"https://cdn.download.ams.birds.cornell.edu/api/v1/asset/649349289/","mp3","https://macaulaylibrary.org/asset/649349289","mac",NA,"Procnias_averano-ML649349289.mp3","already there (not downloaded)",2.42
"Macaulay Library","sound","649075351","Procnias averano","2025-12-29","08:10","Mark and Holly Salvato","Trinidad and Tobago","Asa Wright Nature Center",10.717981,-61.2981367,"https://cdn.download.ams.birds.cornell.edu/api/v1/asset/649075351/","mp3","https://macaulaylibrary.org/asset/649075351","mac",NA,"Procnias_averano-ML649075351.mp3","already there (not downloaded)",0.24
"Macaulay Library","sound","646443007","Procnias averano","2025-12-05","16:16","Pete Fenner","Trinidad and Tobago","Asa Wright Nature Center",10.717981,-61.2981367,"https://cdn.download.ams.birds.cornell.edu/api/v1/asset/646443007/","mp3","https://macaulaylibrary.org/asset/646443007","mac",NA,"Procnias_averano-ML646443007.mp3","already there (not downloaded)",1.26
"Macaulay Library","sound","646411320","Procnias averano","2025-12-04","10:00","Pete Fenner","Trinidad and Tobago","Asa Wright Nature Center",10.717981,-61.2981367,"https://cdn.download.ams.birds.cornell.edu/api/v1/asset/646411320/","mp3","https://macaulaylibrary.org/asset/646411320","mac",NA,"Procnias_averano-ML646411320.mp3","already there (not downloaded)",1.9
"Macaulay Library","sound","642965974","Procnias averano","2025-10-05","07:36","Nereston Camargo","Brazil","Rodovia Raimundo Mascarenhas, Parauapebas BR-PA -6.07763, -50.04713",-6.077627,-50.047126,"https://cdn.download.ams.birds.cornell.edu/api/v1/asset/642965974/","mp3","https://macaulaylibrary.org/asset/642965974","mac",NA,"Procnias_averano-ML642965974.mp3","already there (not downloaded)",0.84
"Macaulay Library","sound","637553800","Procnias averano","2025-03-04","06:55","Curtis Higgins","Trinidad and Tobago","Asa Wright Nature Center",10.717981,-61.2981367,"https://cdn.download.ams.birds.cornell.edu/api/v1/asset/637553800/","mp3","https://macaulaylibrary.org/asset/637553800","mac",NA,"Procnias_averano-ML637553800.mp3","already there (not downloaded)",1.98
"Macaulay Library","sound","636813742","Procnias averano","2024-03-13","06:17","Devin Griffiths","Trinidad and Tobago","Asa Wright Nature Center",10.717981,-61.2981367,"https://cdn.download.ams.birds.cornell.edu/api/v1/asset/636813742/","mp3","https://macaulaylibrary.org/asset/636813742","mac",NA,"Procnias_averano-ML636813742.mp3","already there (not downloaded)",0.44
"Macaulay Library","sound","636101315","Procnias averano","2025-04-16","12:38","Francisco Contreras @francontreras.80","Venezuela","Haiton del Guarataro",11.1494865,-69.6908885,"https://cdn.download.ams.birds.cornell.edu/api/v1/asset/636101315/","mp3","https://macaulaylibrary.org/asset/636101315","mac",NA,"Procnias_averano-ML636101315.mp3","already there (not downloaded)",7.16
"Macaulay Library","sound","634175144","Procnias averano","2025-04-21","11:35","Jhonathan Miranda - Wandering Venezuela Birding Expeditions","Venezuela","Acceso Puesto de la Guardia Nacional, Via La Barrica Pozo de Rosas, Miranda, VE",10.3446435,-67.1330668,"https://cdn.download.ams.birds.cornell.edu/api/v1/asset/634175144/","mp3","https://macaulaylibrary.org/asset/634175144","mac",NA,"Procnias_averano-ML634175144.mp3","already there (not downloaded)",2.99
"Macaulay Library","sound","633618023","Procnias averano","2025-04-12","13:32","Benjamin Weihe","Trinidad and Tobago","Asa Wright Nature Center",10.717981,-61.2981367,"https://cdn.download.ams.birds.cornell.edu/api/v1/asset/633618023/","mp3","https://macaulaylibrary.org/asset/633618023","mac",NA,"Procnias_averano-ML633618023.mp3","already there (not downloaded)",0.63
"Macaulay Library","sound","633065263","Procnias averano","2025-03-21","09:23","Tanya Burnett","Trinidad and Tobago","Asa Wright Nature Center",10.717981,-61.2981367,"https://cdn.download.ams.birds.cornell.edu/api/v1/asset/633065263/","mp3","https://macaulaylibrary.org/asset/633065263","mac",NA,"Procnias_averano-ML633065263.mp3","already there (not downloaded)",0.46
"Macaulay Library","sound","633046744","Procnias averano","2025-03-22","06:12","Tanya Burnett","Trinidad and Tobago","Blanch below Asa",10.713288,-61.291687,"https://cdn.download.ams.birds.cornell.edu/api/v1/asset/633046744/","mp3","https://macaulaylibrary.org/asset/633046744","mac",NA,"Procnias_averano-ML633046744.mp3","already there (not downloaded)",1.79
"Macaulay Library","sound","632285312","Procnias averano","2025-01-19","10:15","Brian Hofstetter","Brazil","61801-365, Maranguape BR-CE -3.97388, -38.64757",-3.973877,-38.647572,"https://cdn.download.ams.birds.cornell.edu/api/v1/asset/632285312/","mp3","https://macaulaylibrary.org/asset/632285312","mac",NA,"Procnias_averano-ML632285312.mp3","already there (not downloaded)",0.94
"Macaulay Library","sound","631419197","Procnias averano","2025-02-22","14:16","Francisco Contreras @francontreras.80","Venezuela","Haiton del Guarataro",11.1494865,-69.6908885,"https://cdn.download.ams.birds.cornell.edu/api/v1/asset/631419197/","mp3","https://macaulaylibrary.org/asset/631419197","mac",NA,"Procnias_averano-ML631419197.mp3","already there (not downloaded)",2.25
"Macaulay Library","sound","629477459","Procnias averano","2025-01-21","06:30","James P. Smith","Trinidad and Tobago","Asa Wright Nature Center",10.717981,-61.2981367,"https://cdn.download.ams.birds.cornell.edu/api/v1/asset/629477459/","mp3","https://macaulaylibrary.org/asset/629477459","mac",NA,"Procnias_averano-ML629477459.mp3","already there (not downloaded)",0.63
"Macaulay Library","sound","627770035","Procnias averano","2024-12-06","06:41","Katherine Holland","Trinidad and Tobago","Asa Wright Nature Center",10.717981,-61.2981367,"https://cdn.download.ams.birds.cornell.edu/api/v1/asset/627770035/","mp3","https://macaulaylibrary.org/asset/627770035","mac",NA,"Procnias_averano-ML627770035.mp3","already there (not downloaded)",1.42
"Macaulay Library","sound","626128428","Procnias averano","2024-10-11","05:27","Thyago Almeida","Brazil","Maranhão, BR (-6,855, -45,067)",-6.8548031,-45.0673492,"https://cdn.download.ams.birds.cornell.edu/api/v1/asset/626128428/","mp3","https://macaulaylibrary.org/asset/626128428","mac",NA,"Procnias_averano-ML626128428.mp3","already there (not downloaded)",6.57
"Macaulay Library","sound","625207755","Procnias averano","2024-10-15","11:55","Mariana Barrios","Venezuela","Sierra de Aroa--Hacienda Carricillal a Antigua Mision",10.3344251,-68.8299036,"https://cdn.download.ams.birds.cornell.edu/api/v1/asset/625207755/","mp3","https://macaulaylibrary.org/asset/625207755","mac",NA,"Procnias_averano-ML625207755.mp3","already there (not downloaded)",0.91
"Macaulay Library","sound","624854140","Procnias averano","2024-10-12","06:35","Iza Alencar","Brazil","Palmas--Trilhas Aventuras & Cia",-10.221068,-48.1595067,"https://cdn.download.ams.birds.cornell.edu/api/v1/asset/624854140/","mp3","https://macaulaylibrary.org/asset/624854140","mac",NA,"Procnias_averano-ML624854140.mp3","already there (not downloaded)",1.73
"Macaulay Library","sound","624366788","Procnias averano","2019-11-30","07:23","Marcelo  Telles","Brazil","Serra da Aratanha",-3.9710828,-38.6431389,"https://cdn.download.ams.birds.cornell.edu/api/v1/asset/624366788/","mp3","https://macaulaylibrary.org/asset/624366788","mac",NA,"Procnias_averano-ML624366788.mp3","already there (not downloaded)",0.32
"Macaulay Library","sound","623613423","Procnias averano","2024-09-07","06:57","Iza Alencar","Brazil","Palmas--Trilhas Aventuras & Cia",-10.221068,-48.1595067,"https://cdn.download.ams.birds.cornell.edu/api/v1/asset/623613423/","mp3","https://macaulaylibrary.org/asset/623613423","mac",NA,"Procnias_averano-ML623613423.mp3","already there (not downloaded)",0.36
"Macaulay Library","sound","623521951","Procnias averano","2024-09-06","07:12","Marcelo Barbosa - Tocantins Birding","Brazil","BR-TO-Mateiros-Rio Novo-Trecho 1",-10.550958,-46.759481,"https://cdn.download.ams.birds.cornell.edu/api/v1/asset/623521951/","mp3","https://macaulaylibrary.org/asset/623521951","mac",NA,"Procnias_averano-ML623521951.mp3","already there (not downloaded)",2.71
"Macaulay Library","sound","617685195","Procnias averano","2024-04-03","09:31","Michael j Good","Trinidad and Tobago","Asa Wright Nature Center",10.717981,-61.2981367,"https://cdn.download.ams.birds.cornell.edu/api/v1/asset/617685195/","mp3","https://macaulaylibrary.org/asset/617685195","mac",NA,"Procnias_averano-ML617685195.mp3","already there (not downloaded)",0.48
"Macaulay Library","sound","616943528","Procnias averano","2024-04-05","09:28","Michael j Good","Trinidad and Tobago","Asa Wright Nature Center",10.717981,-61.2981367,"https://cdn.download.ams.birds.cornell.edu/api/v1/asset/616943528/","mp3","https://macaulaylibrary.org/asset/616943528","mac",NA,"Procnias_averano-ML616943528.mp3","already there (not downloaded)",0.54
"Macaulay Library","sound","610104726","Procnias averano","2023-09-30","14:49","Manuel Pérez R.","Venezuela","Haiton del Guarataro",11.1494865,-69.6908885,"https://cdn.download.ams.birds.cornell.edu/api/v1/asset/610104726/","mp3","https://macaulaylibrary.org/asset/610104726","mac",NA,"Procnias_averano-ML610104726.mp3","already there (not downloaded)",0.18
"Macaulay Library","sound","610004361","Procnias averano","2022-11-12","14:21","Suhei Castro","Trinidad and Tobago","Auto selected 10.70710, -61.26551",10.707097,-61.265507,"https://cdn.download.ams.birds.cornell.edu/api/v1/asset/610004361/","mp3","https://macaulaylibrary.org/asset/610004361","mac",NA,"Procnias_averano-ML610004361.mp3","already there (not downloaded)",0.42
"Macaulay Library","sound","590836811","Procnias averano","2023-07-02","10:29","Juan d Ramirez Rpo","Colombia","La Guajira, CO (10.791, -72.69)",10.7906498,-72.689712,"https://cdn.download.ams.birds.cornell.edu/api/v1/asset/590836811/","mp3","https://macaulaylibrary.org/asset/590836811","mac",NA,"Procnias_averano-ML590836811.mp3","already there (not downloaded)",1.05
"Macaulay Library","sound","388751071","Procnias averano","2008-05-19","06:30","David Ascanio","Venezuela","Sierra de Lema--Parte alta (Km 124-133,1200-1400msnm)",5.9438996,-61.4437866,"https://cdn.download.ams.birds.cornell.edu/api/v1/asset/388751071/","mp3","https://macaulaylibrary.org/asset/388751071","mac",NA,"Procnias_averano-ML388751071.mp3","already there (not downloaded)",2.7
"Macaulay Library","sound","302386661","Procnias averano","2005-03-12","10:57","David Ascanio","Venezuela","Sierra de Lema Alta",5.90262,-61.43593,"https://cdn.download.ams.birds.cornell.edu/api/v1/asset/302386661/","mp3","https://macaulaylibrary.org/asset/302386661","mac",NA,"Procnias_averano-ML302386661.mp3","already there (not downloaded)",1.96
"Macaulay Library","sound","261821861","Procnias averano","2020-09-11","07:40","Marcelo Barbosa - Tocantins Birding","Brazil","Taquaruçu--Cachoeira da Roncadeira",-10.303879,-48.138953,"https://cdn.download.ams.birds.cornell.edu/api/v1/asset/261821861/","mp3","https://macaulaylibrary.org/asset/261821861","mac",NA,"Procnias_averano-ML261821861.mp3","already there (not downloaded)",2.62
"Macaulay Library","sound","86798091","Procnias averano","2018-02-10","08:56","Robert Bochenek","Trinidad and Tobago","Asa Wright Nature Center",10.717981,-61.2981367,"https://cdn.download.ams.birds.cornell.edu/api/v1/asset/86798091/","mp3","https://macaulaylibrary.org/asset/86798091","mac",NA,"Procnias_averano-ML86798091.mp3","already there (not downloaded)",0.93
"Macaulay Library","sound","62841","Procnias averano","1965-05-08","09:15","Paul A. Schwartz","Venezuela","Rancho Grande Km 38+",10.37,-67.68,"https://cdn.download.ams.birds.cornell.edu/api/v1/asset/62841/","mp3","https://macaulaylibrary.org/asset/62841","mac",NA,"Procnias_averano-ML62841.mp3","already there (not downloaded)",13.62
"Macaulay Library","sound","62833","Procnias averano","1961-07-18","11:30","Paul A. Schwartz","Venezuela","Rancho Grande",10.3666667,-67.6833333,"https://cdn.download.ams.birds.cornell.edu/api/v1/asset/62833/","mp3","https://macaulaylibrary.org/asset/62833","mac",NA,"Procnias_averano-ML62833.mp3","already there (not downloaded)",3.99
"Xeno-Canto","sound","22163","Procnias averano","2008-07-09","10:00","Andrew Spencer","Venezuela","La Escalera, Sierra de Lema, Bolívar",5.9656,-61.3917,"https://xeno-canto.org/22163/download","mp3","https://xeno-canto.org/22163","xc",NA,"Procnias_averano-XC22163.mp3","already there (not downloaded)",0.38
"GBIF","sound","2243637612","Procnias averano","2008-07-09","10:00","Andrew Spencer","Venezuela (Bolivarian Republic of)","La Escalera, Sierra de Lema, Bolívar",5.9656,-61.3917,"https://xeno-canto.org/sounds/uploaded/CDTGHVBGZP/Bearded%20Bellbird2008-7-9-2.mp3","mp3","https://www.gbif.org/occurrence/2243637612","gbif",NA,"Procnias_averano-GBIF2243637612.mp3","already there (not downloaded)",0.3
"Macaulay Library","sound","292669","Procnias averano","2004-01-30","06:00","Peter Boesman","Brazil","Chapada do Araripe",-7.2448998,-39.4895548,"https://cdn.download.ams.birds.cornell.edu/api/v1/asset/292669/","mp3","https://macaulaylibrary.org/asset/292669","mac",NA,"Procnias_averano-ML292669.mp3","already there (not downloaded)",1.43
"Xeno-Canto","sound","228601","Procnias averano","2004-01-29","07:00","Peter Boesman","Brazil","Chapada de Araripe, Ceará",-7.25,-39.5333333333,"https://xeno-canto.org/228601/download","mp3","https://xeno-canto.org/228601","xc",NA,"Procnias_averano-XC228601.mp3","already there (not downloaded)",0.58
"GBIF","sound","2243645144","Procnias averano","2004-01-29","07:00","Peter Boesman","Brazil","Chapada de Araripe, Ceará",-7.25,-39.533333,"https://xeno-canto.org/sounds/uploaded/OOECIWCSWV/XC228604-Bearded%20Bellbird%20B%209233.mp3","mp3","https://www.gbif.org/occurrence/2243645144","gbif",NA,"Procnias_averano-GBIF2243645144.mp3","already there (not downloaded)",0.23
"Macaulay Library","sound","292617","Procnias averano","2004-01-29","07:00","Peter Boesman","Brazil","Chapada do Araripe",-7.2448998,-39.4895548,"https://cdn.download.ams.birds.cornell.edu/api/v1/asset/292617/","mp3","https://macaulaylibrary.org/asset/292617","mac",NA,"Procnias_averano-ML292617.mp3","already there (not downloaded)",1.54
"Xeno-Canto","sound","228599","Procnias averano","2002-07-27","11:00","Peter Boesman","Venezuela","Upper escalera, Bolivar",5.9666666667,-61.4,"https://xeno-canto.org/228599/download","mp3","https://xeno-canto.org/228599","xc",NA,"Procnias_averano-XC228599.mp3","already there (not downloaded)",0.34
"GBIF","sound","2243643283","Procnias averano","2002-07-27","11:00","Peter Boesman","Venezuela (Bolivarian Republic of)","Upper escalera, Bolivar",5.966667,-61.4,"https://xeno-canto.org/sounds/uploaded/OOECIWCSWV/XC228598-Bearded%20Bellbird%20A%209231.mp3","mp3","https://www.gbif.org/occurrence/2243643283","gbif",NA,"Procnias_averano-GBIF2243643283.mp3","already there (not downloaded)",0.25
"Macaulay Library","sound","290620","Procnias averano","2002-07-27","11:00","Peter Boesman","Venezuela","Upper escalera, Bolivar",5.967,-61.4,"https://cdn.download.ams.birds.cornell.edu/api/v1/asset/290620/","mp3","https://macaulaylibrary.org/asset/290620","mac",NA,"Procnias_averano-ML290620.mp3","already there (not downloaded)",0.9
"Macaulay Library","sound","286947","Procnias averano","1995-04-30","10:15","Peter Boesman","Venezuela","Serranía de San Luis",11.2,-69.7,"https://cdn.download.ams.birds.cornell.edu/api/v1/asset/286947/","mp3","https://macaulaylibrary.org/asset/286947","mac",NA,"Procnias_averano-ML286947.mp3","already there (not downloaded)",1.22
"Macaulay Library","sound","286456","Procnias averano","1994-10-20","09:00","Peter Boesman","Venezuela","Upper escalera, Bolivar",5.967,-61.4,"https://cdn.download.ams.birds.cornell.edu/api/v1/asset/286456/","mp3","https://macaulaylibrary.org/asset/286456","mac",NA,"Procnias_averano-ML286456.mp3","already there (not downloaded)",0.97
"Xeno-Canto","sound","197484","Procnias averano","2008-08-10","06:30","Joe Klaiber","Venezuela","La Escalera, Bolívar",5.9507,-61.4304,"https://xeno-canto.org/197484/download","mp3","https://xeno-canto.org/197484","xc",NA,"Procnias_averano-XC197484.mp3","already there (not downloaded)",0.32
"Xeno-Canto","sound","307748","Procnias averano","2016-03-16","06:30","Weber Girão","Brazil","Belmonte (Casa da Floresta Nacional do Araripe), Crato, Ceará",-7.2778,-39.4509,"https://xeno-canto.org/307748/download","mp3","https://xeno-canto.org/307748","xc",NA,"Procnias_averano-XC307748.mp3","already there (not downloaded)",1.45
"Xeno-Canto","sound","247117","Procnias averano","2010-12-19","00:00","Joe Klaiber","Venezuela","La Escalera, Bolívar",5.9507,-61.4304,"https://xeno-canto.org/247117/download","mp3","https://xeno-canto.org/247117","xc",NA,"Procnias_averano-XC247117.mp3","already there (not downloaded)",1.25
"Xeno-Canto","sound","247116","Procnias averano","2008-12-10","00:00","Joe Klaiber","Venezuela","La Escalera, Bolívar",5.9507,-61.4304,"https://xeno-canto.org/247116/download","mp3","https://xeno-canto.org/247116","xc",NA,"Procnias_averano-XC247116.mp3","already there (not downloaded)",0.16
"Xeno-Canto","sound","214715","Procnias averano","2015-02-09","08:00","Joe Klaiber","Venezuela","La Escalera, Bolívar",5.9507,-61.4304,"https://xeno-canto.org/214715/download","mp3","https://xeno-canto.org/214715","xc",NA,"Procnias_averano-XC214715.mp3","already there (not downloaded)",0.25
"Xeno-Canto","sound","214714","Procnias averano","2015-02-08","12:00","Joe Klaiber","Venezuela","La Escalera, Bolívar",5.9507,-61.4304,"https://xeno-canto.org/214714/download","mp3","https://xeno-canto.org/214714","xc",NA,"Procnias_averano-XC214714.mp3","already there (not downloaded)",0.22
"Xeno-Canto","sound","214713","Procnias averano","2015-02-08","08:30","Joe Klaiber","Venezuela","La Escalera, Bolívar",5.9507,-61.4304,"https://xeno-canto.org/214713/download","mp3","https://xeno-canto.org/214713","xc",NA,"Procnias_averano-XC214713.mp3","already there (not downloaded)",0.72
"Xeno-Canto","sound","130392","Procnias averano","2007-02-19","14:00","Oswaldo Ramos","Venezuela","Parque Nacional San Esteban. San Esteban; Puerto Cabello,  Edo. Carabobo",10.3964,-67.9956,"https://xeno-canto.org/130392/download","mp3","https://xeno-canto.org/130392","xc",NA,"Procnias_averano-XC130392.mp3","already there (not downloaded)",1.3
"Xeno-Canto","sound","122738","Procnias averano","2013-02-07","11:31","Jon King","Venezuela","KM756, Troncal 10, Sierra de Lema, Bolívar",5.9132,-61.4355,"https://xeno-canto.org/122738/download","mp3","https://xeno-canto.org/122738","xc",NA,"Procnias_averano-XC122738.mp3","already there (not downloaded)",2.34
"Xeno-Canto","sound","24178","Procnias averano","2008-07-25","09:30","Ken Allaire","Trinidad & Tobago","Asa Wright Nature Center ",10.7001,-61.2834,"https://xeno-canto.org/24178/download","mp3","https://xeno-canto.org/24178","xc",NA,"Procnias_averano-XC24178.mp3","already there (not downloaded)",0.12
"Xeno-Canto","sound","24177","Procnias averano","2008-07-25","09:15","Ken Allaire","Trinidad & Tobago","Asa Wright Nature Center ",10.7001,-61.2834,"https://xeno-canto.org/24177/download","mp3","https://xeno-canto.org/24177","xc",NA,"Procnias_averano-XC24177.mp3","already there (not downloaded)",0.4
"Xeno-Canto","sound","24176","Procnias averano","2008-07-25","09:00","Ken Allaire","Trinidad & Tobago","Asa Wright Nature Center ",10.7001,-61.2834,"https://xeno-canto.org/24176/download","mp3","https://xeno-canto.org/24176","xc",NA,"Procnias_averano-XC24176.mp3","already there (not downloaded)",0.99
"Macaulay Library","sound","654897205","Procnias averano","2026-04-13","08:49","Neil Middleton","Trinidad and Tobago","Asa Wright Nature Center",10.717981,-61.2981367,"https://cdn.download.ams.birds.cornell.edu/api/v1/asset/654897205/","mp3","https://macaulaylibrary.org/asset/654897205","mac",NA,"Procnias_averano-ML654897205.mp3","already there (not downloaded)",0.49
"Macaulay Library","sound","654039235","Procnias averano","2026-03-30","13:07","Angel Mora","Venezuela","PN Sierra de San Luis--Camino Real de los Españoles",11.1796302,-69.6296334,"https://cdn.download.ams.birds.cornell.edu/api/v1/asset/654039235/","mp3","https://macaulaylibrary.org/asset/654039235","mac",NA,"Procnias_averano-ML654039235.mp3","already there (not downloaded)",0.77
"Macaulay Library","sound","651752351","Procnias averano","2026-01-16","05:17","Joaquim Barros","Brazil","Florzinha sede",-6.10673,-46.791738,"https://cdn.download.ams.birds.cornell.edu/api/v1/asset/651752351/","mp3","https://macaulaylibrary.org/asset/651752351","mac",NA,"Procnias_averano-ML651752351.mp3","already there (not downloaded)",0.73
"Macaulay Library","sound","648878686","Procnias averano","2026-01-14","08:32","Susan Harrison","Trinidad and Tobago","Asa Wright Nature Center",10.717981,-61.2981367,"https://cdn.download.ams.birds.cornell.edu/api/v1/asset/648878686/","mp3","https://macaulaylibrary.org/asset/648878686","mac",NA,"Procnias_averano-ML648878686.mp3","already there (not downloaded)",0.22
"Macaulay Library","sound","648693514","Procnias averano","2026-01-11","08:44","Susan Harrison","Trinidad and Tobago","Asa Wright Nature Center",10.717981,-61.2981367,"https://cdn.download.ams.birds.cornell.edu/api/v1/asset/648693514/","mp3","https://macaulaylibrary.org/asset/648693514","mac",NA,"Procnias_averano-ML648693514.mp3","already there (not downloaded)",0.13
"Macaulay Library","sound","648689094","Procnias averano","2025-12-29","08:10","Craig Caldwell","Trinidad and Tobago","Asa Wright Nature Center",10.717981,-61.2981367,"https://cdn.download.ams.birds.cornell.edu/api/v1/asset/648689094/","mp3","https://macaulaylibrary.org/asset/648689094","mac",NA,"Procnias_averano-ML648689094.mp3","already there (not downloaded)",0.94
"Macaulay Library","sound","647982276","Procnias averano","2026-01-01","14:01","Marshall Dahl","Trinidad and Tobago","Asa Wright Nature Center",10.717981,-61.2981367,"https://cdn.download.ams.birds.cornell.edu/api/v1/asset/647982276/","mp3","https://macaulaylibrary.org/asset/647982276","mac",NA,"Procnias_averano-ML647982276.mp3","already there (not downloaded)",0.62
"Macaulay Library","sound","639608320","Procnias averano","2025-06-25","08:30","Deanna Macphail","Trinidad and Tobago","Asa Wright Nature Center",10.717981,-61.2981367,"https://cdn.download.ams.birds.cornell.edu/api/v1/asset/639608320/","mp3","https://macaulaylibrary.org/asset/639608320","mac",NA,"Procnias_averano-ML639608320.mp3","already there (not downloaded)",1
"Macaulay Library","sound","637998081","Procnias averano","2025-06-21","07:26","Jason Wilder","Trinidad and Tobago","Asa Wright Nature Center",10.717981,-61.2981367,"https://cdn.download.ams.birds.cornell.edu/api/v1/asset/637998081/","mp3","https://macaulaylibrary.org/asset/637998081","mac",NA,"Procnias_averano-ML637998081.mp3","already there (not downloaded)",0.73
"Macaulay Library","sound","637559868","Procnias averano","2025-03-04","15:08","Curtis Higgins","Trinidad and Tobago","Asa Wright Nature Center",10.717981,-61.2981367,"https://cdn.download.ams.birds.cornell.edu/api/v1/asset/637559868/","mp3","https://macaulaylibrary.org/asset/637559868","mac",NA,"Procnias_averano-ML637559868.mp3","already there (not downloaded)",10.37
"Macaulay Library","sound","633148565","Procnias averano","2025-03-30","11:45","Kelly Alexis","Trinidad and Tobago","Asa Wright Nature Center",10.717981,-61.2981367,"https://cdn.download.ams.birds.cornell.edu/api/v1/asset/633148565/","mp3","https://macaulaylibrary.org/asset/633148565","mac",NA,"Procnias_averano-ML633148565.mp3","already there (not downloaded)",0.48
"Macaulay Library","sound","632279465","Procnias averano","2025-01-19","10:15","Lorena Patrício","Brazil","61801-365, Maranguape BR-CE -3.97388, -38.64757",-3.973877,-38.647572,"https://cdn.download.ams.birds.cornell.edu/api/v1/asset/632279465/","mp3","https://macaulaylibrary.org/asset/632279465","mac",NA,"Procnias_averano-ML632279465.mp3","already there (not downloaded)",2.67
"Macaulay Library","sound","631673855","Procnias averano","2024-09-16","05:42","Ana Luiza Catalano","Brazil","Corpo A",-6.326991,-50.412452,"https://cdn.download.ams.birds.cornell.edu/api/v1/asset/631673855/","mp3","https://macaulaylibrary.org/asset/631673855","mac",NA,"Procnias_averano-ML631673855.mp3","already there (not downloaded)",2.68
"Macaulay Library","sound","630784564","Procnias averano","2024-01-05","06:14","Yaudimar Bermúdez","Venezuela","Sierra de San Luis--Caserio de Acurigua (poblado y alrededores)",11.3041123,-69.4607297,"https://cdn.download.ams.birds.cornell.edu/api/v1/asset/630784564/","mp3","https://macaulaylibrary.org/asset/630784564","mac",NA,"Procnias_averano-ML630784564.mp3","already there (not downloaded)",1.21
"Macaulay Library","sound","630494574","Procnias averano","2024-11-25","09:14","David Mccorquodale","Trinidad and Tobago","Asa Wright Nature Center",10.717981,-61.2981367,"https://cdn.download.ams.birds.cornell.edu/api/v1/asset/630494574/","mp3","https://macaulaylibrary.org/asset/630494574","mac",NA,"Procnias_averano-ML630494574.mp3","already there (not downloaded)",1.04
"Macaulay Library","sound","629592780","Procnias averano","2025-01-24","09:56","Susan Howe","Trinidad and Tobago","Asa Wright Nature Center",10.717981,-61.2981367,"https://cdn.download.ams.birds.cornell.edu/api/v1/asset/629592780/","mp3","https://macaulaylibrary.org/asset/629592780","mac",NA,"Procnias_averano-ML629592780.mp3","already there (not downloaded)",1.43
"Macaulay Library","sound","629508462","Procnias averano","2024-11-25","09:14","Ken Mckenna","Trinidad and Tobago","Asa Wright Nature Center",10.717981,-61.2981367,"https://cdn.download.ams.birds.cornell.edu/api/v1/asset/629508462/","mp3","https://macaulaylibrary.org/asset/629508462","mac",NA,"Procnias_averano-ML629508462.mp3","already there (not downloaded)",1.1
"Macaulay Library","sound","627749586","Procnias averano","2024-11-25","09:14","Pat Mckay","Trinidad and Tobago","Asa Wright Nature Center",10.717981,-61.2981367,"https://cdn.download.ams.birds.cornell.edu/api/v1/asset/627749586/","mp3","https://macaulaylibrary.org/asset/627749586","mac",NA,"Procnias_averano-ML627749586.mp3","already there (not downloaded)",0.9
"Macaulay Library","sound","626956593","Procnias averano","2024-11-25","09:14","Rick Whitman","Trinidad and Tobago","Asa Wright Nature Center",10.717981,-61.2981367,"https://cdn.download.ams.birds.cornell.edu/api/v1/asset/626956593/","mp3","https://macaulaylibrary.org/asset/626956593","mac",NA,"Procnias_averano-ML626956593.mp3","already there (not downloaded)",4.15
"Macaulay Library","sound","625205142","Procnias averano","2024-10-15","11:32","Miguel Ángel Torres","Venezuela","Sierra de Aroa--Antigua Mision a Milla (santuario)",10.3500799,-68.8297307,"https://cdn.download.ams.birds.cornell.edu/api/v1/asset/625205142/","mp3","https://macaulaylibrary.org/asset/625205142","mac",NA,"Procnias_averano-ML625205142.mp3","already there (not downloaded)",3.73
"Macaulay Library","sound","624994869","Procnias averano","2024-10-12","16:35","Anderson León Natera","Venezuela","La Perdedera, Yaracuy, VE.",10.3517799,-68.8433853,"https://cdn.download.ams.birds.cornell.edu/api/v1/asset/624994869/","mp3","https://macaulaylibrary.org/asset/624994869","mac",NA,"Procnias_averano-ML624994869.mp3","already there (not downloaded)",2.26
"Macaulay Library","sound","619001946","Procnias averano","2024-05-11","17:28","Francisco Contreras @francontreras.80","Venezuela","Haiton del Guarataro",11.1494865,-69.6908885,"https://cdn.download.ams.birds.cornell.edu/api/v1/asset/619001946/","mp3","https://macaulaylibrary.org/asset/619001946","mac",NA,"Procnias_averano-ML619001946.mp3","already there (not downloaded)",0.81
"Macaulay Library","sound","617345585","Procnias averano","2024-04-06","11:12","Jeev Guha","Trinidad and Tobago","Asa Wright Nature Center",10.717981,-61.2981367,"https://cdn.download.ams.birds.cornell.edu/api/v1/asset/617345585/","mp3","https://macaulaylibrary.org/asset/617345585","mac",NA,"Procnias_averano-ML617345585.mp3","already there (not downloaded)",0.43
"Macaulay Library","sound","616572136","Procnias averano","2024-03-23","08:20","Daniel De Jesus Garcia León","Venezuela","Hacienda Jesús De Nazareth Trujillo, VE (9.178, -70.887)",9.1776166,-70.8874185,"https://cdn.download.ams.birds.cornell.edu/api/v1/asset/616572136/","mp3","https://macaulaylibrary.org/asset/616572136","mac",NA,"Procnias_averano-ML616572136.mp3","already there (not downloaded)",0.75
"Macaulay Library","sound","616571975","Procnias averano","2024-03-23","11:17","Daniel De Jesus Garcia León","Venezuela","Hacienda Jesús De Nazareth Trujillo, VE (9.178, -70.887)",9.1776166,-70.8874185,"https://cdn.download.ams.birds.cornell.edu/api/v1/asset/616571975/","mp3","https://macaulaylibrary.org/asset/616571975","mac",NA,"Procnias_averano-ML616571975.mp3","already there (not downloaded)",0.41
"Macaulay Library","sound","616232538","Procnias averano","2024-02-23","09:50","Ulises De Jesus Prada","Venezuela","Hacienda Jesús de Nazareth",9.1760678,-70.8897907,"https://cdn.download.ams.birds.cornell.edu/api/v1/asset/616232538/","mp3","https://macaulaylibrary.org/asset/616232538","mac",NA,"Procnias_averano-ML616232538.mp3","already there (not downloaded)",0.41
"Macaulay Library","sound","616231096","Procnias averano","2024-03-17","12:14","Francisco Contreras @francontreras.80","Venezuela","Haiton del Guarataro",11.1494865,-69.6908885,"https://cdn.download.ams.birds.cornell.edu/api/v1/asset/616231096/","mp3","https://macaulaylibrary.org/asset/616231096","mac",NA,"Procnias_averano-ML616231096.mp3","already there (not downloaded)",2.42
"Macaulay Library","sound","615000679","Procnias averano","2024-01-27","11:02","Jorg Freiberg","Trinidad and Tobago","Asa Wright Nature Center",10.717981,-61.2981367,"https://cdn.download.ams.birds.cornell.edu/api/v1/asset/615000679/","mp3","https://macaulaylibrary.org/asset/615000679","mac",NA,"Procnias_averano-ML615000679.mp3","already there (not downloaded)",1.9
"Macaulay Library","sound","613520632","Procnias averano","2024-01-14","15:26","Inger Hansen","Trinidad and Tobago","Asa Wright Nature Center",10.717981,-61.2981367,"https://cdn.download.ams.birds.cornell.edu/api/v1/asset/613520632/","mp3","https://macaulaylibrary.org/asset/613520632","mac",NA,"Procnias_averano-ML613520632.mp3","already there (not downloaded)",1.57
"Macaulay Library","sound","612134263","Procnias averano","2023-12-11","09:41","Steve b","Trinidad and Tobago","Asa Wright Nature Center",10.717981,-61.2981367,"https://cdn.download.ams.birds.cornell.edu/api/v1/asset/612134263/","mp3","https://macaulaylibrary.org/asset/612134263","mac",NA,"Procnias_averano-ML612134263.mp3","already there (not downloaded)",0.78
"Macaulay Library","sound","608794719","Procnias averano","2023-09-09","05:10","Marcelo Barbosa - Tocantins Birding","Brazil","Araguaína--Mata do Garimpinho",-7.3312837,-49.2235456,"https://cdn.download.ams.birds.cornell.edu/api/v1/asset/608794719/","mp3","https://macaulaylibrary.org/asset/608794719","mac",NA,"Procnias_averano-ML608794719.mp3","already there (not downloaded)",1.34
"Macaulay Library","sound","608784768","Procnias averano","2023-09-11","06:06","Anderson  Sandro","Brazil","FLONA Carajás--Trilha da Lagoa na mata",-6.0428336,-50.0916052,"https://cdn.download.ams.birds.cornell.edu/api/v1/asset/608784768/","mp3","https://macaulaylibrary.org/asset/608784768","mac",NA,"Procnias_averano-ML608784768.mp3","already there (not downloaded)",4.66
"Macaulay Library","sound","608772933","Procnias averano","2023-09-07","12:10","Marcelo Barbosa - Tocantins Birding","Brazil","Araguaína--Mata do Garimpinho",-7.3312837,-49.2235456,"https://cdn.download.ams.birds.cornell.edu/api/v1/asset/608772933/","mp3","https://macaulaylibrary.org/asset/608772933","mac",NA,"Procnias_averano-ML608772933.mp3","already there (not downloaded)",1.33
"Macaulay Library","sound","608741728","Procnias averano","2023-09-11","06:06","Jayrson Oliveira","Brazil","FLONA Carajás--Trilha da Lagoa na mata",-6.0428336,-50.0916052,"https://cdn.download.ams.birds.cornell.edu/api/v1/asset/608741728/","mp3","https://macaulaylibrary.org/asset/608741728","mac",NA,"Procnias_averano-ML608741728.mp3","already there (not downloaded)",0.72
"Macaulay Library","sound","606746161","Procnias averano","2023-08-08","10:46","Francisco Russo","Venezuela","Paraitepuy, Bolívar, VE (5.05, -60.925)",5.0499183,-60.925075,"https://cdn.download.ams.birds.cornell.edu/api/v1/asset/606746161/","mp3","https://macaulaylibrary.org/asset/606746161","mac",NA,"Procnias_averano-ML606746161.mp3","already there (not downloaded)",0.58
"Macaulay Library","sound","599094511","Procnias averano","2021-02-01","06:00","Mark Hulme","Trinidad and Tobago","Madamas Road",10.7450601,-61.2435194,"https://cdn.download.ams.birds.cornell.edu/api/v1/asset/599094511/","mp3","https://macaulaylibrary.org/asset/599094511","mac",NA,"Procnias_averano-ML599094511.mp3","already there (not downloaded)",0.62
"Macaulay Library","sound","590835681","Procnias averano","2023-07-01","10:47","Juan d Ramirez Rpo","Colombia","La Guajira, CO (10.804, -72.726)",10.803932,-72.7255464,"https://cdn.download.ams.birds.cornell.edu/api/v1/asset/590835681/","mp3","https://macaulaylibrary.org/asset/590835681","mac",NA,"Procnias_averano-ML590835681.mp3","already there (not downloaded)",1.6
"Macaulay Library","sound","563064461","Procnias averano","2023-04-12","06:53","Yaudimar Bermúdez","Venezuela","P.N Juan Crisóstomo Falcón, Falcón, VE (11,175, -69,705)",11.17479,-69.70457,"https://cdn.download.ams.birds.cornell.edu/api/v1/asset/563064461/","mp3","https://macaulaylibrary.org/asset/563064461","mac",NA,"Procnias_averano-ML563064461.mp3","already there (not downloaded)",2.15
"Macaulay Library","sound","531539091","Procnias averano","2016-11-20","08:38","Philip Downey","Trinidad and Tobago","Asa Wright Nature Center",10.717981,-61.2981367,"https://cdn.download.ams.birds.cornell.edu/api/v1/asset/531539091/","mp3","https://macaulaylibrary.org/asset/531539091","mac",NA,"Procnias_averano-ML531539091.mp3","already there (not downloaded)",0.41
"Macaulay Library","sound","498957101","Procnias averano","2022-10-23","15:06","Francisco Contreras @francontreras.80","Venezuela","Haiton del Guarataro",11.1494865,-69.6908885,"https://cdn.download.ams.birds.cornell.edu/api/v1/asset/498957101/","mp3","https://macaulaylibrary.org/asset/498957101","mac",NA,"Procnias_averano-ML498957101.mp3","already there (not downloaded)",1.07
"Macaulay Library","sound","484861681","Procnias averano","2022-09-11","08:29","Francisco Contreras @francontreras.80","Venezuela","Parque Nacional Cueva De Si La Quebrada El Toro, Falcón, VE (10.835, -69.032)",10.8345481,-69.0323346,"https://cdn.download.ams.birds.cornell.edu/api/v1/asset/484861681/","mp3","https://macaulaylibrary.org/asset/484861681","mac",NA,"Procnias_averano-ML484861681.mp3","already there (not downloaded)",1.89
"Macaulay Library","sound","437276531","Procnias averano","2022-03-30","14:26","Arthur Gomes","Brazil","PN Monte Roraima--início da trilha principal",5.1165701,-60.5956972,"https://cdn.download.ams.birds.cornell.edu/api/v1/asset/437276531/","mp3","https://macaulaylibrary.org/asset/437276531","mac",NA,"Procnias_averano-ML437276531.mp3","already there (not downloaded)",1.33
"Macaulay Library","sound","425142801","Procnias averano","2022-03-14","05:30","Xander Vitarelli","Brazil","Chapada do Araripe - Trilha das Flores",-7.389389,-39.281767,"https://cdn.download.ams.birds.cornell.edu/api/v1/asset/425142801/","mp3","https://macaulaylibrary.org/asset/425142801","mac",NA,"Procnias_averano-ML425142801.mp3","already there (not downloaded)",0.35
"Macaulay Library","sound","389765301","Procnias averano","2021-11-20","17:09","Luis Morais","Brazil","Caxias--listas históricas (considere usar uma localidade mais precisa)",-4.8673416,-43.3623939,"https://cdn.download.ams.birds.cornell.edu/api/v1/asset/389765301/","mp3","https://macaulaylibrary.org/asset/389765301","mac",NA,"Procnias_averano-ML389765301.mp3","already there (not downloaded)",0.49
"Macaulay Library","sound","370887491","Procnias averano","2007-03-09","07:30","David Ascanio","Venezuela","Sierra de Lema--Parte alta (Km 124-133,1200-1400msnm)",5.9438996,-61.4437866,"https://cdn.download.ams.birds.cornell.edu/api/v1/asset/370887491/","mp3","https://macaulaylibrary.org/asset/370887491","mac",NA,"Procnias_averano-ML370887491.mp3","already there (not downloaded)",0.27
"Macaulay Library","sound","362865581","Procnias averano","2006-05-27","09:00","David Ascanio","Venezuela","Sierra de Lema, Black water stream",5.90924,-61.43501,"https://cdn.download.ams.birds.cornell.edu/api/v1/asset/362865581/","mp3","https://macaulaylibrary.org/asset/362865581","mac",NA,"Procnias_averano-ML362865581.mp3","already there (not downloaded)",0.85
"Macaulay Library","sound","314012281","Procnias averano","2000-04-20","14:00","Chris Jones","Venezuela","Sierra de San Luis",11.2342947,-69.6152427,"https://cdn.download.ams.birds.cornell.edu/api/v1/asset/314012281/","mp3","https://macaulaylibrary.org/asset/314012281","mac",NA,"Procnias_averano-ML314012281.mp3","already there (not downloaded)",1.87
"Macaulay Library","sound","241744751","Procnias averano","2019-02-08","10:20","Tom Dougherty","Trinidad and Tobago","Asa Wright Nature Center",10.717981,-61.2981367,"https://cdn.download.ams.birds.cornell.edu/api/v1/asset/241744751/","mp3","https://macaulaylibrary.org/asset/241744751","mac",NA,"Procnias_averano-ML241744751.mp3","already there (not downloaded)",0.86
"Macaulay Library","sound","236253521","Procnias averano","2019-12-22","14:50","Mhairi Mcfarlane","Trinidad and Tobago","Asa Wright Nature Center",10.717981,-61.2981367,"https://cdn.download.ams.birds.cornell.edu/api/v1/asset/236253521/","mp3","https://macaulaylibrary.org/asset/236253521","mac",NA,"Procnias_averano-ML236253521.mp3","already there (not downloaded)",2.78
"Macaulay Library","sound","224386891","Procnias averano","2020-03-12","07:30","Steven Hopp","Trinidad and Tobago","Asa Wright Nature Center",10.717981,-61.2981367,"https://cdn.download.ams.birds.cornell.edu/api/v1/asset/224386891/","mp3","https://macaulaylibrary.org/asset/224386891","mac",NA,"Procnias_averano-ML224386891.mp3","already there (not downloaded)",1.85
"Macaulay Library","sound","220865151","Procnias averano","2019-10-25","11:33","Ciro Albano / Brazil Birding Experts","Brazil","Serra da Aratanha",-3.9710828,-38.6431389,"https://cdn.download.ams.birds.cornell.edu/api/v1/asset/220865151/","mp3","https://macaulaylibrary.org/asset/220865151","mac",NA,"Procnias_averano-ML220865151.mp3","already there (not downloaded)",6.1
"Macaulay Library","sound","217954601","Procnias averano","2020-03-13","09:27","Chris Charlesworth","Trinidad and Tobago","Asa Wright Nature Center",10.717981,-61.2981367,"https://cdn.download.ams.birds.cornell.edu/api/v1/asset/217954601/","mp3","https://macaulaylibrary.org/asset/217954601","mac",NA,"Procnias_averano-ML217954601.mp3","already there (not downloaded)",1.43
"Macaulay Library","sound","202359981","Procnias averano","2019-12-08","15:00","Gabriel Leite","Brazil","Roraima, BR (5,113, -60,594)",5.1134939,-60.5939136,"https://cdn.download.ams.birds.cornell.edu/api/v1/asset/202359981/","mp3","https://macaulaylibrary.org/asset/202359981","mac",NA,"Procnias_averano-ML202359981.mp3","already there (not downloaded)",1.7
"Macaulay Library","sound","162305791","Procnias averano","2019-05-27","10:54","Carlos Rivas","Venezuela","PN Yacambu, PGP El Blanquito",9.7061806,-69.5769632,"https://cdn.download.ams.birds.cornell.edu/api/v1/asset/162305791/","mp3","https://macaulaylibrary.org/asset/162305791","mac",NA,"Procnias_averano-ML162305791.mp3","already there (not downloaded)",1.25
"Macaulay Library","sound","142794301","Procnias averano","2019-02-17","08:45","Daniel Lane","Trinidad and Tobago","Asa Wright Nature Center",10.717981,-61.2981367,"https://cdn.download.ams.birds.cornell.edu/api/v1/asset/142794301/","mp3","https://macaulaylibrary.org/asset/142794301","mac",NA,"Procnias_averano-ML142794301.mp3","already there (not downloaded)",12.63
"Macaulay Library","sound","130553141","Procnias averano","2018-12-05","06:15","Shailesh Pinto","Trinidad and Tobago","Asa Wright Nature Center",10.717981,-61.2981367,"https://cdn.download.ams.birds.cornell.edu/api/v1/asset/130553141/","mp3","https://macaulaylibrary.org/asset/130553141","mac",NA,"Procnias_averano-ML130553141.mp3","already there (not downloaded)",1.01
"Macaulay Library","sound","127426781","Procnias averano","2018-12-07","13:39","Paul Prappas","Trinidad and Tobago","Asa Wright Nature Center",10.717981,-61.2981367,"https://cdn.download.ams.birds.cornell.edu/api/v1/asset/127426781/","mp3","https://macaulaylibrary.org/asset/127426781","mac",NA,"Procnias_averano-ML127426781.mp3","already there (not downloaded)",0.67
"Macaulay Library","sound","113392961","Procnias averano","2018-08-29","05:45","Bill Hubick","Trinidad and Tobago","Asa Wright Nature Center",10.717981,-61.2981367,"https://cdn.download.ams.birds.cornell.edu/api/v1/asset/113392961/","mp3","https://macaulaylibrary.org/asset/113392961","mac",NA,"Procnias_averano-ML113392961.mp3","already there (not downloaded)",3.08
"Macaulay Library","sound","110845761","Procnias averano","2018-05-25","08:51","Ragupathy Kannan","Trinidad and Tobago","Asa Wright Nature Center",10.717981,-61.2981367,"https://cdn.download.ams.birds.cornell.edu/api/v1/asset/110845761/","mp3","https://macaulaylibrary.org/asset/110845761","mac",NA,"Procnias_averano-ML110845761.mp3","already there (not downloaded)",1.83
"Macaulay Library","sound","92406181","Procnias averano","2018-03-12","07:00","Brandon Nooner","Trinidad and Tobago","Asa Wright Nature Center",10.717981,-61.2981367,"https://cdn.download.ams.birds.cornell.edu/api/v1/asset/92406181/","mp3","https://macaulaylibrary.org/asset/92406181","mac",NA,"Procnias_averano-ML92406181.mp3","already there (not downloaded)",0.91
"Macaulay Library","sound","92391091","Procnias averano","2016-10-26","05:45","Dennis Shepler","Trinidad and Tobago","Asa Wright Nature Center",10.717981,-61.2981367,"https://cdn.download.ams.birds.cornell.edu/api/v1/asset/92391091/","mp3","https://macaulaylibrary.org/asset/92391091","mac",NA,"Procnias_averano-ML92391091.mp3","already there (not downloaded)",1.09
"Macaulay Library","sound","76684661","Procnias averano","2017-11-20","08:35","John Trent","Trinidad and Tobago","Asa Wright Nature Center",10.717981,-61.2981367,"https://cdn.download.ams.birds.cornell.edu/api/v1/asset/76684661/","mp3","https://macaulaylibrary.org/asset/76684661","mac",NA,"Procnias_averano-ML76684661.mp3","already there (not downloaded)",2.75
"Macaulay Library","sound","72662131","Procnias averano","2017-10-16","10:45","Arch Mccallum","Trinidad and Tobago","Asa Wright Nature Center",10.717981,-61.2981367,"https://cdn.download.ams.birds.cornell.edu/api/v1/asset/72662131/","mp3","https://macaulaylibrary.org/asset/72662131","mac",NA,"Procnias_averano-ML72662131.mp3","already there (not downloaded)",2.33
"Macaulay Library","sound","61594311","Procnias averano","2017-06-18","09:25","Andre Moncrieff","Trinidad and Tobago","Asa Wright Nature Center",10.717981,-61.2981367,"https://cdn.download.ams.birds.cornell.edu/api/v1/asset/61594311/","mp3","https://macaulaylibrary.org/asset/61594311","mac",NA,"Procnias_averano-ML61594311.mp3","already there (not downloaded)",2.42
"Macaulay Library","sound","51897661","Procnias averano","2017-02-18","06:30","Knut Hansen","Trinidad and Tobago","Asa Wright Nature Center",10.717981,-61.2981367,"https://cdn.download.ams.birds.cornell.edu/api/v1/asset/51897661/","mp3","https://macaulaylibrary.org/asset/51897661","mac",NA,"Procnias_averano-ML51897661.mp3","already there (not downloaded)",0.91
"Macaulay Library","sound","48327031","Procnias averano","2017-02-05","12:50","Matt Anthony","Trinidad and Tobago","Asa Wright Nature Center",10.717981,-61.2981367,"https://cdn.download.ams.birds.cornell.edu/api/v1/asset/48327031/","mp3","https://macaulaylibrary.org/asset/48327031","mac",NA,"Procnias_averano-ML48327031.mp3","already there (not downloaded)",0.39
"Macaulay Library","sound","47879881","Procnias averano","2015-01-31","06:10","Tom Johnson","Trinidad and Tobago","Asa Wright Nature Center",10.717981,-61.2981367,"https://cdn.download.ams.birds.cornell.edu/api/v1/asset/47879881/","mp3","https://macaulaylibrary.org/asset/47879881","mac",NA,"Procnias_averano-ML47879881.mp3","already there (not downloaded)",2.76
"Macaulay Library","sound","62848","Procnias averano","1971-03-27","14:00","Paul A. Schwartz","Venezuela","Rancho Grande, Km 34",10.37,-67.68,"https://cdn.download.ams.birds.cornell.edu/api/v1/asset/62848/","mp3","https://macaulaylibrary.org/asset/62848","mac",NA,"Procnias_averano-ML62848.mp3","already there (not downloaded)",12.57
"Macaulay Library","sound","62846","Procnias averano","1968-06-27","08:00","Paul A. Schwartz","Venezuela","Rancho Grande, Km 38+",10.37,-67.68,"https://cdn.download.ams.birds.cornell.edu/api/v1/asset/62846/","mp3","https://macaulaylibrary.org/asset/62846","mac",NA,"Procnias_averano-ML62846.mp3","already there (not downloaded)",25.23
"Macaulay Library","sound","62845","Procnias averano","1965-08-29","07:45","Paul A. Schwartz","Venezuela","Rancho Grande, Below Km36+",10.37,-67.68,"https://cdn.download.ams.birds.cornell.edu/api/v1/asset/62845/","mp3","https://macaulaylibrary.org/asset/62845","mac",NA,"Procnias_averano-ML62845.mp3","already there (not downloaded)",19.4
"Macaulay Library","sound","62844","Procnias averano","1965-08-29","07:30","Paul A. Schwartz","Venezuela","Rancho Grande, Below Km 36+",10.37,-67.68,"https://cdn.download.ams.birds.cornell.edu/api/v1/asset/62844/","mp3","https://macaulaylibrary.org/asset/62844","mac",NA,"Procnias_averano-ML62844.mp3","already there (not downloaded)",3.05
"Macaulay Library","sound","62843","Procnias averano","1965-08-28","07:45","Paul A. Schwartz","Venezuela","Rancho Grande; below km 36+",10.3666667,-67.6833333,"https://cdn.download.ams.birds.cornell.edu/api/v1/asset/62843/","mp3","https://macaulaylibrary.org/asset/62843","mac",NA,"Procnias_averano-ML62843.mp3","already there (not downloaded)",28.71
"Macaulay Library","sound","62842","Procnias averano","1965-05-21","07:00","Paul A. Schwartz","Venezuela","Rancho Grande; km 38+",10.3666667,-67.6833333,"https://cdn.download.ams.birds.cornell.edu/api/v1/asset/62842/","mp3","https://macaulaylibrary.org/asset/62842","mac",NA,"Procnias_averano-ML62842.mp3","already there (not downloaded)",2.62
"Macaulay Library","sound","62839","Procnias averano","1965-05-07","16:20","Paul A. Schwartz","Venezuela","Rancho Grande; km 38+",10.3666667,-67.6833333,"https://cdn.download.ams.birds.cornell.edu/api/v1/asset/62839/","mp3","https://macaulaylibrary.org/asset/62839","mac",NA,"Procnias_averano-ML62839.mp3","already there (not downloaded)",8.29
"Macaulay Library","sound","62838","Procnias averano","1965-05-06","17:20","Paul A. Schwartz","Venezuela","Rancho Grande; km 39-",10.3666667,-67.6833333,"https://cdn.download.ams.birds.cornell.edu/api/v1/asset/62838/","mp3","https://macaulaylibrary.org/asset/62838","mac",NA,"Procnias_averano-ML62838.mp3","already there (not downloaded)",7.99
"Macaulay Library","sound","62837","Procnias averano","1965-05-04","07:20","Paul A. Schwartz","Venezuela","Rancho Grande; below km 36+",10.3666667,-67.6833333,"https://cdn.download.ams.birds.cornell.edu/api/v1/asset/62837/","mp3","https://macaulaylibrary.org/asset/62837","mac",NA,"Procnias_averano-ML62837.mp3","already there (not downloaded)",1.74
"Macaulay Library","sound","62836","Procnias averano","1965-05-01","08:00","Paul A. Schwartz","Venezuela","Rancho Grande; below km 36+",10.3666667,-67.6833333,"https://cdn.download.ams.birds.cornell.edu/api/v1/asset/62836/","mp3","https://macaulaylibrary.org/asset/62836","mac",NA,"Procnias_averano-ML62836.mp3","already there (not downloaded)",10.48
"Macaulay Library","sound","62835","Procnias averano","1961-07-10","07:30","Paul A. Schwartz","Venezuela","Rancho Grande",10.3666667,-67.6833333,"https://cdn.download.ams.birds.cornell.edu/api/v1/asset/62835/","mp3","https://macaulaylibrary.org/asset/62835","mac",NA,"Procnias_averano-ML62835.mp3","already there (not downloaded)",3.74
"Macaulay Library","sound","62834","Procnias averano","1961-07-09","10:30","Paul A. Schwartz","Venezuela","Rancho Grande",10.3666667,-67.6833333,"https://cdn.download.ams.birds.cornell.edu/api/v1/asset/62834/","mp3","https://macaulaylibrary.org/asset/62834","mac",NA,"Procnias_averano-ML62834.mp3","already there (not downloaded)",4.69
"Macaulay Library","sound","62829","Procnias averano","1961-07-18","10:30","Paul A. Schwartz","Venezuela","Rancho Grande",10.3666667,-67.6833333,"https://cdn.download.ams.birds.cornell.edu/api/v1/asset/62829/","mp3","https://macaulaylibrary.org/asset/62829","mac",NA,"Procnias_averano-ML62829.mp3","already there (not downloaded)",7.07
"Macaulay Library","sound","62828","Procnias averano","1961-07-18","11:00","Paul A. Schwartz","Venezuela","Rancho Grande",10.3666667,-67.6833333,"https://cdn.download.ams.birds.cornell.edu/api/v1/asset/62828/","mp3","https://macaulaylibrary.org/asset/62828","mac",NA,"Procnias_averano-ML62828.mp3","already there (not downloaded)",5.62
"Macaulay Library","sound","62827","Procnias averano","1961-07-18","09:00","Paul A. Schwartz","Venezuela","Rancho Grande",10.3666667,-67.6833333,"https://cdn.download.ams.birds.cornell.edu/api/v1/asset/62827/","mp3","https://macaulaylibrary.org/asset/62827","mac",NA,"Procnias_averano-ML62827.mp3","already there (not downloaded)",11.98
"Macaulay Library","sound","62826","Procnias averano","1961-07-16","12:00","Paul A. Schwartz","Venezuela","Rancho Grande",10.3666667,-67.6833333,"https://cdn.download.ams.birds.cornell.edu/api/v1/asset/62826/","mp3","https://macaulaylibrary.org/asset/62826","mac",NA,"Procnias_averano-ML62826.mp3","already there (not downloaded)",5.93
"Macaulay Library","sound","56392","Procnias averano","1973-06-02","07:20","Paul A. Schwartz","Venezuela","down by old Kilometer 36 and a half or 36 plus",NA,NA,"https://cdn.download.ams.birds.cornell.edu/api/v1/asset/56392/","mp3","https://macaulaylibrary.org/asset/56392","mac",NA,"Procnias_averano-ML56392.mp3","already there (not downloaded)",35.9
"Macaulay Library","sound","56378","Procnias averano","1973-06-02","07:45","Paul A. Schwartz","Venezuela","PN Henri Pittier--Estacion Rancho Grande",10.3508996,-67.6847398,"https://cdn.download.ams.birds.cornell.edu/api/v1/asset/56378/","mp3","https://macaulaylibrary.org/asset/56378","mac",NA,"Procnias_averano-ML56378.mp3","already there (not downloaded)",2.23
"Macaulay Library","sound","44248","Procnias averano","1989-03-15","14:10","J. Duncan Macdonald","Venezuela","Coastal Cordillera; road between Tarma and C. Tovar",10.42,-67.28,"https://cdn.download.ams.birds.cornell.edu/api/v1/asset/44248/","mp3","https://macaulaylibrary.org/asset/44248","mac",NA,"Procnias_averano-ML44248.mp3","already there (not downloaded)",6.51
"Macaulay Library","sound","34451","Procnias averano","1985-02-20","13:20","Ted Parker","Venezuela","La Escalera--tramo medio (km 117-123, 1000-1200m)",5.9685707,-61.3801003,"https://cdn.download.ams.birds.cornell.edu/api/v1/asset/34451/","mp3","https://macaulaylibrary.org/asset/34451","mac",NA,"Procnias_averano-ML34451.mp3","already there (not downloaded)",9.2
"Macaulay Library","sound","7286","Procnias averano","1965-01-17","09:00","Rodman Ward","Trinidad and Tobago","SPRING HILL ESTATE; ARIMA VALLEY",10.6666667,-61.25,"https://cdn.download.ams.birds.cornell.edu/api/v1/asset/7286/","mp3","https://macaulaylibrary.org/asset/7286","mac",NA,"Procnias_averano-ML7286.mp3","already there (not downloaded)",5.14
"WikiAves","sound","80042","Procnias averano",NA,NA,"Gustavo Pedersoli","Brazil","Dianópolis/TO",NA,NA,"https://s3.amazonaws.com/media.wikiaves.com.br/recordings/08/80042_7c88dafd8af60cba4eb3a31e42c32826.mp3","mp3","https://www.wikiaves.com.br/80042","wa",NA,"Procnias_averano-WA80042.mp3","already there (not downloaded)",0.46
"WikiAves","sound","5190322","Procnias averano","2007-12-20",NA,"Jayrson Araújo","Brazil","Porto Franco/MA",NA,NA,"https://s3.amazonaws.com/media.wikiaves.com.br/recordings/0915/5190322_bc2fedde788c3b6cb6af6f016e976935.mp3","mp3","https://www.wikiaves.com.br/5190322","wa",NA,"Procnias_averano-WA5190322.mp3","already there (not downloaded)",4.13
"WikiAves","sound","2510452","Procnias averano",NA,NA,"Ivo Zecchin","Brazil","Altos/PI",NA,NA,"https://s3.amazonaws.com/media.wikiaves.com.br/recordings/0152/2510452_298fb164df14a38c4d887f4229928abd.mp3","mp3","https://www.wikiaves.com.br/2510452","wa",NA,"Procnias_averano-WA2510452.mp3","already there (not downloaded)",0.62
"WikiAves","sound","930907","Procnias averano","2006-04-20",NA,"J. Augusto Alves","Brazil","Guaramiranga/CE",NA,NA,"https://s3.amazonaws.com/media.wikiaves.com.br/recordings/039/930907_3c033db8472b85a1357a95648518e24b.mp3","mp3","https://www.wikiaves.com.br/930907","wa",NA,"Procnias_averano-WA930907.mp3","already there (not downloaded)",0.61
"WikiAves","sound","1094673","Procnias averano","2021-09-20",NA,"Marlos Menêzes","Brazil","Jaqueira/PE",NA,NA,"https://s3.amazonaws.com/media.wikiaves.com.br/recordings/4901/1094673_5719bcb846cc60e44e3d6c347e2e87ec.mp3","mp3","https://www.wikiaves.com.br/1094673","wa",NA,"Procnias_averano-WA1094673.mp3","already there (not downloaded)",0.42
"WikiAves","sound","2054987","Procnias averano","2016-03-20",NA,"Weber Girão","Brazil","Crato/CE",NA,NA,"https://s3.amazonaws.com/media.wikiaves.com.br/recordings/4502/2054987_bbbd36a01f515dd9e47118de0ebfe623.mp3","mp3","https://www.wikiaves.com.br/2054987","wa",NA,"Procnias_averano-WA2054987.mp3","already there (not downloaded)",2.07
"WikiAves","sound","4503072","Procnias averano","2026-08-20",NA,"Davi Abreu","Brazil","Tasso Fragoso/MA",NA,NA,"https://s3.amazonaws.com/media.wikiaves.com.br/recordings/3054/4503072_d94656a9eed4504c3c86342f9685773c.mp3","mp3","https://www.wikiaves.com.br/4503072","wa",NA,"Procnias_averano-WA4503072.mp3","already there (not downloaded)",1.37
"WikiAves","sound","6393921","Procnias averano","2018-08-20",NA,"Patrícia Navarro","Brazil","Conceição do Araguaia/PA",NA,NA,"https://s3.amazonaws.com/media.wikiaves.com.br/recordings/3936/6393921_fe88dd77e22f6cfe32923550c09f16c6.mp3","mp3","https://www.wikiaves.com.br/6393921","wa",NA,"Procnias_averano-WA6393921.mp3","already there (not downloaded)",1.29
"WikiAves","sound","6380883","Procnias averano",NA,NA,"Marcelo Telles","Brazil","Maracanaú/CE",NA,NA,"https://s3.amazonaws.com/media.wikiaves.com.br/recordings/0836/6380883_b2e1b59a9d860bbae3f40d5b027d69e5.mp3","mp3","https://www.wikiaves.com.br/6380883","wa",NA,"Procnias_averano-WA6380883.mp3","already there (not downloaded)",0.25
"WikiAves","sound","3725742","Procnias averano",NA,NA,"Marco Cruz","Brazil","Caucaia/CE",NA,NA,"https://s3.amazonaws.com/media.wikiaves.com.br/recordings/5273/3725742_055f3d88aa6933504cbe1bb455ee009d.mp3","mp3","https://www.wikiaves.com.br/3725742","wa",NA,"Procnias_averano-WA3725742.mp3","already there (not downloaded)",4.39
"WikiAves","sound","1616646","Procnias averano","2012-02-20",NA,"Caio Brito","Brazil","Pacatuba/CE",NA,NA,"https://s3.amazonaws.com/media.wikiaves.com.br/recordings/6161/1616646_fd1e579e528b31f1fa5ab6056b26a444.mp3","mp3","https://www.wikiaves.com.br/1616646","wa",NA,"Procnias_averano-WA1616646.mp3","already there (not downloaded)",1.41
"WikiAves","sound","707469","Procnias averano",NA,NA,"Thiago Laranjeiras","Brazil","FORA DO BRASIL/EX",NA,NA,"https://s3.amazonaws.com/media.wikiaves.com.br/recordings/707/707469_9df8f521d8ba4b236f00bfffa37ee883.mp3","mp3","https://www.wikiaves.com.br/707469","wa",NA,"Procnias_averano-WA707469.mp3","already there (not downloaded)",1.07
"WikiAves","sound","6380881","Procnias averano",NA,NA,"Marcelo Telles","Brazil","Maracanaú/CE",NA,NA,"https://s3.amazonaws.com/media.wikiaves.com.br/recordings/0836/6380881_cb5afb0b355c8702b88191b936405505.mp3","mp3","https://www.wikiaves.com.br/6380881","wa",NA,"Procnias_averano-WA6380881.mp3","already there (not downloaded)",0.34
"WikiAves","sound","3827816","Procnias averano",NA,NA,"Marcelo Telles","Brazil","Maranguape/CE",NA,NA,"https://s3.amazonaws.com/media.wikiaves.com.br/recordings/7283/3827816_09de85d8e195f752f5e9c7eb76993dab.mp3","mp3","https://www.wikiaves.com.br/3827816","wa",NA,"Procnias_averano-WA3827816.mp3","already there (not downloaded)",0.33
"WikiAves","sound","3827815","Procnias averano",NA,NA,"Marcelo Telles","Brazil","Maranguape/CE",NA,NA,"https://s3.amazonaws.com/media.wikiaves.com.br/recordings/7283/3827815_72aee3cd55bda533921fd57ad1fb7063.mp3","mp3","https://www.wikiaves.com.br/3827815","wa",NA,"Procnias_averano-WA3827815.mp3","already there (not downloaded)",0.16
"WikiAves","sound","2287172","Procnias averano","2014-09-20",NA,"Wilson Lucheti","Brazil","Marituba/PA",NA,NA,"https://s3.amazonaws.com/media.wikiaves.com.br/recordings/7822/2287172_a6e63299d1b7b8e60f8e3a1ce6fced63.mp3","mp3","https://www.wikiaves.com.br/2287172","wa",NA,"Procnias_averano-WA2287172.mp3","already there (not downloaded)",2.14
"WikiAves","sound","1585006","Procnias averano","2018-01-20",NA,"Carlos Eduardo Moura ","Brazil","Pacatuba/CE",NA,NA,"https://s3.amazonaws.com/media.wikiaves.com.br/recordings/5851/1585006_e2eb1dded1aa1d9581a9fb3d74e64937.mp3","mp3","https://www.wikiaves.com.br/1585006","wa",NA,"Procnias_averano-WA1585006.mp3","already there (not downloaded)",0.06
"WikiAves","sound","232659","Procnias averano","2026-10-20",NA,"Gustavo Malacco","Brazil","São Luís/MA",NA,NA,"https://s3.amazonaws.com/media.wikiaves.com.br/recordings/232/232659_e8a07afbe64502b7e2d07157a9303a82.mp3","mp3","https://www.wikiaves.com.br/232659","wa",NA,"Procnias_averano-WA232659.mp3","already there (not downloaded)",1.54
"WikiAves","sound","7346034","Procnias averano","2025-11-15",NA,"Luciano Moura","Brazil","Guaraí/TO",NA,NA,"https://s3.amazonaws.com/media.wikiaves.com.br/recordings/6437/7346034_b60b172406931f46c83120053adf4fe3.mp3","mp3","https://www.wikiaves.com.br/7346034","wa",NA,"Procnias_averano-WA7346034.mp3","already there (not downloaded)",0.91
"WikiAves","sound","6709538","Procnias averano","2025-02-15",NA,"Jayrson Araújo","Brazil","Caxias/MA",NA,NA,"https://s3.amazonaws.com/media.wikiaves.com.br/recordings/9076/6709538_71e8e104cbeecfe0375f8805d1039aaa.mp3","mp3","https://www.wikiaves.com.br/6709538","wa",NA,"Procnias_averano-WA6709538.mp3","already there (not downloaded)",1.81
"WikiAves","sound","6502580","Procnias averano","2025-10-21",NA,"João Rosa","Brazil","Barão de Grajaú/MA",NA,NA,"https://s3.amazonaws.com/media.wikiaves.com.br/recordings/2056/6502580_db463e5f8f3e004f70da4cd3b2a5ba05.mp3","mp3","https://www.wikiaves.com.br/6502580","wa",NA,"Procnias_averano-WA6502580.mp3","already there (not downloaded)",0.58
"WikiAves","sound","6330445","Procnias averano","2010-09-21",NA,"will Mesquita","Brazil","Itapecuru Mirim/MA",NA,NA,"https://s3.amazonaws.com/media.wikiaves.com.br/recordings/0336/6330445_398e8a057197e6ee2a67f5bafda88216.mp3","mp3","https://www.wikiaves.com.br/6330445","wa",NA,"Procnias_averano-WA6330445.mp3","already there (not downloaded)",0.38
"WikiAves","sound","6330446","Procnias averano","2010-09-21",NA,"Dudu Sousa","Brazil","Itapecuru Mirim/MA",NA,NA,"https://s3.amazonaws.com/media.wikiaves.com.br/recordings/0336/6330446_9a5ed1b28ecebd15fb55cd499d26a111.mp3","mp3","https://www.wikiaves.com.br/6330446","wa",NA,"Procnias_averano-WA6330446.mp3","already there (not downloaded)",0.4
"WikiAves","sound","4611454","Procnias averano","2020-11-20",NA,"Luis Morais_","Brazil","Caxias/MA",NA,NA,"https://s3.amazonaws.com/media.wikiaves.com.br/recordings/1164/4611454_182d7ddf3eaa2bd7c0244dd33c2abb72.mp3","mp3","https://www.wikiaves.com.br/4611454","wa",NA,"Procnias_averano-WA4611454.mp3","already there (not downloaded)",0.99
"WikiAves","sound","4530925","Procnias averano","2008-10-20",NA,"Lucas_carvalho","Brazil","Paulista/PE",NA,NA,"https://s3.amazonaws.com/media.wikiaves.com.br/recordings/0354/4530925_4e8dd841e3bd57f1ab048c26c1f7459b.mp3","mp3","https://www.wikiaves.com.br/4530925","wa",NA,"Procnias_averano-WA4530925.mp3","already there (not downloaded)",0.44
"WikiAves","sound","4156290","Procnias averano","2003-01-20",NA,"Pablo Reis.","Brazil","Maranguape/CE",NA,NA,"https://s3.amazonaws.com/media.wikiaves.com.br/recordings/6514/4156290_7cd79713d7319574dcb33b41d8661b84.mp3","mp3","https://www.wikiaves.com.br/4156290","wa",NA,"Procnias_averano-WA4156290.mp3","already there (not downloaded)",2.19
"WikiAves","sound","4021715","Procnias averano","2007-10-20",NA,"Arthur B. Andrade","Brazil","Murici/AL",NA,NA,"https://s3.amazonaws.com/media.wikiaves.com.br/recordings/1204/4021715_da914611851f7286f95573265ef93ca8.mp3","mp3","https://www.wikiaves.com.br/4021715","wa",NA,"Procnias_averano-WA4021715.mp3","already there (not downloaded)",0.65
"WikiAves","sound","1235385","Procnias averano","2006-04-20",NA,"Marcelo Holderbaum","Brazil","Guaramiranga/CE",NA,NA,"https://s3.amazonaws.com/media.wikiaves.com.br/recordings/5321/1235385_d10fda6b71e41b264e7fc883b177b1fb.mp3","mp3","https://www.wikiaves.com.br/1235385","wa",NA,"Procnias_averano-WA1235385.mp3","already there (not downloaded)",0.21
"WikiAves","sound","1231591","Procnias averano","2001-11-20",NA,"Fernando Pacheco","Brazil","Carolina/MA",NA,NA,"https://s3.amazonaws.com/media.wikiaves.com.br/recordings/1321/1231591_98a06754bbd564538c229dec4e6d0d97.mp3","mp3","https://www.wikiaves.com.br/1231591","wa",NA,"Procnias_averano-WA1231591.mp3","already there (not downloaded)",0.04
"WikiAves","sound","707472","Procnias averano",NA,NA,"Thiago Laranjeiras","Brazil","FORA DO BRASIL/EX",NA,NA,"https://s3.amazonaws.com/media.wikiaves.com.br/recordings/707/707472_aa337c4cca2b2f4777110822d1f421f5.mp3","mp3","https://www.wikiaves.com.br/707472","wa",NA,"Procnias_averano-WA707472.mp3","already there (not downloaded)",0.71
"WikiAves","sound","7044206","Procnias averano","2025-08-15",NA,"Thiago Freitas Ramos","Brazil","Itupiranga/PA",NA,NA,"https://s3.amazonaws.com/media.wikiaves.com.br/recordings/4407/7044206_ac01aac55869b41a8b794e12665a7c8d.mp3","mp3","https://www.wikiaves.com.br/7044206","wa",NA,"Procnias_averano-WA7044206.mp3","already there (not downloaded)",0.41
"WikiAves","sound","6764022","Procnias averano","2025-03-28",NA,"Sara Silva","Brazil","Altos/PI",NA,NA,"https://s3.amazonaws.com/media.wikiaves.com.br/recordings/4676/6764022_ac315fecddd67aef4bf71f461e742bb9.mp3","mp3","https://www.wikiaves.com.br/6764022","wa",NA,"Procnias_averano-WA6764022.mp3","already there (not downloaded)",0.28
"WikiAves","sound","6467884","Procnias averano","2001-11-21",NA,"Jayrson Araújo","Brazil","Porto Franco/MA",NA,NA,"https://s3.amazonaws.com/media.wikiaves.com.br/recordings/7646/6467884_f6eeded2036d60c084fbabe71b6368bf.mp3","mp3","https://www.wikiaves.com.br/6467884","wa",NA,"Procnias_averano-WA6467884.mp3","already there (not downloaded)",0.29
"WikiAves","sound","6375607","Procnias averano","2017-09-21",NA,"Tulio Dornas","Brazil","Araguaína/TO",NA,NA,"https://s3.amazonaws.com/media.wikiaves.com.br/recordings/5736/6375607_75d233025b6ee851927b1539ac604930.mp3","mp3","https://www.wikiaves.com.br/6375607","wa",NA,"Procnias_averano-WA6375607.mp3","already there (not downloaded)",0.25
"WikiAves","sound","5875928","Procnias averano","2021-01-21",NA,"Gustavo L. Ribeiro","Brazil","Timon/MA",NA,NA,"https://s3.amazonaws.com/media.wikiaves.com.br/recordings/5785/5875928_687233173450ca77f32056ad63b27f71.mp3","mp3","https://www.wikiaves.com.br/5875928","wa",NA,"Procnias_averano-WA5875928.mp3","already there (not downloaded)",0.44
"WikiAves","sound","5810976","Procnias averano","2022-12-20",NA,"Lucas Dib","Brazil","Maranguape/CE",NA,NA,"https://s3.amazonaws.com/media.wikiaves.com.br/recordings/0185/5810976_990aa612a898465d6c945a3807036d14.mp3","mp3","https://www.wikiaves.com.br/5810976","wa",NA,"Procnias_averano-WA5810976.mp3","already there (not downloaded)",2.01
"WikiAves","sound","5810978","Procnias averano","2022-12-20",NA,"Lucas Dib","Brazil","Maranguape/CE",NA,NA,"https://s3.amazonaws.com/media.wikiaves.com.br/recordings/0185/5810978_cecd1bcef2744d2e4f3d87557880f1db.mp3","mp3","https://www.wikiaves.com.br/5810978","wa",NA,"Procnias_averano-WA5810978.mp3","already there (not downloaded)",1.06
"WikiAves","sound","5210694","Procnias averano",NA,NA,"Murilo Nascimento","Brazil","Caxias/MA",NA,NA,"https://s3.amazonaws.com/media.wikiaves.com.br/recordings/0125/5210694_f318a8e432836b446f97eb2e8d4b9a53.mp3","mp3","https://www.wikiaves.com.br/5210694","wa",NA,"Procnias_averano-WA5210694.mp3","already there (not downloaded)",0.82
"WikiAves","sound","4956855","Procnias averano",NA,NA,"Mats Hildeman","Brazil","Catende/PE",NA,NA,"https://s3.amazonaws.com/media.wikiaves.com.br/recordings/6594/4956855_b2c0ade89f2f83294f35ddc658d33c35.mp3","mp3","https://www.wikiaves.com.br/4956855","wa",NA,"Procnias_averano-WA4956855.mp3","already there (not downloaded)",1.37
"WikiAves","sound","4628294","Procnias averano","2026-03-20",NA,"Cicero Simão","Brazil","Barbalha/CE",NA,NA,"https://s3.amazonaws.com/media.wikiaves.com.br/recordings/8264/4628294_79f11eacbad1d1254ecc686d4b9b2b41.mp3","mp3","https://www.wikiaves.com.br/4628294","wa",NA,"Procnias_averano-WA4628294.mp3","already there (not downloaded)",0.7
"WikiAves","sound","4530926","Procnias averano","2008-10-20",NA,"Lucas_carvalho","Brazil","Paulista/PE",NA,NA,"https://s3.amazonaws.com/media.wikiaves.com.br/recordings/0354/4530926_e7935f157645744304bdca2fa8aa22a6.mp3","mp3","https://www.wikiaves.com.br/4530926","wa",NA,"Procnias_averano-WA4530926.mp3","already there (not downloaded)",1.43
"WikiAves","sound","4462287","Procnias averano",NA,NA,"Emerson Kaseker","Brazil","Caxias/MA",NA,NA,"https://s3.amazonaws.com/media.wikiaves.com.br/recordings/2644/4462287_67a046dc192519ae3d1060bd12064df2.mp3","mp3","https://www.wikiaves.com.br/4462287","wa",NA,"Procnias_averano-WA4462287.mp3","already there (not downloaded)",0.58
"WikiAves","sound","4079409","Procnias averano","2012-11-20",NA,"Jose Mauro C. Monteiro","Brazil","Caxias/MA",NA,NA,"https://s3.amazonaws.com/media.wikiaves.com.br/recordings/9704/4079409_8f32788348e17239b9576a69361492b5.mp3","mp3","https://www.wikiaves.com.br/4079409","wa",NA,"Procnias_averano-WA4079409.mp3","already there (not downloaded)",0.67
"WikiAves","sound","4050025","Procnias averano","2011-10-20",NA,"Fabyano Costa","Brazil","Caxias/MA",NA,NA,"https://s3.amazonaws.com/media.wikiaves.com.br/recordings/0504/4050025_cf82f09b6d6d3a25c49c40e8cfc588fa.mp3","mp3","https://www.wikiaves.com.br/4050025","wa",NA,"Procnias_averano-WA4050025.mp3","already there (not downloaded)",0.57
"WikiAves","sound","3739563","Procnias averano",NA,NA,"Bruno Martins","Brazil","Maranguape/CE",NA,NA,"https://s3.amazonaws.com/media.wikiaves.com.br/recordings/9373/3739563_625a5fcde125425bfefbedac2434c64f.mp3","mp3","https://www.wikiaves.com.br/3739563","wa",NA,"Procnias_averano-WA3739563.mp3","already there (not downloaded)",0.79
"WikiAves","sound","3514333","Procnias averano",NA,NA,"Arthur B. Andrade","Brazil","Murici/AL",NA,NA,"https://s3.amazonaws.com/media.wikiaves.com.br/recordings/4153/3514333_d6930087391d4946e0b05eee31a88c0d.mp3","mp3","https://www.wikiaves.com.br/3514333","wa",NA,"Procnias_averano-WA3514333.mp3","already there (not downloaded)",1
"WikiAves","sound","3233443","Procnias averano",NA,NA,"Pablo Reis.","Brazil","Igarassu/PE",NA,NA,"https://s3.amazonaws.com/media.wikiaves.com.br/recordings/3323/3233443_82ac3a30a8f7d166eca5c72f18df67df.mp3","mp3","https://www.wikiaves.com.br/3233443","wa",NA,"Procnias_averano-WA3233443.mp3","already there (not downloaded)",0.12
"WikiAves","sound","3202165","Procnias averano","2009-09-20",NA,"Arthur B. Andrade","Brazil","Quebrangulo/AL",NA,NA,"https://s3.amazonaws.com/media.wikiaves.com.br/recordings/2023/3202165_68ab5f472313a134dd218548cc2b4f7e.mp3","mp3","https://www.wikiaves.com.br/3202165","wa",NA,"Procnias_averano-WA3202165.mp3","already there (not downloaded)",0.63
"WikiAves","sound","3170733","Procnias averano","2018-11-20",NA,"Francisco Diniz De Oliveira","Brazil","Pacaraima/RR",NA,NA,"https://s3.amazonaws.com/media.wikiaves.com.br/recordings/0713/3170733_09d5717cf3a326872ab75c2666719e0f.mp3","mp3","https://www.wikiaves.com.br/3170733","wa",NA,"Procnias_averano-WA3170733.mp3","already there (not downloaded)",0.3
"WikiAves","sound","2794584","Procnias averano","2018-11-20",NA,"Fernando Pacheco","Brazil","Araguacema/TO",NA,NA,"https://s3.amazonaws.com/media.wikiaves.com.br/recordings/4972/2794584_547d18ceaacd1681a3edf61d8862c188.mp3","mp3","https://www.wikiaves.com.br/2794584","wa",NA,"Procnias_averano-WA2794584.mp3","already there (not downloaded)",0.45
"WikiAves","sound","2661142","Procnias averano","2003-01-20",NA,"Felipe Arantes","Brazil","FORA DO BRASIL/EX",NA,NA,"https://s3.amazonaws.com/media.wikiaves.com.br/recordings/1662/2661142_dfe0d4839f660421435e6940c8a77673.mp3","mp3","https://www.wikiaves.com.br/2661142","wa",NA,"Procnias_averano-WA2661142.mp3","already there (not downloaded)",1.04
"WikiAves","sound","2258700","Procnias averano","2024-08-20",NA,"Juliano Silva","Brazil","Canaã dos Carajás/PA",NA,NA,"https://s3.amazonaws.com/media.wikiaves.com.br/recordings/8522/2258700_595ab8979aac308d125a0f0daac307e1.mp3","mp3","https://www.wikiaves.com.br/2258700","wa",NA,"Procnias_averano-WA2258700.mp3","already there (not downloaded)",0.81
"WikiAves","sound","1905150","Procnias averano","2008-11-20",NA,"Lindemberg Caranha","Brazil","Maranguape/CE",NA,NA,"https://s3.amazonaws.com/media.wikiaves.com.br/recordings/5091/1905150_2a50fedbead0937d2efbad962eeeeb5a.mp3","mp3","https://www.wikiaves.com.br/1905150","wa",NA,"Procnias_averano-WA1905150.mp3","already there (not downloaded)",1.73
"WikiAves","sound","1905138","Procnias averano","2008-11-20",NA,"Lindemberg Caranha","Brazil","Maranguape/CE",NA,NA,"https://s3.amazonaws.com/media.wikiaves.com.br/recordings/5091/1905138_7f29181e0bc652c476af282f55f1a802.mp3","mp3","https://www.wikiaves.com.br/1905138","wa",NA,"Procnias_averano-WA1905138.mp3","already there (not downloaded)",0.75
"WikiAves","sound","1905137","Procnias averano","2008-11-20",NA,"Lindemberg Caranha","Brazil","Maranguape/CE",NA,NA,"https://s3.amazonaws.com/media.wikiaves.com.br/recordings/5091/1905137_69214eb1a71f5cf9bd198822140f46a2.mp3","mp3","https://www.wikiaves.com.br/1905137","wa",NA,"Procnias_averano-WA1905137.mp3","already there (not downloaded)",0.57
"WikiAves","sound","1863942","Procnias averano","2007-10-20",NA,"Almir Tavora","Brazil","Maranguape/CE",NA,NA,"https://s3.amazonaws.com/media.wikiaves.com.br/recordings/3681/1863942_13152812076bbda23c549a1bd51b32ec.mp3","mp3","https://www.wikiaves.com.br/1863942","wa",NA,"Procnias_averano-WA1863942.mp3","already there (not downloaded)",0.71
"WikiAves","sound","1584972","Procnias averano","2018-01-20",NA,"Carlos Eduardo Moura ","Brazil","Pacatuba/CE",NA,NA,"https://s3.amazonaws.com/media.wikiaves.com.br/recordings/4851/1584972_64ed31a084acbba882e349e7291b4a15.mp3","mp3","https://www.wikiaves.com.br/1584972","wa",NA,"Procnias_averano-WA1584972.mp3","already there (not downloaded)",0.15
"WikiAves","sound","907877","Procnias averano","2001-03-20",NA,"Gustavo Gonsioroski","Brazil","Caxias/MA",NA,NA,"https://s3.amazonaws.com/media.wikiaves.com.br/recordings/709/907877_f78e0495c8ba3948c18744f0866f0b34.mp3","mp3","https://www.wikiaves.com.br/907877","wa",NA,"Procnias_averano-WA907877.mp3","already there (not downloaded)",0.21
"WikiAves","sound","892379","Procnias averano","2018-07-20",NA,"Wanieulli Pascoal (Sirê)","Brazil","Araguaína/TO",NA,NA,"https://s3.amazonaws.com/media.wikiaves.com.br/recordings/298/892379_bde7733156692854bc854d26d4fc0164.mp3","mp3","https://www.wikiaves.com.br/892379","wa",NA,"Procnias_averano-WA892379.mp3","already there (not downloaded)",0.76
"WikiAves","sound","472093","Procnias averano","2016-10-20",NA,"Gustavo Gonsioroski","Brazil","Caxias/MA",NA,NA,"https://s3.amazonaws.com/media.wikiaves.com.br/recordings/274/472093_eb2f212795a94cbeb23fdc00fcb0333b.mp3","mp3","https://www.wikiaves.com.br/472093","wa",NA,"Procnias_averano-WA472093.mp3","already there (not downloaded)",1.96
"WikiAves","sound","7647649","Procnias averano","2007-10-20",NA,"Fernando Pacheco","Brazil","Porto Franco/MA",NA,NA,"https://s3.amazonaws.com/media.wikiaves.com.br/recordings/7467/7647649_fa77f3385b79a0cef487e9d7a03258c1.mp3","mp3","https://www.wikiaves.com.br/7647649","wa",NA,"Procnias_averano-WA7647649.mp3","already there (not downloaded)",0.46
"WikiAves","sound","7647622","Procnias averano","2007-10-20",NA,"Fernando Pacheco","Brazil","Porto Franco/MA",NA,NA,"https://s3.amazonaws.com/media.wikiaves.com.br/recordings/7467/7647622_c5bc2a31bc0f5f273cc2a0c85c4456e0.mp3","mp3","https://www.wikiaves.com.br/7647622","wa",NA,"Procnias_averano-WA7647622.mp3","already there (not downloaded)",0.37
"WikiAves","sound","7647601","Procnias averano","2007-10-20",NA,"Fernando Pacheco","Brazil","Porto Franco/MA",NA,NA,"https://s3.amazonaws.com/media.wikiaves.com.br/recordings/7467/7647601_1fe636895c3493932a6075237334a521.mp3","mp3","https://www.wikiaves.com.br/7647601","wa",NA,"Procnias_averano-WA7647601.mp3","already there (not downloaded)",0.25
"WikiAves","sound","7647591","Procnias averano","2007-10-20",NA,"Fernando Pacheco","Brazil","Porto Franco/MA",NA,NA,"https://s3.amazonaws.com/media.wikiaves.com.br/recordings/7467/7647591_a32e0002aae9d742bbe3a0f007228087.mp3","mp3","https://www.wikiaves.com.br/7647591","wa",NA,"Procnias_averano-WA7647591.mp3","already there (not downloaded)",0.12
"WikiAves","sound","7619927","Procnias averano","2026-01-16",NA,"Alexandre Câmara","Brazil","Caxias/MA",NA,NA,"https://s3.amazonaws.com/media.wikiaves.com.br/recordings/9167/7619927_d38d220841bdff6add47d09c608d4aea.mp3","mp3","https://www.wikiaves.com.br/7619927","wa",NA,"Procnias_averano-WA7619927.mp3","already there (not downloaded)",1.8
"WikiAves","sound","7568432","Procnias averano","2026-03-19",NA,"Denia Oliveira","Brazil","Timon/MA",NA,NA,"https://s3.amazonaws.com/media.wikiaves.com.br/recordings/8657/7568432_edea3582f0ae0d3ac52b2871b7454a38.mp3","mp3","https://www.wikiaves.com.br/7568432","wa",NA,"Procnias_averano-WA7568432.mp3","already there (not downloaded)",0.59
"WikiAves","sound","7520227","Procnias averano","2026-01-16",NA,"Joaquim Barros","Brazil","Lajeado Novo/MA",NA,NA,"https://s3.amazonaws.com/media.wikiaves.com.br/recordings/0257/7520227_78f71e9afc027ce2444208074ccced83.mp3","mp3","https://www.wikiaves.com.br/7520227","wa",NA,"Procnias_averano-WA7520227.mp3","already there (not downloaded)",0.53
"WikiAves","sound","7513337","Procnias averano","2026-02-14",NA,"Renné Araújo","Brazil","Carolina/MA",NA,NA,"https://s3.amazonaws.com/media.wikiaves.com.br/recordings/3157/7513337_e78d0ff931f98e102e609a1c6e42a843.mp3","mp3","https://www.wikiaves.com.br/7513337","wa",NA,"Procnias_averano-WA7513337.mp3","already there (not downloaded)",0.86
"WikiAves","sound","7411432","Procnias averano","2026-01-08",NA,"Adriano Canteri","Brazil","Humberto de Campos/MA",NA,NA,"https://s3.amazonaws.com/media.wikiaves.com.br/recordings/1147/7411432_49dd338365e17c60890f7a0467d09a78.mp3","mp3","https://www.wikiaves.com.br/7411432","wa",NA,"Procnias_averano-WA7411432.mp3","already there (not downloaded)",3.04
"WikiAves","sound","7374318","Procnias averano","2015-09-20",NA,"Adriano Canteri","Brazil","Balsas/MA",NA,NA,"https://s3.amazonaws.com/media.wikiaves.com.br/recordings/4737/7374318_e71069fa0682a7494c51fd247a058e9b.mp3","mp3","https://www.wikiaves.com.br/7374318","wa",NA,"Procnias_averano-WA7374318.mp3","already there (not downloaded)",0.21
"WikiAves","sound","7354572","Procnias averano","2025-11-15",NA,"Tulio Dornas","Brazil","Guaraí/TO",NA,NA,"https://s3.amazonaws.com/media.wikiaves.com.br/recordings/4537/7354572_0b501601f633ed7b28646137c639a9dc.mp3","mp3","https://www.wikiaves.com.br/7354572","wa",NA,"Procnias_averano-WA7354572.mp3","already there (not downloaded)",0.37
"WikiAves","sound","7169266","Procnias averano","2025-08-21",NA,"Tulio Dornas","Brazil","Santa Fé do Araguaia/TO",NA,NA,"https://s3.amazonaws.com/media.wikiaves.com.br/recordings/9617/7169266_d6fa624bcd826b0e2fc32a8fd60cc654.mp3","mp3","https://www.wikiaves.com.br/7169266","wa",NA,"Procnias_averano-WA7169266.mp3","already there (not downloaded)",1
"WikiAves","sound","7168468","Procnias averano","2025-10-05",NA,"Nereston  (Nelinho) J. Camargo","Brazil","Parauapebas/PA",NA,NA,"https://s3.amazonaws.com/media.wikiaves.com.br/recordings/8617/7168468_ff677812636a4555b7657a589a0cbba1.mp3","mp3","https://www.wikiaves.com.br/7168468","wa",NA,"Procnias_averano-WA7168468.mp3","already there (not downloaded)",0.39
"WikiAves","sound","7168469","Procnias averano","2025-10-05",NA,"Nereston  (Nelinho) J. Camargo","Brazil","Parauapebas/PA",NA,NA,"https://s3.amazonaws.com/media.wikiaves.com.br/recordings/8617/7168469_9cd8edff93df8810eda318c49f4ab154.mp3","mp3","https://www.wikiaves.com.br/7168469","wa",NA,"Procnias_averano-WA7168469.mp3","already there (not downloaded)",0.44
"WikiAves","sound","7153635","Procnias averano","2025-09-27",NA,"Rosana Barros","Brazil","Lajeado Novo/MA",NA,NA,"https://s3.amazonaws.com/media.wikiaves.com.br/recordings/3517/7153635_c4614fca57c13d55656c61c1ae19611c.mp3","mp3","https://www.wikiaves.com.br/7153635","wa",NA,"Procnias_averano-WA7153635.mp3","already there (not downloaded)",0.23
"WikiAves","sound","7096854","Procnias averano","2025-09-07",NA,"Gláucio Freitas","Brazil","Paraíso do Tocantins/TO",NA,NA,"https://s3.amazonaws.com/media.wikiaves.com.br/recordings/6907/7096854_af2ffc8dc08c189a0b554c0a7ba9c370.mp3","mp3","https://www.wikiaves.com.br/7096854","wa",NA,"Procnias_averano-WA7096854.mp3","already there (not downloaded)",0.93
"WikiAves","sound","7096853","Procnias averano","2025-09-07",NA,"Gláucio Freitas","Brazil","Paraíso do Tocantins/TO",NA,NA,"https://s3.amazonaws.com/media.wikiaves.com.br/recordings/6907/7096853_56e077ca23d8c78c3b5bf593ea18f053.mp3","mp3","https://www.wikiaves.com.br/7096853","wa",NA,"Procnias_averano-WA7096853.mp3","already there (not downloaded)",0.7
"WikiAves","sound","7067915","Procnias averano","2025-08-24",NA,"Gláucio Freitas","Brazil","Paraíso do Tocantins/TO",NA,NA,"https://s3.amazonaws.com/media.wikiaves.com.br/recordings/7607/7067915_3bfb61d7761f4ab27d0ea9e534822ae1.mp3","mp3","https://www.wikiaves.com.br/7067915","wa",NA,"Procnias_averano-WA7067915.mp3","already there (not downloaded)",0.35
"WikiAves","sound","6723003","Procnias averano","2016-09-21",NA,"Ana Catalano","Brazil","Canaã dos Carajás/PA",NA,NA,"https://s3.amazonaws.com/media.wikiaves.com.br/recordings/3276/6723003_7d3a3108d75f1373ed9fed0249a6c084.mp3","mp3","https://www.wikiaves.com.br/6723003","wa",NA,"Procnias_averano-WA6723003.mp3","already there (not downloaded)",1.34
"WikiAves","sound","6484585","Procnias averano","2006-10-21",NA,"Thyago Almeida","Brazil","Loreto/MA",NA,NA,"https://s3.amazonaws.com/media.wikiaves.com.br/recordings/4846/6484585_39c238dcba53b6b98c1adee31310f490.mp3","mp3","https://www.wikiaves.com.br/6484585","wa",NA,"Procnias_averano-WA6484585.mp3","already there (not downloaded)",2.36
"WikiAves","sound","6484483","Procnias averano","2011-10-21",NA,"Thyago Almeida","Brazil","Loreto/MA",NA,NA,"https://s3.amazonaws.com/media.wikiaves.com.br/recordings/4846/6484483_bdb713b98fa2b900529fb685008a29fb.mp3","mp3","https://www.wikiaves.com.br/6484483","wa",NA,"Procnias_averano-WA6484483.mp3","already there (not downloaded)",0.29
"WikiAves","sound","6442235","Procnias averano","2005-10-21",NA,"Leonardo R. Deconto","Brazil","Balsas/MA",NA,NA,"https://s3.amazonaws.com/media.wikiaves.com.br/recordings/2446/6442235_24559736b1f5dfece881c7aed31dc425.mp3","mp3","https://www.wikiaves.com.br/6442235","wa",NA,"Procnias_averano-WA6442235.mp3","already there (not downloaded)",0.3
"WikiAves","sound","6432908","Procnias averano","2009-01-20",NA,"Pedro Henrique Souza","Brazil","Pacatuba/CE",NA,NA,"https://s3.amazonaws.com/media.wikiaves.com.br/recordings/2346/6432908_5bc759992b85b97ab816c907552b4a1e.mp3","mp3","https://www.wikiaves.com.br/6432908","wa",NA,"Procnias_averano-WA6432908.mp3","already there (not downloaded)",1.41
"WikiAves","sound","6419857","Procnias averano","2011-10-21",NA,"_rafaelbritoc","Brazil","Babaçulândia/TO",NA,NA,"https://s3.amazonaws.com/media.wikiaves.com.br/recordings/9146/6419857_e4fb6bb511b8da5608906e95b01e2ea9.mp3","mp3","https://www.wikiaves.com.br/6419857","wa",NA,"Procnias_averano-WA6419857.mp3","already there (not downloaded)",0.44
"WikiAves","sound","6375693","Procnias averano","2017-09-21",NA,"Tulio Dornas","Brazil","Araguaína/TO",NA,NA,"https://s3.amazonaws.com/media.wikiaves.com.br/recordings/5736/6375693_cf4817ea0d83338d2ecd7174a42ad037.mp3","mp3","https://www.wikiaves.com.br/6375693","wa",NA,"Procnias_averano-WA6375693.mp3","already there (not downloaded)",0.39
"WikiAves","sound","6334448","Procnias averano","2007-09-21",NA,"Iza Alencar","Brazil","Palmas/TO",NA,NA,"https://s3.amazonaws.com/media.wikiaves.com.br/recordings/4336/6334448_4c810559d08ef3c8871845f9fc356c16.mp3","mp3","https://www.wikiaves.com.br/6334448","wa",NA,"Procnias_averano-WA6334448.mp3","already there (not downloaded)",0.18
"WikiAves","sound","6290285","Procnias averano","2025-03-21",NA,"Paulo Valadao","Brazil","FORA DO BRASIL/EX",NA,NA,"https://s3.amazonaws.com/media.wikiaves.com.br/recordings/0926/6290285_dc35e3315218bffd95fd7ddd38a9baf5.mp3","mp3","https://www.wikiaves.com.br/6290285","wa",NA,"Procnias_averano-WA6290285.mp3","already there (not downloaded)",0.06
"WikiAves","sound","5817779","Procnias averano","2023-12-20",NA,"Jonas Filho","Brazil","Maranguape/CE",NA,NA,"https://s3.amazonaws.com/media.wikiaves.com.br/recordings/7185/5817779_60ff1444e19e1fc2858299ba6deb8647.mp3","mp3","https://www.wikiaves.com.br/5817779","wa",NA,"Procnias_averano-WA5817779.mp3","already there (not downloaded)",1.05
"WikiAves","sound","5810979","Procnias averano","2022-12-20",NA,"Lucas Dib","Brazil","Maranguape/CE",NA,NA,"https://s3.amazonaws.com/media.wikiaves.com.br/recordings/0185/5810979_868dd9771bdf4e037bfc462a5a16a05f.mp3","mp3","https://www.wikiaves.com.br/5810979","wa",NA,"Procnias_averano-WA5810979.mp3","already there (not downloaded)",0.85
"WikiAves","sound","5810625","Procnias averano","2014-12-20",NA,"Daiane Daneluz","Brazil","São Félix do Tocantins/TO",NA,NA,"https://s3.amazonaws.com/media.wikiaves.com.br/recordings/0185/5810625_141d769209ded39d1641b86e5d7f8a11.mp3","mp3","https://www.wikiaves.com.br/5810625","wa",NA,"Procnias_averano-WA5810625.mp3","already there (not downloaded)",0.77
"WikiAves","sound","5695213","Procnias averano","2013-09-20",NA,"Erica Demondes","Brazil","Pacatuba/CE",NA,NA,"https://s3.amazonaws.com/media.wikiaves.com.br/recordings/5965/5695213_dd9a6d6ae6b60eb680187fd2f269ff22.mp3","mp3","https://www.wikiaves.com.br/5695213","wa",NA,"Procnias_averano-WA5695213.mp3","already there (not downloaded)",0.4
"WikiAves","sound","5658069","Procnias averano","2008-10-20",NA,"Luis Esmerino","Brazil","Caxias/MA",NA,NA,"https://s3.amazonaws.com/media.wikiaves.com.br/recordings/8565/5658069_02d4e4b71c74e603e2fb13f1d55612b5.mp3","mp3","https://www.wikiaves.com.br/5658069","wa",NA,"Procnias_averano-WA5658069.mp3","already there (not downloaded)",0.71
"WikiAves","sound","5627613","Procnias averano","2022-09-20",NA,"Ricardo O. De Oliveira","Brazil","Caxias/MA",NA,NA,"https://s3.amazonaws.com/media.wikiaves.com.br/recordings/7265/5627613_43ca71809a92a1e57090853cab8ca81a.mp3","mp3","https://www.wikiaves.com.br/5627613","wa",NA,"Procnias_averano-WA5627613.mp3","already there (not downloaded)",0.42
"WikiAves","sound","5615114","Procnias averano","2019-09-20",NA,"Allan Clé","Brazil","Darcinópolis/TO",NA,NA,"https://s3.amazonaws.com/media.wikiaves.com.br/recordings/5165/5615114_2898d271b7bf1634a789cda9f449fd6b.mp3","mp3","https://www.wikiaves.com.br/5615114","wa",NA,"Procnias_averano-WA5615114.mp3","already there (not downloaded)",0.68
"WikiAves","sound","5586140","Procnias averano","2019-07-20",NA,"Nailson Júnior","Brazil","Açailândia/MA",NA,NA,"https://s3.amazonaws.com/media.wikiaves.com.br/recordings/6855/5586140_2fdfc680b0fb3f596360f66bca234e45.mp3","mp3","https://www.wikiaves.com.br/5586140","wa",NA,"Procnias_averano-WA5586140.mp3","already there (not downloaded)",1.25
"WikiAves","sound","5503460","Procnias averano","2023-07-20",NA,"Ronaldo Francisco","Brazil","Carolina/MA",NA,NA,"https://s3.amazonaws.com/media.wikiaves.com.br/recordings/3055/5503460_09bad2c2fb73296a1b11aff253d680d5.mp3","mp3","https://www.wikiaves.com.br/5503460","wa",NA,"Procnias_averano-WA5503460.mp3","already there (not downloaded)",0.55
"WikiAves","sound","5486850","Procnias averano","2003-10-20",NA,"Joaquim Barros","Brazil","Caxias/MA",NA,NA,"https://s3.amazonaws.com/media.wikiaves.com.br/recordings/6845/5486850_95eef7685828df460868becfb0d81497.mp3","mp3","https://www.wikiaves.com.br/5486850","wa",NA,"Procnias_averano-WA5486850.mp3","already there (not downloaded)",1.48
"WikiAves","sound","5429386","Procnias averano","2015-06-20",NA,"Felipe Dourado","Brazil","Monsenhor Gil/PI",NA,NA,"https://s3.amazonaws.com/media.wikiaves.com.br/recordings/9245/5429386_cbabfc79860c7c1ca8aaa418d5f20acd.mp3","mp3","https://www.wikiaves.com.br/5429386","wa",NA,"Procnias_averano-WA5429386.mp3","already there (not downloaded)",0.7
"WikiAves","sound","5351152","Procnias averano","2009-10-20",NA,"Tulio Dornas","Brazil","Pedro Afonso/TO",NA,NA,"https://s3.amazonaws.com/media.wikiaves.com.br/recordings/1535/5351152_b02af114e7034e4e24b1d38adcc48347.mp3","mp3","https://www.wikiaves.com.br/5351152","wa",NA,"Procnias_averano-WA5351152.mp3","already there (not downloaded)",0.68
"WikiAves","sound","5184204","Procnias averano","2001-12-20",NA,"Jayrson Araújo","Brazil","Porto Franco/MA",NA,NA,"https://s3.amazonaws.com/media.wikiaves.com.br/recordings/4815/5184204_a26479cb30905a33c8799c8d6e4f5a80.mp3","mp3","https://www.wikiaves.com.br/5184204","wa",NA,"Procnias_averano-WA5184204.mp3","already there (not downloaded)",1.55
"WikiAves","sound","5150407","Procnias averano","2017-11-20",NA,"Nereston  (Nelinho) J. Camargo","Brazil","Maranguape/CE",NA,NA,"https://s3.amazonaws.com/media.wikiaves.com.br/recordings/0515/5150407_dbd3aab92c674ba63fa11f51c31b64e4.mp3","mp3","https://www.wikiaves.com.br/5150407","wa",NA,"Procnias_averano-WA5150407.mp3","already there (not downloaded)",0.76
"WikiAves","sound","5004169","Procnias averano",NA,NA,"Ronaldo Francisco","Brazil","Santa Filomena/PI",NA,NA,"https://s3.amazonaws.com/media.wikiaves.com.br/recordings/4005/5004169_6889da423c41435c572c0f19319c6bb8.mp3","mp3","https://www.wikiaves.com.br/5004169","wa",NA,"Procnias_averano-WA5004169.mp3","already there (not downloaded)",0.89
"WikiAves","sound","5004170","Procnias averano",NA,NA,"Ronaldo Francisco","Brazil","Santa Filomena/PI",NA,NA,"https://s3.amazonaws.com/media.wikiaves.com.br/recordings/4005/5004170_89f94e7a42f8d6f15dc578eca8efecc8.mp3","mp3","https://www.wikiaves.com.br/5004170","wa",NA,"Procnias_averano-WA5004170.mp3","already there (not downloaded)",1.25
"WikiAves","sound","4990833","Procnias averano","2020-08-20",NA,"Manoel Augusto","Brazil","Maranguape/CE",NA,NA,"https://s3.amazonaws.com/media.wikiaves.com.br/recordings/0994/4990833_e59c9b70c34e80460c9d7891de7e058f.mp3","mp3","https://www.wikiaves.com.br/4990833","wa",NA,"Procnias_averano-WA4990833.mp3","already there (not downloaded)",0.11
"WikiAves","sound","4806650","Procnias averano",NA,NA,"Arthur Gomes","Brazil","Uiramutã/RR",NA,NA,"https://s3.amazonaws.com/media.wikiaves.com.br/recordings/6084/4806650_c55abf59624420dafbcf49c617e99165.mp3","mp3","https://www.wikiaves.com.br/4806650","wa",NA,"Procnias_averano-WA4806650.mp3","already there (not downloaded)",1.67
"WikiAves","sound","4699526","Procnias averano",NA,NA,"Francisco Paludo","Brazil","Maranguape/CE",NA,NA,"https://s3.amazonaws.com/media.wikiaves.com.br/recordings/9964/4699526_ff97ea9e049759ab88e58628f631b6c3.mp3","mp3","https://www.wikiaves.com.br/4699526","wa",NA,"Procnias_averano-WA4699526.mp3","already there (not downloaded)",1.2
"WikiAves","sound","4590960","Procnias averano","2020-10-20",NA,"Tancredo Maia Filho","Brazil","Caxias/MA",NA,NA,"https://s3.amazonaws.com/media.wikiaves.com.br/recordings/0954/4590960_5c97f8935aa4ee9d67a4464a17ea2167.mp3","mp3","https://www.wikiaves.com.br/4590960","wa",NA,"Procnias_averano-WA4590960.mp3","already there (not downloaded)",0.15
"WikiAves","sound","4543410","Procnias averano","2021-01-20",NA,"Mateus Vieira","Brazil","Chapadinha/MA",NA,NA,"https://s3.amazonaws.com/media.wikiaves.com.br/recordings/3454/4543410_1d9565fcc71c9f2ae23f91440ca819d0.mp3","mp3","https://www.wikiaves.com.br/4543410","wa",NA,"Procnias_averano-WA4543410.mp3","already there (not downloaded)",1.48
"WikiAves","sound","4543059","Procnias averano",NA,NA,"Emerson Kaseker","Brazil","Maranguape/CE",NA,NA,"https://s3.amazonaws.com/media.wikiaves.com.br/recordings/3454/4543059_a740e01882276a44a7afe57be820c4c3.mp3","mp3","https://www.wikiaves.com.br/4543059","wa",NA,"Procnias_averano-WA4543059.mp3","already there (not downloaded)",0.34
"WikiAves","sound","4543060","Procnias averano",NA,NA,"Emerson Kaseker","Brazil","Maranguape/CE",NA,NA,"https://s3.amazonaws.com/media.wikiaves.com.br/recordings/3454/4543060_60dc4339eef24995e5ca37d942efcfd1.mp3","mp3","https://www.wikiaves.com.br/4543060","wa",NA,"Procnias_averano-WA4543060.mp3","already there (not downloaded)",1.75
"WikiAves","sound","4542246","Procnias averano","2014-10-20",NA,"Ronaldo Francisco","Brazil","Santa Filomena/PI",NA,NA,"https://s3.amazonaws.com/media.wikiaves.com.br/recordings/2454/4542246_6642853a47d012523a5918adfe65a1b0.mp3","mp3","https://www.wikiaves.com.br/4542246","wa",NA,"Procnias_averano-WA4542246.mp3","already there (not downloaded)",1.17
"WikiAves","sound","4462193","Procnias averano",NA,NA,"Emerson Kaseker","Brazil","Caxias/MA",NA,NA,"https://s3.amazonaws.com/media.wikiaves.com.br/recordings/2644/4462193_95251a5fbc7177af775018d139330fa9.mp3","mp3","https://www.wikiaves.com.br/4462193","wa",NA,"Procnias_averano-WA4462193.mp3","already there (not downloaded)",0.89
"WikiAves","sound","4410410","Procnias averano","2025-07-20",NA,"Luis Morais_","Brazil","Açailândia/MA",NA,NA,"https://s3.amazonaws.com/media.wikiaves.com.br/recordings/0144/4410410_2059161b541d2fcd561c7acafa571f44.mp3","mp3","https://www.wikiaves.com.br/4410410","wa",NA,"Procnias_averano-WA4410410.mp3","already there (not downloaded)",0.7
"WikiAves","sound","4147502","Procnias averano","2003-01-20",NA,"Alberto Rios","Brazil","Maranguape/CE",NA,NA,"https://s3.amazonaws.com/media.wikiaves.com.br/recordings/7414/4147502_0463669fddae7cdcc3a1d5d1c2555505.mp3","mp3","https://www.wikiaves.com.br/4147502","wa",NA,"Procnias_averano-WA4147502.mp3","already there (not downloaded)",0.36
"WikiAves","sound","3904983","Procnias averano","2001-08-20",NA,"Lucas_carvalho","Brazil","São José da Coroa Grande/PE",NA,NA,"https://s3.amazonaws.com/media.wikiaves.com.br/recordings/4093/3904983_2d86dda25d96e8c49ee9fca1a1b874ad.mp3","mp3","https://www.wikiaves.com.br/3904983","wa",NA,"Procnias_averano-WA3904983.mp3","already there (not downloaded)",0.31
"WikiAves","sound","3849406","Procnias averano","2024-10-20",NA,"Thyago Almeida","Brazil","Barreiras do Piauí/PI",NA,NA,"https://s3.amazonaws.com/media.wikiaves.com.br/recordings/9483/3849406_f69198120747d01c87f4c54bbfbd73e1.mp3","mp3","https://www.wikiaves.com.br/3849406","wa",NA,"Procnias_averano-WA3849406.mp3","already there (not downloaded)",0.84
"WikiAves","sound","3739559","Procnias averano",NA,NA,"Bruno Martins","Brazil","Maranguape/CE",NA,NA,"https://s3.amazonaws.com/media.wikiaves.com.br/recordings/9373/3739559_a60536567c38e1f3442421a64d494746.mp3","mp3","https://www.wikiaves.com.br/3739559","wa",NA,"Procnias_averano-WA3739559.mp3","already there (not downloaded)",1
"WikiAves","sound","3739562","Procnias averano",NA,NA,"Bruno Martins","Brazil","Maranguape/CE",NA,NA,"https://s3.amazonaws.com/media.wikiaves.com.br/recordings/9373/3739562_529f30f12c4148e8033f7737d9655e0d.mp3","mp3","https://www.wikiaves.com.br/3739562","wa",NA,"Procnias_averano-WA3739562.mp3","already there (not downloaded)",1.27
"WikiAves","sound","3709330","Procnias averano","2013-10-20",NA,"Guilherme Willrich","Brazil","Parauapebas/PA",NA,NA,"https://s3.amazonaws.com/media.wikiaves.com.br/recordings/9073/3709330_82576d247c39b162462ea73d7f17d582.mp3","mp3","https://www.wikiaves.com.br/3709330","wa",NA,"Procnias_averano-WA3709330.mp3","already there (not downloaded)",2.05
"WikiAves","sound","3709332","Procnias averano","2013-10-20",NA,"Guilherme Willrich","Brazil","Parauapebas/PA",NA,NA,"https://s3.amazonaws.com/media.wikiaves.com.br/recordings/9073/3709332_949684f76cc270f9661482d978c48f13.mp3","mp3","https://www.wikiaves.com.br/3709332","wa",NA,"Procnias_averano-WA3709332.mp3","already there (not downloaded)",1.5
"WikiAves","sound","3597061","Procnias averano","2022-11-20",NA,"Carlos Gussoni","Brazil","Jaqueira/PE",NA,NA,"https://s3.amazonaws.com/media.wikiaves.com.br/recordings/7953/3597061_042e64f8a76362ec41cf3c8c090193d0.mp3","mp3","https://www.wikiaves.com.br/3597061","wa",NA,"Procnias_averano-WA3597061.mp3","already there (not downloaded)",0.18
"WikiAves","sound","3563086","Procnias averano","2019-10-20",NA,"Elbysilva","Brazil","Maranguape/CE",NA,NA,"https://s3.amazonaws.com/media.wikiaves.com.br/recordings/3653/3563086_bea4375cceef451886b1be3f6b0ef470.mp3","mp3","https://www.wikiaves.com.br/3563086","wa",NA,"Procnias_averano-WA3563086.mp3","already there (not downloaded)",1.41
"WikiAves","sound","3431350","Procnias averano","2014-10-20",NA,"Jayrson Araújo","Brazil","Porto Franco/MA",NA,NA,"https://s3.amazonaws.com/media.wikiaves.com.br/recordings/1343/3431350_bc4d2ad788923b04ceac344e06d1934e.mp3","mp3","https://www.wikiaves.com.br/3431350","wa",NA,"Procnias_averano-WA3431350.mp3","already there (not downloaded)",0.24
"WikiAves","sound","3431263","Procnias averano","2018-07-20",NA,"Jayrson Araújo","Brazil","Araguaína/TO",NA,NA,"https://s3.amazonaws.com/media.wikiaves.com.br/recordings/1343/3431263_261d7d460bf8c1189fa06ea397ef3aee.mp3","mp3","https://www.wikiaves.com.br/3431263","wa",NA,"Procnias_averano-WA3431263.mp3","already there (not downloaded)",0.87
"WikiAves","sound","3314563","Procnias averano","2015-02-20",NA,"Breno Sousa","Brazil","São Francisco do Maranhão/MA",NA,NA,"https://s3.amazonaws.com/media.wikiaves.com.br/recordings/4133/3314563_7d4dc6a35fbf6b15f8d1ba94f7424423.mp3","mp3","https://www.wikiaves.com.br/3314563","wa",NA,"Procnias_averano-WA3314563.mp3","already there (not downloaded)",0.58
"WikiAves","sound","3148167","Procnias averano","2006-10-20",NA,"Igor s Costa","Brazil","Maranguape/CE",NA,NA,"https://s3.amazonaws.com/media.wikiaves.com.br/recordings/8413/3148167_140316b43fc387e5859a1eeb9ec80f8d.mp3","mp3","https://www.wikiaves.com.br/3148167","wa",NA,"Procnias_averano-WA3148167.mp3","already there (not downloaded)",0.58
"WikiAves","sound","3072005","Procnias averano","2012-08-20",NA,"Ronaldo Francisco","Brazil","Riachão/MA",NA,NA,"https://s3.amazonaws.com/media.wikiaves.com.br/recordings/2703/3072005_02a4f5393d685720a9d133f2d324ba82.mp3","mp3","https://www.wikiaves.com.br/3072005","wa",NA,"Procnias_averano-WA3072005.mp3","already there (not downloaded)",0.49
"WikiAves","sound","3000478","Procnias averano","2002-10-20",NA,"Filhomanfredini","Brazil","Parauapebas/PA",NA,NA,"https://s3.amazonaws.com/media.wikiaves.com.br/recordings/0003/3000478_dba3677cebbb9c65409d754c52220298.mp3","mp3","https://www.wikiaves.com.br/3000478","wa",NA,"Procnias_averano-WA3000478.mp3","already there (not downloaded)",0.79
"WikiAves","sound","2809008","Procnias averano","2019-09-20",NA,"Sidnei Sampaio","Brazil","Maranguape/CE",NA,NA,"https://s3.amazonaws.com/media.wikiaves.com.br/recordings/9082/2809008_23dd152b96bb9cf7002d628b54c2b211.mp3","mp3","https://www.wikiaves.com.br/2809008","wa",NA,"Procnias_averano-WA2809008.mp3","already there (not downloaded)",0.87
"WikiAves","sound","2794608","Procnias averano","2018-11-20",NA,"Fernando Pacheco","Brazil","Araguacema/TO",NA,NA,"https://s3.amazonaws.com/media.wikiaves.com.br/recordings/4972/2794608_c26788fd4f4b70a164e61002441e223b.mp3","mp3","https://www.wikiaves.com.br/2794608","wa",NA,"Procnias_averano-WA2794608.mp3","already there (not downloaded)",1.19
"WikiAves","sound","2786264","Procnias averano","2021-10-20",NA,"Leonardo Victor","Brazil","São Benedito do Rio Preto/MA",NA,NA,"https://s3.amazonaws.com/media.wikiaves.com.br/recordings/6872/2786264_179e274fe9d145455d8d0f3d0e6245d4.mp3","mp3","https://www.wikiaves.com.br/2786264","wa",NA,"Procnias_averano-WA2786264.mp3","already there (not downloaded)",0.08
"WikiAves","sound","2782745","Procnias averano","2016-11-20",NA,"Andrei Arrais","Brazil","Crato/CE",NA,NA,"https://s3.amazonaws.com/media.wikiaves.com.br/recordings/2872/2782745_62144d7b42502d6d4e7193925c1c37c0.mp3","mp3","https://www.wikiaves.com.br/2782745","wa",NA,"Procnias_averano-WA2782745.mp3","already there (not downloaded)",0.17
"WikiAves","sound","2758228","Procnias averano","2021-10-20",NA,"André Mendonça","Brazil","Parauapebas/PA",NA,NA,"https://s3.amazonaws.com/media.wikiaves.com.br/recordings/8572/2758228_e947273471fa8b4c9ca0657e8dd37e3f.mp3","mp3","https://www.wikiaves.com.br/2758228","wa",NA,"Procnias_averano-WA2758228.mp3","already there (not downloaded)",0.23
"WikiAves","sound","2750439","Procnias averano","2008-09-20",NA,"Henrique Langenegger","Brazil","Caxias/MA",NA,NA,"https://s3.amazonaws.com/media.wikiaves.com.br/recordings/0572/2750439_3607bcd58916a14113c0f55d2deb80d5.mp3","mp3","https://www.wikiaves.com.br/2750439","wa",NA,"Procnias_averano-WA2750439.mp3","already there (not downloaded)",0.43
"WikiAves","sound","2726383","Procnias averano","2007-10-20",NA,"Felipe Dourado","Brazil","Ribeiro Gonçalves/PI",NA,NA,"https://s3.amazonaws.com/media.wikiaves.com.br/recordings/6272/2726383_20ec825a2a0faacac77e7fee6e255466.mp3","mp3","https://www.wikiaves.com.br/2726383","wa",NA,"Procnias_averano-WA2726383.mp3","already there (not downloaded)",1.19
"WikiAves","sound","2472501","Procnias averano","2014-02-20",NA,"Alexander Galvão ","Brazil","Timon/MA",NA,NA,"https://s3.amazonaws.com/media.wikiaves.com.br/recordings/2742/2472501_874fc6543bd231eb22f52d01d5d79262.mp3","mp3","https://www.wikiaves.com.br/2472501","wa",NA,"Procnias_averano-WA2472501.mp3","already there (not downloaded)",0.23
"WikiAves","sound","2428955","Procnias averano","2008-01-20",NA,"Bruno Martins","Brazil","Maranguape/CE",NA,NA,"https://s3.amazonaws.com/media.wikiaves.com.br/recordings/8242/2428955_9baf7d480fd3aef606c95489cf109eb3.mp3","mp3","https://www.wikiaves.com.br/2428955","wa",NA,"Procnias_averano-WA2428955.mp3","already there (not downloaded)",0.06
"WikiAves","sound","2428956","Procnias averano","2008-01-20",NA,"Bruno Martins","Brazil","Maranguape/CE",NA,NA,"https://s3.amazonaws.com/media.wikiaves.com.br/recordings/8242/2428956_667b77ef5b7ef84b812d007c0043ee9e.mp3","mp3","https://www.wikiaves.com.br/2428956","wa",NA,"Procnias_averano-WA2428956.mp3","already there (not downloaded)",0.09
"WikiAves","sound","2428958","Procnias averano","2008-01-20",NA,"Bruno Martins","Brazil","Maranguape/CE",NA,NA,"https://s3.amazonaws.com/media.wikiaves.com.br/recordings/8242/2428958_323f903aed0695ce312b1d32d4f3b06b.mp3","mp3","https://www.wikiaves.com.br/2428958","wa",NA,"Procnias_averano-WA2428958.mp3","already there (not downloaded)",0.37
"WikiAves","sound","2428944","Procnias averano","2008-01-20",NA,"Bruno Martins","Brazil","Maranguape/CE",NA,NA,"https://s3.amazonaws.com/media.wikiaves.com.br/recordings/8242/2428944_11d3f33178264382e85162b604354fde.mp3","mp3","https://www.wikiaves.com.br/2428944","wa",NA,"Procnias_averano-WA2428944.mp3","already there (not downloaded)",0.27
"WikiAves","sound","2353689","Procnias averano","2004-11-20",NA,"will Mesquita","Brazil","São José de Ribamar/MA",NA,NA,"https://s3.amazonaws.com/media.wikiaves.com.br/recordings/3532/2353689_9a6af134f1474a061a550451847b4a99.mp3","mp3","https://www.wikiaves.com.br/2353689","wa",NA,"Procnias_averano-WA2353689.mp3","already there (not downloaded)",0.21
"WikiAves","sound","2342981","Procnias averano","2018-10-20",NA,"Kennedy  Borges-Road","Brazil","Parauapebas/PA",NA,NA,"https://s3.amazonaws.com/media.wikiaves.com.br/recordings/2432/2342981_5d32bdbdda1b845f82ed014f6e56a988.mp3","mp3","https://www.wikiaves.com.br/2342981","wa",NA,"Procnias_averano-WA2342981.mp3","already there (not downloaded)",0.09
"WikiAves","sound","2069395","Procnias averano","2016-03-20",NA,"Andrei Arrais","Brazil","Crato/CE",NA,NA,"https://s3.amazonaws.com/media.wikiaves.com.br/recordings/9602/2069395_f2e2c4d51ee433f2bb4fa96ea7e39275.mp3","mp3","https://www.wikiaves.com.br/2069395","wa",NA,"Procnias_averano-WA2069395.mp3","already there (not downloaded)",0.2
"WikiAves","sound","2055806","Procnias averano","2022-02-20",NA,"Kleber Silveira","Brazil","Caxias/MA",NA,NA,"https://s3.amazonaws.com/media.wikiaves.com.br/recordings/5502/2055806_848968fcc55a899f2a81e1d7610525c5.mp3","mp3","https://www.wikiaves.com.br/2055806","wa",NA,"Procnias_averano-WA2055806.mp3","already there (not downloaded)",0.49
"WikiAves","sound","1917201","Procnias averano","2018-11-20",NA,"Antonio Tavora","Brazil","Maranguape/CE",NA,NA,"https://s3.amazonaws.com/media.wikiaves.com.br/recordings/7191/1917201_4efbface4255a06d183e9ce4ed2a84f8.mp3","mp3","https://www.wikiaves.com.br/1917201","wa",NA,"Procnias_averano-WA1917201.mp3","already there (not downloaded)",0.06
"WikiAves","sound","1905136","Procnias averano","2008-11-20",NA,"Lindemberg Caranha","Brazil","Maranguape/CE",NA,NA,"https://s3.amazonaws.com/media.wikiaves.com.br/recordings/5091/1905136_0cbceca062f72dacb53d1d1a33499033.mp3","mp3","https://www.wikiaves.com.br/1905136","wa",NA,"Procnias_averano-WA1905136.mp3","already there (not downloaded)",1.18
"WikiAves","sound","1894561","Procnias averano",NA,NA,"Anderson Felipe Teixeira Silva","Brazil","Caxias/MA",NA,NA,"https://s3.amazonaws.com/media.wikiaves.com.br/recordings/4981/1894561_7f8582c068ddecb434e2e0615dadc7b9.mp3","mp3","https://www.wikiaves.com.br/1894561","wa",NA,"Procnias_averano-WA1894561.mp3","already there (not downloaded)",0.43
"WikiAves","sound","1235386","Procnias averano","2006-04-20",NA,"Marcelo Holderbaum","Brazil","Guaramiranga/CE",NA,NA,"https://s3.amazonaws.com/media.wikiaves.com.br/recordings/5321/1235386_5cb720bfb5239f7c189e5b40e1085a45.mp3","mp3","https://www.wikiaves.com.br/1235386","wa",NA,"Procnias_averano-WA1235386.mp3","already there (not downloaded)",0.22
"iNaturalist","sound","279704130","Procnias averano",NA,NA,"Allan Clé Porto",NA,"-6.7061301,-47.7531331",-6.7061301,-47.7531331,"https://static.inaturalist.org/sounds/1450609.mp3?1746800155","mp3","https://www.inaturalist.org/observations/279704130","inat",NA,"Procnias_averano-INAT279704130.mp3","already there (not downloaded)",0.69
"iNaturalist","sound","277226176","Procnias averano","2025-04-27","08:32","Bryan Ramdeen",NA,"10.7279613692,-61.033647904",10.7279613692,-61.033647904,"https://static.inaturalist.org/sounds/1430202.m4a?1746065100","m4a","https://www.inaturalist.org/observations/277226176","inat",NA,"Procnias_averano-INAT277226176.m4a","already there (not downloaded)",0.14
"iNaturalist","sound","252025885","Procnias averano",NA,NA,"Sanjay Veiga",NA,"-3.9833334476,-38.6333333328",-3.9833334476,-38.6333333328,"https://static.inaturalist.org/sounds/1252623.wav?1731857351","wav","https://www.inaturalist.org/observations/252025885","inat",NA,"Procnias_averano-INAT252025885.wav","already there (not downloaded)",2.88
"iNaturalist","sound","199592781","Procnias averano","2023-11-19","11:00","Paulo Maier",NA,"-7.3680200215,-39.5070595193",-7.3680200215,-39.5070595193,"https://static.inaturalist.org/sounds/899775.m4a?1708199079","m4a","https://www.inaturalist.org/observations/199592781","inat",NA,"Procnias_averano-INAT199592781.m4a","already there (not downloaded)",0.31
"iNaturalist","sound","193745387","Procnias averano","2023-12-11","10:09","No Rights Reserved",NA,"10.716046094,-61.2981216963",10.716046094,-61.2981216963,"https://static.inaturalist.org/sounds/859094.wav?1702337666","wav","https://www.inaturalist.org/observations/193745387","inat",NA,"Procnias_averano-INAT193745387.wav","already there (not downloaded)",2.14
"iNaturalist","sound","185648203","Procnias averano","2023-09-30","12:00","Gaspar Alencar",NA,"-4.8872695209,-42.5437704474",-4.8872695209,-42.5437704474,"https://static.inaturalist.org/sounds/822527.m4a?1696113182","m4a","https://www.inaturalist.org/observations/185648203","inat",NA,"Procnias_averano-INAT185648203.m4a","already there (not downloaded)",0.73
"iNaturalist","sound","152233822","Procnias averano","2023-03-21","15:26","Bellbird20",NA,"10.7284540045,-61.0349750748",10.7284540045,-61.0349750748,"https://static.inaturalist.org/sounds/623384.m4a?1679747220","m4a","https://www.inaturalist.org/observations/152233822","inat",NA,"Procnias_averano-INAT152233822.m4a","already there (not downloaded)",0.11
"iNaturalist","sound","65364811","Procnias averano",NA,NA,"Nicole Attin",NA,"10.6858780766,-61.3035248592",10.6858780766,-61.3035248592,"https://static.inaturalist.org/sounds/150120.m4a?1606000113","m4a","https://www.inaturalist.org/observations/65364811","inat",NA,"Procnias_averano-INAT65364811.m4a","already there (not downloaded)",0.08
"iNaturalist","sound","18722008","Procnias averano","2017-11-20","08:35","John Trent",NA,"10.7174,-61.2981",10.7174,-61.2981,"https://static.inaturalist.org/sounds/27810.m4a?1648747175","m4a","https://www.inaturalist.org/observations/18722008","inat",NA,"Procnias_averano-INAT18722008.m4a","already there (not downloaded)",0.77
"Macaulay Library","sound","609059581","Procnias averano","2007-02-17",NA,"Brian Schmidt","Guyana","Cuyuni-Mazaruni; Mt. Holitipu",5.984,-61.045,"https://cdn.download.ams.birds.cornell.edu/api/v1/asset/609059581/","mp3","https://macaulaylibrary.org/asset/609059581","mac",NA,"Procnias_averano-ML609059581.mp3","already there (not downloaded)",0.97
"Macaulay Library","sound","220972601","Procnias averano","2002-05-10",NA,"Nick Athanas","Venezuela","Sierra de Lema--Parte alta (Km 124-133,1200-1400msnm)",5.9438996,-61.4437866,"https://cdn.download.ams.birds.cornell.edu/api/v1/asset/220972601/","mp3","https://macaulaylibrary.org/asset/220972601","mac",NA,"Procnias_averano-ML220972601.mp3","already there (not downloaded)",1.45
"Macaulay Library","sound","213370751","Procnias averano","2019-10-13",NA,"Guilherme  Willrich","Brazil","FLONA de Carajás (Carajás National Forest)",-6.088228,-50.034501,"https://cdn.download.ams.birds.cornell.edu/api/v1/asset/213370751/","mp3","https://macaulaylibrary.org/asset/213370751","mac",NA,"Procnias_averano-ML213370751.mp3","already there (not downloaded)",2.73
"Macaulay Library","sound","213370741","Procnias averano","2019-10-13",NA,"Guilherme  Willrich","Brazil","FLONA de Carajás (Carajás National Forest)",-6.088228,-50.034501,"https://cdn.download.ams.birds.cornell.edu/api/v1/asset/213370741/","mp3","https://macaulaylibrary.org/asset/213370741","mac",NA,"Procnias_averano-ML213370741.mp3","already there (not downloaded)",2.09
"Macaulay Library","sound","108058931","Procnias averano","2010-11-09",NA,"Jay Gilliam","Trinidad and Tobago","Asa Wright Nature Center",10.717981,-61.2981367,"https://cdn.download.ams.birds.cornell.edu/api/v1/asset/108058931/","mp3","https://macaulaylibrary.org/asset/108058931","mac",NA,"Procnias_averano-ML108058931.mp3","already there (not downloaded)",1.44
"Macaulay Library","sound","56384","Procnias averano",NA,NA,"Paul A. Schwartz",NA,NA,NA,NA,"https://cdn.download.ams.birds.cornell.edu/api/v1/asset/56384/","mp3","https://macaulaylibrary.org/asset/56384","mac",NA,"Procnias_averano-ML56384.mp3","already there (not downloaded)",11.37
"Macaulay Library","sound","56382","Procnias averano",NA,"08:05","Paul A. Schwartz",NA,NA,NA,NA,"https://cdn.download.ams.birds.cornell.edu/api/v1/asset/56382/","mp3","https://macaulaylibrary.org/asset/56382","mac",NA,"Procnias_averano-ML56382.mp3","already there (not downloaded)",7.64
"Macaulay Library","sound","44269","Procnias averano","1989-01-03",NA,"J. Duncan Macdonald","Venezuela","Escalera",6.08,-61.36,"https://cdn.download.ams.birds.cornell.edu/api/v1/asset/44269/","mp3","https://macaulaylibrary.org/asset/44269","mac",NA,"Procnias_averano-ML44269.mp3","already there (not downloaded)",1.19
"Macaulay Library","sound","7285","Procnias averano","1961-05-20",NA,"David W. Snow","Trinidad and Tobago","Arima",10.6390981,-61.2792492,"https://cdn.download.ams.birds.cornell.edu/api/v1/asset/7285/","mp3","https://macaulaylibrary.org/asset/7285","mac",NA,"Procnias_averano-ML7285.mp3","already there (not downloaded)",2.37
"Macaulay Library","sound","7284","Procnias averano","1958-11-19",NA,"David W. Snow","Trinidad and Tobago","Arima",10.6390981,-61.2792492,"https://cdn.download.ams.birds.cornell.edu/api/v1/asset/7284/","mp3","https://macaulaylibrary.org/asset/7284","mac",NA,"Procnias_averano-ML7284.mp3","already there (not downloaded)",7.8
"Macaulay Library","sound","7283","Procnias averano","1959-05-01",NA,"David W. Snow","Trinidad and Tobago","Cumaca Valley",NA,NA,"https://cdn.download.ams.birds.cornell.edu/api/v1/asset/7283/","mp3","https://macaulaylibrary.org/asset/7283","mac",NA,"Procnias_averano-ML7283.mp3","already there (not downloaded)",5.95
"Macaulay Library","sound","7282","Procnias averano","1958-11-06",NA,"David W. Snow","Trinidad and Tobago",NA,NA,NA,"https://cdn.download.ams.birds.cornell.edu/api/v1/asset/7282/","mp3","https://macaulaylibrary.org/asset/7282","mac",NA,"Procnias_averano-ML7282.mp3","already there (not downloaded)",14.17
"Macaulay Library","sound","7281","Procnias averano","1958-11-06",NA,"David W. Snow","Trinidad and Tobago","Arima",10.6390981,-61.2792492,"https://cdn.download.ams.birds.cornell.edu/api/v1/asset/7281/","mp3","https://macaulaylibrary.org/asset/7281","mac",NA,"Procnias_averano-ML7281.mp3","already there (not downloaded)",3.05
"GBIF","sound","1019062937","Procnias averano","1999-07-05",NA,NA,"Trinidad and Tobago","Discovery Trail, Asa Wright Nature Center, Arima (10 km N of) Arima By-Pass Road, St. George, Trinidad and Tobago",10.7177,-61.2985,"http://osuc.osu.edu/blbmp3s/BLB40374.mp3","mp3","https://www.gbif.org/occurrence/1019062937","gbif",NA,NA,"failed",NA
"GBIF","sound","1019062976","Procnias averano","1999-07-05",NA,NA,"Trinidad and Tobago","Discovery Trail, Asa Wright Nature Center, Arima (10 km N of) Arima By-Pass Road, St. George, Trinidad and Tobago",10.7177,-61.2985,"http://osuc.osu.edu/blbmp3s/BLB40387.mp3","mp3","https://www.gbif.org/occurrence/1019062976","gbif",NA,NA,"failed",NA
"GBIF","sound","1019062979","Procnias averano","1999-07-04",NA,NA,"Trinidad and Tobago","""Camper"" trail (on way back from Oilbird cave), Asa Wright Nature Center, Arima (10 km N of) Arima By-Pass Road, St. George, Trinidad and Tobago",10.7177,-61.2985,"http://osuc.osu.edu/blbmp3s/BLB40370.mp3","mp3","https://www.gbif.org/occurrence/1019062979","gbif",NA,NA,"failed",NA
"GBIF","sound","1019062676","Procnias averano","1983-07-28",NA,NA,"Trinidad and Tobago","G Trail between center and oilbird caves (Dunston Cave), Asa Wright Nature Center, Arima (10 km N of) Arima By-Pass Road, St. George, Trinidad and Tobago",10.7177,-61.2985,"http://osuc.osu.edu/blbmp3s/BLB40068.mp3","mp3","https://www.gbif.org/occurrence/1019062676","gbif",NA,NA,"failed",NA
"GBIF","sound","1019062696","Procnias averano","1983-07-28",NA,NA,"Trinidad and Tobago","G Trail between center and oilbird caves (Dunston Cave), Asa Wright Nature Center, Arima (10 km N of) Arima By-Pass Road, St. George, Trinidad and Tobago",10.7177,-61.2985,"http://osuc.osu.edu/blbmp3s/BLB40133.mp3","mp3","https://www.gbif.org/occurrence/1019062696","gbif",NA,NA,"failed",NA
"GBIF","sound","1019062702","Procnias averano","1983-07-28",NA,NA,"Trinidad and Tobago","G Trail between center and oilbird caves (Dunston Cave), Asa Wright Nature Center, Arima (10 km N of) Arima By-Pass Road, St. George, Trinidad and Tobago",10.7177,-61.2985,"http://osuc.osu.edu/blbmp3s/BLB40137.mp3","mp3","https://www.gbif.org/occurrence/1019062702","gbif",NA,NA,"failed",NA
"GBIF","sound","1019065654","Procnias averano","1983-07-28",NA,NA,"Trinidad and Tobago","Asa Wright Nature Center, Trinidad, Port-Of-Spain, Trinidad and Tobago",10.7177,-61.2985,"http://osuc.osu.edu/blbmp3s/BLB42781.mp3","mp3","https://www.gbif.org/occurrence/1019065654","gbif",NA,NA,"failed",NA
"GBIF","sound","1019065664","Procnias averano","1983-07-28",NA,NA,"Trinidad and Tobago","Asa Wright Nature Center, Trinidad, Port-Of-Spain, Trinidad and Tobago",10.7177,-61.2985,"http://osuc.osu.edu/blbmp3s/BLB42784.mp3","mp3","https://www.gbif.org/occurrence/1019065664","gbif",NA,NA,"failed",NA
"GBIF","sound","1019065680","Procnias averano","1983-07-28",NA,NA,"Trinidad and Tobago","Asa Wright Nature Center, Trinidad, Port-Of-Spain, Trinidad and Tobago",10.7177,-61.2985,"http://osuc.osu.edu/blbmp3s/BLB42782.mp3","mp3","https://www.gbif.org/occurrence/1019065680","gbif",NA,NA,"failed",NA
"GBIF","sound","1019065690","Procnias averano","1983-07-28",NA,NA,"Trinidad and Tobago","Asa Wright Nature Center, Trinidad, Port-Of-Spain, Trinidad and Tobago",10.7177,-61.2985,"http://osuc.osu.edu/blbmp3s/BLB42785.mp3","mp3","https://www.gbif.org/occurrence/1019065690","gbif",NA,NA,"failed",NA
"GBIF","sound","896543923","Procnias averano","1980-04-15",NA,"Ned K. Johnson","Venezuela (Bolivarian Republic of)","km 36 along Rancho Grande Hwy., Parque Nacional Henri Pittier",10.416984,-67.573633,"https://arctos.database.museum/media/10306090?open","mp3","https://www.gbif.org/occurrence/896543923","gbif",NA,NA,"failed",NA
