"repository","format","key","species","date","time","user_name","country","locality","latitude","longitude","file_url","file_extension","observation_url"
"iNaturalist","image","383337629","Lontra annectens","2026-07-19","11:20","Juan Manuel",NA,"5.6173955757,-75.7045163305",5.6173955757,-75.7045163305,"https://static.inaturalist.org/photos/701602209/original.jpg","jpeg","https://www.inaturalist.org/observations/383337629"
"iNaturalist","image","383337629","Lontra annectens","2026-07-19","11:20","Juan Manuel",NA,"5.6173955757,-75.7045163305",5.6173955757,-75.7045163305,"https://static.inaturalist.org/photos/701602525/original.jpg","jpeg","https://www.inaturalist.org/observations/383337629"
"iNaturalist","image","383065161","Lontra annectens","2026-07-19","07:28","Aitor",NA,"9.1193337658,-79.7093739009",9.1193337658,-79.7093739009,"https://inaturalist-open-data.s3.amazonaws.com/photos/701073180/original.jpg","jpeg","https://www.inaturalist.org/observations/383065161"
"iNaturalist","image","382773087","Lontra annectens","2026-07-18","09:32","Evelio Dominguez Chavez",NA,"15.7948923042,-96.0500579728",15.7948923042,-96.0500579728,"https://inaturalist-open-data.s3.amazonaws.com/photos/700514303/original.jpg","jpeg","https://www.inaturalist.org/observations/382773087"
"iNaturalist","image","382772523","Lontra annectens","2026-07-18","08:56","Evelio Dominguez Chavez",NA,"15.7998811719,-96.0507731629",15.7998811719,-96.0507731629,"https://inaturalist-open-data.s3.amazonaws.com/photos/700512889/original.jpg","jpeg","https://www.inaturalist.org/observations/382772523"
"iNaturalist","image","382483659","Lontra annectens","2026-07-07","08:48","Jaquelinemendezramirez",NA,"15.8016680556,-96.0512147222",15.8016680556,-96.0512147222,"https://inaturalist-open-data.s3.amazonaws.com/photos/699961644/original.jpg","jpeg","https://www.inaturalist.org/observations/382483659"
"iNaturalist","image","382483659","Lontra annectens","2026-07-07","08:48","Jaquelinemendezramirez",NA,"15.8016680556,-96.0512147222",15.8016680556,-96.0512147222,"https://inaturalist-open-data.s3.amazonaws.com/photos/699961684/original.jpg","jpeg","https://www.inaturalist.org/observations/382483659"
"iNaturalist","image","382288452","Lontra annectens","2026-05-17","17:17","Kris Sparr",NA,"18.4575217399,-88.4035516929",18.4575217399,-88.4035516929,"https://inaturalist-open-data.s3.amazonaws.com/photos/699587592/original.jpg","jpeg","https://www.inaturalist.org/observations/382288452"
"iNaturalist","image","382288452","Lontra annectens","2026-05-17","17:17","Kris Sparr",NA,"18.4575217399,-88.4035516929",18.4575217399,-88.4035516929,"https://inaturalist-open-data.s3.amazonaws.com/photos/699587537/original.jpg","jpeg","https://www.inaturalist.org/observations/382288452"
"iNaturalist","image","382288452","Lontra annectens","2026-05-17","17:17","Kris Sparr",NA,"18.4575217399,-88.4035516929",18.4575217399,-88.4035516929,"https://inaturalist-open-data.s3.amazonaws.com/photos/699587591/original.jpg","jpeg","https://www.inaturalist.org/observations/382288452"
"iNaturalist","image","382288452","Lontra annectens","2026-05-17","17:17","Kris Sparr",NA,"18.4575217399,-88.4035516929",18.4575217399,-88.4035516929,"https://inaturalist-open-data.s3.amazonaws.com/photos/699587557/original.jpg","jpeg","https://www.inaturalist.org/observations/382288452"
"iNaturalist","image","382288452","Lontra annectens","2026-05-17","17:17","Kris Sparr",NA,"18.4575217399,-88.4035516929",18.4575217399,-88.4035516929,"https://inaturalist-open-data.s3.amazonaws.com/photos/699587549/original.jpg","jpeg","https://www.inaturalist.org/observations/382288452"
"iNaturalist","image","381216411","Lontra annectens","2026-07-07","08:20","Patricia Rios Garcia",NA,"15.8025274167,-96.0514831389",15.8025274167,-96.0514831389,"https://inaturalist-open-data.s3.amazonaws.com/photos/697510407/original.jpg","jpeg","https://www.inaturalist.org/observations/381216411"
"iNaturalist","image","380508793","Lontra annectens","2026-07-10","13:20","Scott Harris",NA,"9.1202349817,-79.7118123211",9.1202349817,-79.7118123211,"https://inaturalist-open-data.s3.amazonaws.com/photos/696126100/original.jpg","jpeg","https://www.inaturalist.org/observations/380508793"
"iNaturalist","image","380398947","Lontra annectens","2022-11-05","11:53","Charm",NA,"10.0262077,-84.23808315",10.0262077,-84.23808315,"https://inaturalist-open-data.s3.amazonaws.com/photos/695927953/original.jpg","jpeg","https://www.inaturalist.org/observations/380398947"
"iNaturalist","image","379648871","Lontra annectens","2026-07-07","10:00","Carlos Domínguez-Rodríguez",NA,"15.7995825966,-96.0504488976",15.7995825966,-96.0504488976,"https://inaturalist-open-data.s3.amazonaws.com/photos/694477398/original.jpg","jpeg","https://www.inaturalist.org/observations/379648871"
"iNaturalist","image","379648871","Lontra annectens","2026-07-07","10:00","Carlos Domínguez-Rodríguez",NA,"15.7995825966,-96.0504488976",15.7995825966,-96.0504488976,"https://inaturalist-open-data.s3.amazonaws.com/photos/694477394/original.jpg","jpeg","https://www.inaturalist.org/observations/379648871"
"iNaturalist","image","379648871","Lontra annectens","2026-07-07","10:00","Carlos Domínguez-Rodríguez",NA,"15.7995825966,-96.0504488976",15.7995825966,-96.0504488976,"https://inaturalist-open-data.s3.amazonaws.com/photos/694477463/original.jpg","jpeg","https://www.inaturalist.org/observations/379648871"
"iNaturalist","image","379648871","Lontra annectens","2026-07-07","10:00","Carlos Domínguez-Rodríguez",NA,"15.7995825966,-96.0504488976",15.7995825966,-96.0504488976,"https://inaturalist-open-data.s3.amazonaws.com/photos/694477492/original.jpg","jpeg","https://www.inaturalist.org/observations/379648871"
"iNaturalist","image","379648871","Lontra annectens","2026-07-07","10:00","Carlos Domínguez-Rodríguez",NA,"15.7995825966,-96.0504488976",15.7995825966,-96.0504488976,"https://inaturalist-open-data.s3.amazonaws.com/photos/694477496/original.jpg","jpeg","https://www.inaturalist.org/observations/379648871"
"iNaturalist","image","379648871","Lontra annectens","2026-07-07","10:00","Carlos Domínguez-Rodríguez",NA,"15.7995825966,-96.0504488976",15.7995825966,-96.0504488976,"https://inaturalist-open-data.s3.amazonaws.com/photos/694477526/original.jpg","jpeg","https://www.inaturalist.org/observations/379648871"
"iNaturalist","image","379648870","Lontra annectens","2026-07-07","10:00","Carlos Domínguez-Rodríguez",NA,"15.7995825966,-96.0504488976",15.7995825966,-96.0504488976,"https://inaturalist-open-data.s3.amazonaws.com/photos/694477035/original.jpg","jpeg","https://www.inaturalist.org/observations/379648870"
"iNaturalist","image","379648870","Lontra annectens","2026-07-07","10:00","Carlos Domínguez-Rodríguez",NA,"15.7995825966,-96.0504488976",15.7995825966,-96.0504488976,"https://inaturalist-open-data.s3.amazonaws.com/photos/694477168/original.jpg","jpeg","https://www.inaturalist.org/observations/379648870"
"iNaturalist","image","379648870","Lontra annectens","2026-07-07","10:00","Carlos Domínguez-Rodríguez",NA,"15.7995825966,-96.0504488976",15.7995825966,-96.0504488976,"https://inaturalist-open-data.s3.amazonaws.com/photos/694477170/original.jpg","jpeg","https://www.inaturalist.org/observations/379648870"
"iNaturalist","image","379648870","Lontra annectens","2026-07-07","10:00","Carlos Domínguez-Rodríguez",NA,"15.7995825966,-96.0504488976",15.7995825966,-96.0504488976,"https://inaturalist-open-data.s3.amazonaws.com/photos/694477175/original.jpg","jpeg","https://www.inaturalist.org/observations/379648870"
"iNaturalist","image","379648870","Lontra annectens","2026-07-07","10:00","Carlos Domínguez-Rodríguez",NA,"15.7995825966,-96.0504488976",15.7995825966,-96.0504488976,"https://inaturalist-open-data.s3.amazonaws.com/photos/694477280/original.jpg","jpeg","https://www.inaturalist.org/observations/379648870"
"iNaturalist","image","379648870","Lontra annectens","2026-07-07","10:00","Carlos Domínguez-Rodríguez",NA,"15.7995825966,-96.0504488976",15.7995825966,-96.0504488976,"https://inaturalist-open-data.s3.amazonaws.com/photos/694477281/original.jpg","jpeg","https://www.inaturalist.org/observations/379648870"
"iNaturalist","image","379648870","Lontra annectens","2026-07-07","10:00","Carlos Domínguez-Rodríguez",NA,"15.7995825966,-96.0504488976",15.7995825966,-96.0504488976,"https://inaturalist-open-data.s3.amazonaws.com/photos/694477271/original.jpg","jpeg","https://www.inaturalist.org/observations/379648870"
"iNaturalist","image","379648870","Lontra annectens","2026-07-07","10:00","Carlos Domínguez-Rodríguez",NA,"15.7995825966,-96.0504488976",15.7995825966,-96.0504488976,"https://inaturalist-open-data.s3.amazonaws.com/photos/694477382/original.jpg","jpeg","https://www.inaturalist.org/observations/379648870"
"iNaturalist","image","379646659","Lontra annectens","2026-07-07","09:52","Carlos Domínguez-Rodríguez",NA,"15.801255592,-96.0509932632",15.801255592,-96.0509932632,"https://inaturalist-open-data.s3.amazonaws.com/photos/694473514/original.jpg","jpeg","https://www.inaturalist.org/observations/379646659"
"iNaturalist","image","379646659","Lontra annectens","2026-07-07","09:52","Carlos Domínguez-Rodríguez",NA,"15.801255592,-96.0509932632",15.801255592,-96.0509932632,"https://inaturalist-open-data.s3.amazonaws.com/photos/694473519/original.jpg","jpeg","https://www.inaturalist.org/observations/379646659"
"iNaturalist","image","379646659","Lontra annectens","2026-07-07","09:52","Carlos Domínguez-Rodríguez",NA,"15.801255592,-96.0509932632",15.801255592,-96.0509932632,"https://inaturalist-open-data.s3.amazonaws.com/photos/694473541/original.jpg","jpeg","https://www.inaturalist.org/observations/379646659"
"iNaturalist","image","379646659","Lontra annectens","2026-07-07","09:52","Carlos Domínguez-Rodríguez",NA,"15.801255592,-96.0509932632",15.801255592,-96.0509932632,"https://inaturalist-open-data.s3.amazonaws.com/photos/694473566/original.jpg","jpeg","https://www.inaturalist.org/observations/379646659"
"iNaturalist","image","379646659","Lontra annectens","2026-07-07","09:52","Carlos Domínguez-Rodríguez",NA,"15.801255592,-96.0509932632",15.801255592,-96.0509932632,"https://inaturalist-open-data.s3.amazonaws.com/photos/694473572/original.jpg","jpeg","https://www.inaturalist.org/observations/379646659"
"iNaturalist","image","379646659","Lontra annectens","2026-07-07","09:52","Carlos Domínguez-Rodríguez",NA,"15.801255592,-96.0509932632",15.801255592,-96.0509932632,"https://inaturalist-open-data.s3.amazonaws.com/photos/694473586/original.jpg","jpeg","https://www.inaturalist.org/observations/379646659"
"iNaturalist","image","379646659","Lontra annectens","2026-07-07","09:52","Carlos Domínguez-Rodríguez",NA,"15.801255592,-96.0509932632",15.801255592,-96.0509932632,"https://inaturalist-open-data.s3.amazonaws.com/photos/694473633/original.jpg","jpeg","https://www.inaturalist.org/observations/379646659"
"iNaturalist","image","379646659","Lontra annectens","2026-07-07","09:52","Carlos Domínguez-Rodríguez",NA,"15.801255592,-96.0509932632",15.801255592,-96.0509932632,"https://inaturalist-open-data.s3.amazonaws.com/photos/694473660/original.jpg","jpeg","https://www.inaturalist.org/observations/379646659"
"iNaturalist","image","379646658","Lontra annectens","2026-07-07","09:52","Carlos Domínguez-Rodríguez",NA,"15.8027835853,-96.0516724087",15.8027835853,-96.0516724087,"https://inaturalist-open-data.s3.amazonaws.com/photos/694473142/original.jpg","jpeg","https://www.inaturalist.org/observations/379646658"
"iNaturalist","image","379646658","Lontra annectens","2026-07-07","09:52","Carlos Domínguez-Rodríguez",NA,"15.8027835853,-96.0516724087",15.8027835853,-96.0516724087,"https://inaturalist-open-data.s3.amazonaws.com/photos/694473243/original.jpg","jpeg","https://www.inaturalist.org/observations/379646658"
"iNaturalist","image","379646658","Lontra annectens","2026-07-07","09:52","Carlos Domínguez-Rodríguez",NA,"15.8027835853,-96.0516724087",15.8027835853,-96.0516724087,"https://inaturalist-open-data.s3.amazonaws.com/photos/694473241/original.jpg","jpeg","https://www.inaturalist.org/observations/379646658"
"iNaturalist","image","379646658","Lontra annectens","2026-07-07","09:52","Carlos Domínguez-Rodríguez",NA,"15.8027835853,-96.0516724087",15.8027835853,-96.0516724087,"https://inaturalist-open-data.s3.amazonaws.com/photos/694473233/original.jpg","jpeg","https://www.inaturalist.org/observations/379646658"
"iNaturalist","image","379646658","Lontra annectens","2026-07-07","09:52","Carlos Domínguez-Rodríguez",NA,"15.8027835853,-96.0516724087",15.8027835853,-96.0516724087,"https://inaturalist-open-data.s3.amazonaws.com/photos/694473295/original.jpg","jpeg","https://www.inaturalist.org/observations/379646658"
"iNaturalist","image","379646658","Lontra annectens","2026-07-07","09:52","Carlos Domínguez-Rodríguez",NA,"15.8027835853,-96.0516724087",15.8027835853,-96.0516724087,"https://inaturalist-open-data.s3.amazonaws.com/photos/694473306/original.jpg","jpeg","https://www.inaturalist.org/observations/379646658"
"iNaturalist","image","379646658","Lontra annectens","2026-07-07","09:52","Carlos Domínguez-Rodríguez",NA,"15.8027835853,-96.0516724087",15.8027835853,-96.0516724087,"https://inaturalist-open-data.s3.amazonaws.com/photos/694473311/original.jpg","jpeg","https://www.inaturalist.org/observations/379646658"
"iNaturalist","image","379646658","Lontra annectens","2026-07-07","09:52","Carlos Domínguez-Rodríguez",NA,"15.8027835853,-96.0516724087",15.8027835853,-96.0516724087,"https://inaturalist-open-data.s3.amazonaws.com/photos/694473342/original.jpg","jpeg","https://www.inaturalist.org/observations/379646658"
"iNaturalist","image","379646658","Lontra annectens","2026-07-07","09:52","Carlos Domínguez-Rodríguez",NA,"15.8027835853,-96.0516724087",15.8027835853,-96.0516724087,"https://inaturalist-open-data.s3.amazonaws.com/photos/694473364/original.jpg","jpeg","https://www.inaturalist.org/observations/379646658"
"iNaturalist","image","379646658","Lontra annectens","2026-07-07","09:52","Carlos Domínguez-Rodríguez",NA,"15.8027835853,-96.0516724087",15.8027835853,-96.0516724087,"https://inaturalist-open-data.s3.amazonaws.com/photos/694473374/original.jpg","jpeg","https://www.inaturalist.org/observations/379646658"
"iNaturalist","image","379646658","Lontra annectens","2026-07-07","09:52","Carlos Domínguez-Rodríguez",NA,"15.8027835853,-96.0516724087",15.8027835853,-96.0516724087,"https://inaturalist-open-data.s3.amazonaws.com/photos/694473384/original.jpg","jpeg","https://www.inaturalist.org/observations/379646658"
"iNaturalist","image","379646658","Lontra annectens","2026-07-07","09:52","Carlos Domínguez-Rodríguez",NA,"15.8027835853,-96.0516724087",15.8027835853,-96.0516724087,"https://inaturalist-open-data.s3.amazonaws.com/photos/694473431/original.jpg","jpeg","https://www.inaturalist.org/observations/379646658"
"iNaturalist","image","379646658","Lontra annectens","2026-07-07","09:52","Carlos Domínguez-Rodríguez",NA,"15.8027835853,-96.0516724087",15.8027835853,-96.0516724087,"https://inaturalist-open-data.s3.amazonaws.com/photos/694473441/original.jpg","jpeg","https://www.inaturalist.org/observations/379646658"
"iNaturalist","image","379646658","Lontra annectens","2026-07-07","09:52","Carlos Domínguez-Rodríguez",NA,"15.8027835853,-96.0516724087",15.8027835853,-96.0516724087,"https://inaturalist-open-data.s3.amazonaws.com/photos/694473456/original.jpg","jpeg","https://www.inaturalist.org/observations/379646658"
"iNaturalist","image","379646658","Lontra annectens","2026-07-07","09:52","Carlos Domínguez-Rodríguez",NA,"15.8027835853,-96.0516724087",15.8027835853,-96.0516724087,"https://inaturalist-open-data.s3.amazonaws.com/photos/694473501/original.jpg","jpeg","https://www.inaturalist.org/observations/379646658"
"iNaturalist","image","379646652","Lontra annectens","2026-07-07","09:49","Carlos Domínguez-Rodríguez",NA,"15.8010665328,-96.0509454748",15.8010665328,-96.0509454748,"https://inaturalist-open-data.s3.amazonaws.com/photos/694472535/original.jpg","jpeg","https://www.inaturalist.org/observations/379646652"
"iNaturalist","image","379646652","Lontra annectens","2026-07-07","09:49","Carlos Domínguez-Rodríguez",NA,"15.8010665328,-96.0509454748",15.8010665328,-96.0509454748,"https://inaturalist-open-data.s3.amazonaws.com/photos/694472627/original.jpg","jpeg","https://www.inaturalist.org/observations/379646652"
"iNaturalist","image","379646652","Lontra annectens","2026-07-07","09:49","Carlos Domínguez-Rodríguez",NA,"15.8010665328,-96.0509454748",15.8010665328,-96.0509454748,"https://inaturalist-open-data.s3.amazonaws.com/photos/694472622/original.jpg","jpeg","https://www.inaturalist.org/observations/379646652"
"iNaturalist","image","379646652","Lontra annectens","2026-07-07","09:49","Carlos Domínguez-Rodríguez",NA,"15.8010665328,-96.0509454748",15.8010665328,-96.0509454748,"https://inaturalist-open-data.s3.amazonaws.com/photos/694472625/original.jpg","jpeg","https://www.inaturalist.org/observations/379646652"
"iNaturalist","image","379646652","Lontra annectens","2026-07-07","09:49","Carlos Domínguez-Rodríguez",NA,"15.8010665328,-96.0509454748",15.8010665328,-96.0509454748,"https://inaturalist-open-data.s3.amazonaws.com/photos/694472733/original.jpg","jpeg","https://www.inaturalist.org/observations/379646652"
"iNaturalist","image","379646652","Lontra annectens","2026-07-07","09:49","Carlos Domínguez-Rodríguez",NA,"15.8010665328,-96.0509454748",15.8010665328,-96.0509454748,"https://inaturalist-open-data.s3.amazonaws.com/photos/694472737/original.jpg","jpeg","https://www.inaturalist.org/observations/379646652"
"iNaturalist","image","379646652","Lontra annectens","2026-07-07","09:49","Carlos Domínguez-Rodríguez",NA,"15.8010665328,-96.0509454748",15.8010665328,-96.0509454748,"https://inaturalist-open-data.s3.amazonaws.com/photos/694472739/original.jpg","jpeg","https://www.inaturalist.org/observations/379646652"
"iNaturalist","image","379646652","Lontra annectens","2026-07-07","09:49","Carlos Domínguez-Rodríguez",NA,"15.8010665328,-96.0509454748",15.8010665328,-96.0509454748,"https://inaturalist-open-data.s3.amazonaws.com/photos/694472810/original.jpg","jpeg","https://www.inaturalist.org/observations/379646652"
"iNaturalist","image","379646652","Lontra annectens","2026-07-07","09:49","Carlos Domínguez-Rodríguez",NA,"15.8010665328,-96.0509454748",15.8010665328,-96.0509454748,"https://inaturalist-open-data.s3.amazonaws.com/photos/694472820/original.jpg","jpeg","https://www.inaturalist.org/observations/379646652"
"iNaturalist","image","379646652","Lontra annectens","2026-07-07","09:49","Carlos Domínguez-Rodríguez",NA,"15.8010665328,-96.0509454748",15.8010665328,-96.0509454748,"https://inaturalist-open-data.s3.amazonaws.com/photos/694472822/original.jpg","jpeg","https://www.inaturalist.org/observations/379646652"
"iNaturalist","image","379646652","Lontra annectens","2026-07-07","09:49","Carlos Domínguez-Rodríguez",NA,"15.8010665328,-96.0509454748",15.8010665328,-96.0509454748,"https://inaturalist-open-data.s3.amazonaws.com/photos/694472848/original.jpg","jpeg","https://www.inaturalist.org/observations/379646652"
"iNaturalist","image","379646652","Lontra annectens","2026-07-07","09:49","Carlos Domínguez-Rodríguez",NA,"15.8010665328,-96.0509454748",15.8010665328,-96.0509454748,"https://inaturalist-open-data.s3.amazonaws.com/photos/694472885/original.jpg","jpeg","https://www.inaturalist.org/observations/379646652"
"iNaturalist","image","379646652","Lontra annectens","2026-07-07","09:49","Carlos Domínguez-Rodríguez",NA,"15.8010665328,-96.0509454748",15.8010665328,-96.0509454748,"https://inaturalist-open-data.s3.amazonaws.com/photos/694472891/original.jpg","jpeg","https://www.inaturalist.org/observations/379646652"
"iNaturalist","image","379646652","Lontra annectens","2026-07-07","09:49","Carlos Domínguez-Rodríguez",NA,"15.8010665328,-96.0509454748",15.8010665328,-96.0509454748,"https://inaturalist-open-data.s3.amazonaws.com/photos/694472895/original.jpg","jpeg","https://www.inaturalist.org/observations/379646652"
"iNaturalist","image","379646647","Lontra annectens","2026-07-07","09:45","Carlos Domínguez-Rodríguez",NA,"15.7997007461,-96.0509055595",15.7997007461,-96.0509055595,"https://inaturalist-open-data.s3.amazonaws.com/photos/694472196/original.jpg","jpeg","https://www.inaturalist.org/observations/379646647"
"iNaturalist","image","379646647","Lontra annectens","2026-07-07","09:45","Carlos Domínguez-Rodríguez",NA,"15.7997007461,-96.0509055595",15.7997007461,-96.0509055595,"https://inaturalist-open-data.s3.amazonaws.com/photos/694472215/original.jpg","jpeg","https://www.inaturalist.org/observations/379646647"
"iNaturalist","image","379398938","Lontra annectens","2026-07-08","10:00","Johanlind",NA,"4.7313844607,-75.5783081539",4.7313844607,-75.5783081539,"https://static.inaturalist.org/photos/693996987/original.jpg","jpeg","https://www.inaturalist.org/observations/379398938"
"iNaturalist","image","379246734","Lontra annectens","2026-07-07","10:23","Evelio Dominguez Chavez",NA,"15.8020751036,-96.051778193",15.8020751036,-96.051778193,"https://inaturalist-open-data.s3.amazonaws.com/photos/693690986/original.jpg","jpeg","https://www.inaturalist.org/observations/379246734"
"iNaturalist","image","379246715","Lontra annectens","2026-07-07","10:01","Evelio Dominguez Chavez",NA,"15.8020751036,-96.051778193",15.8020751036,-96.051778193,"https://inaturalist-open-data.s3.amazonaws.com/photos/693690548/original.jpg","jpeg","https://www.inaturalist.org/observations/379246715"
"iNaturalist","image","379246703","Lontra annectens","2026-07-07","09:53","Evelio Dominguez Chavez",NA,"15.8020751036,-96.051778193",15.8020751036,-96.051778193,"https://inaturalist-open-data.s3.amazonaws.com/photos/693690111/original.jpg","jpeg","https://www.inaturalist.org/observations/379246703"
"iNaturalist","image","379246698","Lontra annectens","2026-07-07","09:49","Evelio Dominguez Chavez",NA,"15.8020751036,-96.051778193",15.8020751036,-96.051778193,"https://inaturalist-open-data.s3.amazonaws.com/photos/693689809/original.jpg","jpeg","https://www.inaturalist.org/observations/379246698"
"iNaturalist","image","379246698","Lontra annectens","2026-07-07","09:49","Evelio Dominguez Chavez",NA,"15.8020751036,-96.051778193",15.8020751036,-96.051778193,"https://inaturalist-open-data.s3.amazonaws.com/photos/693689879/original.jpg","jpeg","https://www.inaturalist.org/observations/379246698"
"iNaturalist","image","379169921","Lontra annectens","2026-01-08","10:48","Wilson Cruz",NA,"0.2510623423,-79.4362227246",0.2510623423,-79.4362227246,"https://static.inaturalist.org/photos/693549051/original.jpg","jpeg","https://www.inaturalist.org/observations/379169921"
"iNaturalist","image","378925976","Lontra annectens","2026-07-05","10:01","Nelson Apolo",NA,"0.0052722167,-78.9120466667",0.0052722167,-78.9120466667,"https://inaturalist-open-data.s3.amazonaws.com/photos/693076410/original.jpg","jpeg","https://www.inaturalist.org/observations/378925976"
"iNaturalist","image","378925976","Lontra annectens","2026-07-05","10:01","Nelson Apolo",NA,"0.0052722167,-78.9120466667",0.0052722167,-78.9120466667,"https://inaturalist-open-data.s3.amazonaws.com/photos/693076451/original.jpg","jpeg","https://www.inaturalist.org/observations/378925976"
"iNaturalist","image","378925976","Lontra annectens","2026-07-05","10:01","Nelson Apolo",NA,"0.0052722167,-78.9120466667",0.0052722167,-78.9120466667,"https://inaturalist-open-data.s3.amazonaws.com/photos/693076483/original.jpg","jpeg","https://www.inaturalist.org/observations/378925976"
"iNaturalist","image","378635695","Lontra annectens","2026-07-05","10:33","Carlos Domínguez-Rodríguez",NA,"15.7313833333,-96.1591722222",15.7313833333,-96.1591722222,"https://inaturalist-open-data.s3.amazonaws.com/photos/692517750/original.jpg","jpeg","https://www.inaturalist.org/observations/378635695"
"iNaturalist","image","378635695","Lontra annectens","2026-07-05","10:33","Carlos Domínguez-Rodríguez",NA,"15.7313833333,-96.1591722222",15.7313833333,-96.1591722222,"https://inaturalist-open-data.s3.amazonaws.com/photos/692517869/original.jpg","jpeg","https://www.inaturalist.org/observations/378635695"
"iNaturalist","image","378635695","Lontra annectens","2026-07-05","10:33","Carlos Domínguez-Rodríguez",NA,"15.7313833333,-96.1591722222",15.7313833333,-96.1591722222,"https://inaturalist-open-data.s3.amazonaws.com/photos/692517887/original.jpg","jpeg","https://www.inaturalist.org/observations/378635695"
"iNaturalist","image","378635695","Lontra annectens","2026-07-05","10:33","Carlos Domínguez-Rodríguez",NA,"15.7313833333,-96.1591722222",15.7313833333,-96.1591722222,"https://inaturalist-open-data.s3.amazonaws.com/photos/692517888/original.jpg","jpeg","https://www.inaturalist.org/observations/378635695"
"iNaturalist","image","378635695","Lontra annectens","2026-07-05","10:33","Carlos Domínguez-Rodríguez",NA,"15.7313833333,-96.1591722222",15.7313833333,-96.1591722222,"https://inaturalist-open-data.s3.amazonaws.com/photos/692517969/original.jpg","jpeg","https://www.inaturalist.org/observations/378635695"
"iNaturalist","image","378635695","Lontra annectens","2026-07-05","10:33","Carlos Domínguez-Rodríguez",NA,"15.7313833333,-96.1591722222",15.7313833333,-96.1591722222,"https://inaturalist-open-data.s3.amazonaws.com/photos/692517985/original.jpg","jpeg","https://www.inaturalist.org/observations/378635695"
"iNaturalist","image","378635695","Lontra annectens","2026-07-05","10:33","Carlos Domínguez-Rodríguez",NA,"15.7313833333,-96.1591722222",15.7313833333,-96.1591722222,"https://inaturalist-open-data.s3.amazonaws.com/photos/692517986/original.jpg","jpeg","https://www.inaturalist.org/observations/378635695"
"iNaturalist","image","378635695","Lontra annectens","2026-07-05","10:33","Carlos Domínguez-Rodríguez",NA,"15.7313833333,-96.1591722222",15.7313833333,-96.1591722222,"https://inaturalist-open-data.s3.amazonaws.com/photos/692518041/original.jpg","jpeg","https://www.inaturalist.org/observations/378635695"
"iNaturalist","image","378635695","Lontra annectens","2026-07-05","10:33","Carlos Domínguez-Rodríguez",NA,"15.7313833333,-96.1591722222",15.7313833333,-96.1591722222,"https://inaturalist-open-data.s3.amazonaws.com/photos/692518077/original.jpg","jpeg","https://www.inaturalist.org/observations/378635695"
"iNaturalist","image","378635695","Lontra annectens","2026-07-05","10:33","Carlos Domínguez-Rodríguez",NA,"15.7313833333,-96.1591722222",15.7313833333,-96.1591722222,"https://inaturalist-open-data.s3.amazonaws.com/photos/692518082/original.jpg","jpeg","https://www.inaturalist.org/observations/378635695"
"iNaturalist","image","376735163","Lontra annectens","2011-12-23","16:09","Prorest_huilotl_toxtlan",NA,"18.1752436789,-94.6594546796",18.1752436789,-94.6594546796,"https://inaturalist-open-data.s3.amazonaws.com/photos/688847880/original.jpg","jpeg","https://www.inaturalist.org/observations/376735163"
"iNaturalist","image","376735158","Lontra annectens","2011-12-22","14:40","Prorest_huilotl_toxtlan",NA,"18.1752436789,-94.6594546796",18.1752436789,-94.6594546796,"https://inaturalist-open-data.s3.amazonaws.com/photos/688846681/original.jpg","jpeg","https://www.inaturalist.org/observations/376735158"
"iNaturalist","image","376054716","Lontra annectens","2017-04-20","06:19","Prorest_huilotl_toxtlan",NA,"18.4337979228,-95.0852239351",18.4337979228,-95.0852239351,"https://inaturalist-open-data.s3.amazonaws.com/photos/687532527/original.jpg","jpeg","https://www.inaturalist.org/observations/376054716"
"iNaturalist","image","376040146","Lontra annectens",NA,NA,"Jéssica Juárez",NA,"20.9746263001,-97.5256287307",20.9746263001,-97.5256287307,"https://inaturalist-open-data.s3.amazonaws.com/photos/687506167/original.jpg","jpeg","https://www.inaturalist.org/observations/376040146"
"iNaturalist","image","376040146","Lontra annectens",NA,NA,"Jéssica Juárez",NA,"20.9746263001,-97.5256287307",20.9746263001,-97.5256287307,"https://inaturalist-open-data.s3.amazonaws.com/photos/687506258/original.jpg","jpeg","https://www.inaturalist.org/observations/376040146"
"iNaturalist","image","376040146","Lontra annectens",NA,NA,"Jéssica Juárez",NA,"20.9746263001,-97.5256287307",20.9746263001,-97.5256287307,"https://inaturalist-open-data.s3.amazonaws.com/photos/687506387/original.jpg","jpeg","https://www.inaturalist.org/observations/376040146"
"iNaturalist","image","375692106","Lontra annectens","2014-05-21","07:51","Alanvannorman",NA,"14.9166816928,-88.0137537151",14.9166816928,-88.0137537151,"https://inaturalist-open-data.s3.amazonaws.com/photos/686838416/original.jpg","jpeg","https://www.inaturalist.org/observations/375692106"
"iNaturalist","image","375575413","Lontra annectens","2016-04-20","07:24","Prorest_huilotl_toxtlan",NA,"18.4158301924,-95.1182407725",18.4158301924,-95.1182407725,"https://inaturalist-open-data.s3.amazonaws.com/photos/686572658/original.jpg","jpeg","https://www.inaturalist.org/observations/375575413"
"iNaturalist","image","375419633","Lontra annectens","2026-06-25","19:10","Zakry7",NA,"9.4670716667,-84.198745",9.4670716667,-84.198745,"https://inaturalist-open-data.s3.amazonaws.com/photos/686312677/original.jpg","jpeg","https://www.inaturalist.org/observations/375419633"
"iNaturalist","image","375419633","Lontra annectens","2026-06-25","19:10","Zakry7",NA,"9.4670716667,-84.198745",9.4670716667,-84.198745,"https://inaturalist-open-data.s3.amazonaws.com/photos/686312663/original.jpg","jpeg","https://www.inaturalist.org/observations/375419633"
"iNaturalist","image","375419633","Lontra annectens","2026-06-25","19:10","Zakry7",NA,"9.4670716667,-84.198745",9.4670716667,-84.198745,"https://inaturalist-open-data.s3.amazonaws.com/photos/686312676/original.jpg","jpeg","https://www.inaturalist.org/observations/375419633"
"iNaturalist","image","375265127","Lontra annectens","2026-06-23","09:18","Henry Sandi Amador",NA,"8.4115141132,-83.4144112418",8.4115141132,-83.4144112418,"https://inaturalist-open-data.s3.amazonaws.com/photos/686000188/original.jpg","jpeg","https://www.inaturalist.org/observations/375265127"
"iNaturalist","image","375265127","Lontra annectens","2026-06-23","09:18","Henry Sandi Amador",NA,"8.4115141132,-83.4144112418",8.4115141132,-83.4144112418,"https://inaturalist-open-data.s3.amazonaws.com/photos/686000243/original.jpg","jpeg","https://www.inaturalist.org/observations/375265127"
"iNaturalist","image","374802103","Lontra annectens","2016-12-01","08:02","Prorest_huilotl_toxtlan",NA,"18.4409680146,-95.082651106",18.4409680146,-95.082651106,"https://inaturalist-open-data.s3.amazonaws.com/photos/685100695/original.jpg","jpeg","https://www.inaturalist.org/observations/374802103"
"iNaturalist","image","374404993","Lontra annectens","2026-04-21","08:23","Mattis Hernández-Pagany",NA,"14.9438890357,-88.0324010785",14.9438890357,-88.0324010785,"https://inaturalist-open-data.s3.amazonaws.com/photos/684327719/original.jpg","jpeg","https://www.inaturalist.org/observations/374404993"
"iNaturalist","image","370350369","Lontra annectens","2026-05-24","08:01","Ramón Trinchan",NA,"16.2990125743,-90.8860709084",16.2990125743,-90.8860709084,"https://inaturalist-open-data.s3.amazonaws.com/photos/676569680/original.jpg","jpeg","https://www.inaturalist.org/observations/370350369"
"iNaturalist","image","370350369","Lontra annectens","2026-05-24","08:01","Ramón Trinchan",NA,"16.2990125743,-90.8860709084",16.2990125743,-90.8860709084,"https://inaturalist-open-data.s3.amazonaws.com/photos/676569681/original.jpg","jpeg","https://www.inaturalist.org/observations/370350369"
"iNaturalist","image","370350369","Lontra annectens","2026-05-24","08:01","Ramón Trinchan",NA,"16.2990125743,-90.8860709084",16.2990125743,-90.8860709084,"https://inaturalist-open-data.s3.amazonaws.com/photos/676569698/original.jpg","jpeg","https://www.inaturalist.org/observations/370350369"
"iNaturalist","image","370350369","Lontra annectens","2026-05-24","08:01","Ramón Trinchan",NA,"16.2990125743,-90.8860709084",16.2990125743,-90.8860709084,"https://inaturalist-open-data.s3.amazonaws.com/photos/676569675/original.jpg","jpeg","https://www.inaturalist.org/observations/370350369"
"iNaturalist","image","370350369","Lontra annectens","2026-05-24","08:01","Ramón Trinchan",NA,"16.2990125743,-90.8860709084",16.2990125743,-90.8860709084,"https://inaturalist-open-data.s3.amazonaws.com/photos/676569650/original.jpg","jpeg","https://www.inaturalist.org/observations/370350369"
"iNaturalist","image","370350369","Lontra annectens","2026-05-24","08:01","Ramón Trinchan",NA,"16.2990125743,-90.8860709084",16.2990125743,-90.8860709084,"https://inaturalist-open-data.s3.amazonaws.com/photos/676569645/original.jpg","jpeg","https://www.inaturalist.org/observations/370350369"
"iNaturalist","image","370350369","Lontra annectens","2026-05-24","08:01","Ramón Trinchan",NA,"16.2990125743,-90.8860709084",16.2990125743,-90.8860709084,"https://inaturalist-open-data.s3.amazonaws.com/photos/676569646/original.jpg","jpeg","https://www.inaturalist.org/observations/370350369"
"iNaturalist","image","370350369","Lontra annectens","2026-05-24","08:01","Ramón Trinchan",NA,"16.2990125743,-90.8860709084",16.2990125743,-90.8860709084,"https://inaturalist-open-data.s3.amazonaws.com/photos/676569609/original.jpg","jpeg","https://www.inaturalist.org/observations/370350369"
"iNaturalist","image","370350369","Lontra annectens","2026-05-24","08:01","Ramón Trinchan",NA,"16.2990125743,-90.8860709084",16.2990125743,-90.8860709084,"https://inaturalist-open-data.s3.amazonaws.com/photos/676569610/original.jpg","jpeg","https://www.inaturalist.org/observations/370350369"
"iNaturalist","image","368755352","Lontra annectens","2026-06-02","10:45","Martin Ortiz",NA,"15.7977444897,-96.0491076797",15.7977444897,-96.0491076797,"https://inaturalist-open-data.s3.amazonaws.com/photos/673512297/original.jpg","jpeg","https://www.inaturalist.org/observations/368755352"
"iNaturalist","image","368755345","Lontra annectens","2026-06-02","10:23","Martin Ortiz",NA,"15.7981697497,-96.0494026397",15.7981697497,-96.0494026397,"https://inaturalist-open-data.s3.amazonaws.com/photos/673511759/original.jpg","jpeg","https://www.inaturalist.org/observations/368755345"
"iNaturalist","image","368755345","Lontra annectens","2026-06-02","10:23","Martin Ortiz",NA,"15.7981697497,-96.0494026397",15.7981697497,-96.0494026397,"https://inaturalist-open-data.s3.amazonaws.com/photos/673511829/original.jpg","jpeg","https://www.inaturalist.org/observations/368755345"
"iNaturalist","image","368755345","Lontra annectens","2026-06-02","10:23","Martin Ortiz",NA,"15.7981697497,-96.0494026397",15.7981697497,-96.0494026397,"https://inaturalist-open-data.s3.amazonaws.com/photos/673511833/original.jpg","jpeg","https://www.inaturalist.org/observations/368755345"
"iNaturalist","image","368755334","Lontra annectens","2026-06-02","10:21","Martin Ortiz",NA,"15.7981435397,-96.0493623297",15.7981435397,-96.0493623297,"https://inaturalist-open-data.s3.amazonaws.com/photos/673510960/original.jpg","jpeg","https://www.inaturalist.org/observations/368755334"
"iNaturalist","image","368755334","Lontra annectens","2026-06-02","10:21","Martin Ortiz",NA,"15.7981435397,-96.0493623297",15.7981435397,-96.0493623297,"https://inaturalist-open-data.s3.amazonaws.com/photos/673510962/original.jpg","jpeg","https://www.inaturalist.org/observations/368755334"
"iNaturalist","image","368201773","Lontra annectens","2026-06-02","10:31","Carlos Domínguez-Rodríguez",NA,"15.798432,-96.0495099722",15.798432,-96.0495099722,"https://inaturalist-open-data.s3.amazonaws.com/photos/672481759/original.jpg","jpeg","https://www.inaturalist.org/observations/368201773"
"iNaturalist","image","368201773","Lontra annectens","2026-06-02","10:31","Carlos Domínguez-Rodríguez",NA,"15.798432,-96.0495099722",15.798432,-96.0495099722,"https://inaturalist-open-data.s3.amazonaws.com/photos/672481796/original.jpg","jpeg","https://www.inaturalist.org/observations/368201773"
"iNaturalist","image","368201773","Lontra annectens","2026-06-02","10:31","Carlos Domínguez-Rodríguez",NA,"15.798432,-96.0495099722",15.798432,-96.0495099722,"https://inaturalist-open-data.s3.amazonaws.com/photos/672481795/original.jpg","jpeg","https://www.inaturalist.org/observations/368201773"
"iNaturalist","image","368201773","Lontra annectens","2026-06-02","10:31","Carlos Domínguez-Rodríguez",NA,"15.798432,-96.0495099722",15.798432,-96.0495099722,"https://inaturalist-open-data.s3.amazonaws.com/photos/672481822/original.jpg","jpeg","https://www.inaturalist.org/observations/368201773"
"iNaturalist","image","368201773","Lontra annectens","2026-06-02","10:31","Carlos Domínguez-Rodríguez",NA,"15.798432,-96.0495099722",15.798432,-96.0495099722,"https://inaturalist-open-data.s3.amazonaws.com/photos/672481866/original.jpg","jpeg","https://www.inaturalist.org/observations/368201773"
"iNaturalist","image","368201773","Lontra annectens","2026-06-02","10:31","Carlos Domínguez-Rodríguez",NA,"15.798432,-96.0495099722",15.798432,-96.0495099722,"https://inaturalist-open-data.s3.amazonaws.com/photos/672481872/original.jpg","jpeg","https://www.inaturalist.org/observations/368201773"
"iNaturalist","image","368201773","Lontra annectens","2026-06-02","10:31","Carlos Domínguez-Rodríguez",NA,"15.798432,-96.0495099722",15.798432,-96.0495099722,"https://inaturalist-open-data.s3.amazonaws.com/photos/672481886/original.jpg","jpeg","https://www.inaturalist.org/observations/368201773"
"iNaturalist","image","368201773","Lontra annectens","2026-06-02","10:31","Carlos Domínguez-Rodríguez",NA,"15.798432,-96.0495099722",15.798432,-96.0495099722,"https://inaturalist-open-data.s3.amazonaws.com/photos/672481928/original.jpg","jpeg","https://www.inaturalist.org/observations/368201773"
"iNaturalist","image","368201773","Lontra annectens","2026-06-02","10:31","Carlos Domínguez-Rodríguez",NA,"15.798432,-96.0495099722",15.798432,-96.0495099722,"https://inaturalist-open-data.s3.amazonaws.com/photos/672481939/original.jpg","jpeg","https://www.inaturalist.org/observations/368201773"
"iNaturalist","image","368201769","Lontra annectens","2026-06-02","10:22","Carlos Domínguez-Rodríguez",NA,"15.798087,-96.049373",15.798087,-96.049373,"https://inaturalist-open-data.s3.amazonaws.com/photos/672481452/original.jpg","jpeg","https://www.inaturalist.org/observations/368201769"
"iNaturalist","image","368201769","Lontra annectens","2026-06-02","10:22","Carlos Domínguez-Rodríguez",NA,"15.798087,-96.049373",15.798087,-96.049373,"https://inaturalist-open-data.s3.amazonaws.com/photos/672481473/original.jpg","jpeg","https://www.inaturalist.org/observations/368201769"
"iNaturalist","image","368201748","Lontra annectens","2026-06-02","09:11","Carlos Domínguez-Rodríguez",NA,"15.793554,-96.050522",15.793554,-96.050522,"https://inaturalist-open-data.s3.amazonaws.com/photos/672479867/original.jpg","jpeg","https://www.inaturalist.org/observations/368201748"
"iNaturalist","image","368201748","Lontra annectens","2026-06-02","09:11","Carlos Domínguez-Rodríguez",NA,"15.793554,-96.050522",15.793554,-96.050522,"https://inaturalist-open-data.s3.amazonaws.com/photos/672479914/original.jpg","jpeg","https://www.inaturalist.org/observations/368201748"
"iNaturalist","image","368201748","Lontra annectens","2026-06-02","09:11","Carlos Domínguez-Rodríguez",NA,"15.793554,-96.050522",15.793554,-96.050522,"https://inaturalist-open-data.s3.amazonaws.com/photos/672479953/original.jpg","jpeg","https://www.inaturalist.org/observations/368201748"
"iNaturalist","image","368201748","Lontra annectens","2026-06-02","09:11","Carlos Domínguez-Rodríguez",NA,"15.793554,-96.050522",15.793554,-96.050522,"https://inaturalist-open-data.s3.amazonaws.com/photos/672479957/original.jpg","jpeg","https://www.inaturalist.org/observations/368201748"
"iNaturalist","image","368201748","Lontra annectens","2026-06-02","09:11","Carlos Domínguez-Rodríguez",NA,"15.793554,-96.050522",15.793554,-96.050522,"https://inaturalist-open-data.s3.amazonaws.com/photos/672479954/original.jpg","jpeg","https://www.inaturalist.org/observations/368201748"
"iNaturalist","image","368201748","Lontra annectens","2026-06-02","09:11","Carlos Domínguez-Rodríguez",NA,"15.793554,-96.050522",15.793554,-96.050522,"https://inaturalist-open-data.s3.amazonaws.com/photos/672479998/original.jpg","jpeg","https://www.inaturalist.org/observations/368201748"
"iNaturalist","image","368201748","Lontra annectens","2026-06-02","09:11","Carlos Domínguez-Rodríguez",NA,"15.793554,-96.050522",15.793554,-96.050522,"https://inaturalist-open-data.s3.amazonaws.com/photos/672480001/original.jpg","jpeg","https://www.inaturalist.org/observations/368201748"
"iNaturalist","image","368177983","Lontra annectens","2016-04-12","07:21","Prorest_huilotl_toxtlan",NA,"18.4155201255,-95.1179530725",18.4155201255,-95.1179530725,"https://inaturalist-open-data.s3.amazonaws.com/photos/672425157/original.jpg","jpeg","https://www.inaturalist.org/observations/368177983"
"iNaturalist","image","368106189","Lontra annectens","2026-06-02","10:24","Patricia Rios Garcia",NA,"15.79846475,-96.0494995",15.79846475,-96.0494995,"https://inaturalist-open-data.s3.amazonaws.com/photos/672293781/original.jpg","jpeg","https://www.inaturalist.org/observations/368106189"
"iNaturalist","image","368106189","Lontra annectens","2026-06-02","10:24","Patricia Rios Garcia",NA,"15.79846475,-96.0494995",15.79846475,-96.0494995,"https://inaturalist-open-data.s3.amazonaws.com/photos/672293827/original.jpg","jpeg","https://www.inaturalist.org/observations/368106189"
"iNaturalist","image","367906662","Lontra annectens","2013-02-18","07:54","Prorest_huilotl_toxtlan",NA,"18.4162594988,-95.1141355117",18.4162594988,-95.1141355117,"https://inaturalist-open-data.s3.amazonaws.com/photos/671873089/original.jpg","jpeg","https://www.inaturalist.org/observations/367906662"
"iNaturalist","image","367906662","Lontra annectens","2013-02-18","07:54","Prorest_huilotl_toxtlan",NA,"18.4162594988,-95.1141355117",18.4162594988,-95.1141355117,"https://inaturalist-open-data.s3.amazonaws.com/photos/671873100/original.jpg","jpeg","https://www.inaturalist.org/observations/367906662"
"iNaturalist","image","367738727","Lontra annectens","2026-05-24","06:41","Luis Trinchan",NA,"16.2853096764,-90.8796559204",16.2853096764,-90.8796559204,"https://inaturalist-open-data.s3.amazonaws.com/photos/671592845/original.jpg","jpeg","https://www.inaturalist.org/observations/367738727"
"iNaturalist","image","367731321","Lontra annectens","2025-12-07","13:22","Fig 1p",NA,"17.8093883333,-101.469545",17.8093883333,-101.469545,"https://inaturalist-open-data.s3.amazonaws.com/photos/671580844/original.jpg","jpeg","https://www.inaturalist.org/observations/367731321"
"iNaturalist","image","367121757","Lontra annectens",NA,NA,"William Castillo",NA,"8.2853036243,-78.179243356",8.2853036243,-78.179243356,"https://inaturalist-open-data.s3.amazonaws.com/photos/670410367/original.jpg","jpeg","https://www.inaturalist.org/observations/367121757"
"iNaturalist","image","366645565","Lontra annectens","2026-05-30","06:46","Emily Bergamo",NA,"10.44973,-84.0681083333",10.44973,-84.0681083333,"https://inaturalist-open-data.s3.amazonaws.com/photos/669501843/original.jpg","jpeg","https://www.inaturalist.org/observations/366645565"
"iNaturalist","image","366645565","Lontra annectens","2026-05-30","06:46","Emily Bergamo",NA,"10.44973,-84.0681083333",10.44973,-84.0681083333,"https://inaturalist-open-data.s3.amazonaws.com/photos/669501840/original.jpg","jpeg","https://www.inaturalist.org/observations/366645565"
"iNaturalist","image","366645565","Lontra annectens","2026-05-30","06:46","Emily Bergamo",NA,"10.44973,-84.0681083333",10.44973,-84.0681083333,"https://inaturalist-open-data.s3.amazonaws.com/photos/669501837/original.jpg","jpeg","https://www.inaturalist.org/observations/366645565"
"iNaturalist","image","366645565","Lontra annectens","2026-05-30","06:46","Emily Bergamo",NA,"10.44973,-84.0681083333",10.44973,-84.0681083333,"https://inaturalist-open-data.s3.amazonaws.com/photos/669501898/original.jpg","jpeg","https://www.inaturalist.org/observations/366645565"
"iNaturalist","image","366645565","Lontra annectens","2026-05-30","06:46","Emily Bergamo",NA,"10.44973,-84.0681083333",10.44973,-84.0681083333,"https://inaturalist-open-data.s3.amazonaws.com/photos/669501878/original.jpg","jpeg","https://www.inaturalist.org/observations/366645565"
"iNaturalist","image","366645565","Lontra annectens","2026-05-30","06:46","Emily Bergamo",NA,"10.44973,-84.0681083333",10.44973,-84.0681083333,"https://inaturalist-open-data.s3.amazonaws.com/photos/669501888/original.jpg","jpeg","https://www.inaturalist.org/observations/366645565"
"iNaturalist","image","366458021","Lontra annectens","2026-04-20","09:46","Ron Martin",NA,"14.939493,-88.0197175",14.939493,-88.0197175,"https://static.inaturalist.org/photos/669144622/original.jpg","jpeg","https://www.inaturalist.org/observations/366458021"
"iNaturalist","image","366248174","Lontra annectens","2020-11-25","10:40","Kevin Jiménez Gonzáles",NA,"-4.8927624685,-81.136021893",-4.8927624685,-81.136021893,"https://inaturalist-open-data.s3.amazonaws.com/photos/668748225/original.jpg","jpeg","https://www.inaturalist.org/observations/366248174"
"iNaturalist","image","366144987","Lontra annectens","2026-05-28","11:09","Kevin Ramirez",NA,"8.5391297564,-83.5431771259",8.5391297564,-83.5431771259,"https://static.inaturalist.org/photos/668548040/original.jpg","jpeg","https://www.inaturalist.org/observations/366144987"
"iNaturalist","image","365741263","Lontra annectens","2026-05-26","16:22","Joris Groothoff",NA,"10.5865628847,-83.5316133518",10.5865628847,-83.5316133518,"https://inaturalist-open-data.s3.amazonaws.com/photos/667775527/original.jpg","jpeg","https://www.inaturalist.org/observations/365741263"
"iNaturalist","image","363627698","Lontra annectens","2026-03-01","15:51","Suemilks",NA,"10.4378543,-84.7102475",10.4378543,-84.7102475,"https://static.inaturalist.org/photos/663780456/original.jpg","jpeg","https://www.inaturalist.org/observations/363627698"
"iNaturalist","image","363495092","Lontra annectens","2026-02-10","17:35","Roberto García",NA,"17.7524820243,-92.0126287267",17.7524820243,-92.0126287267,"https://static.inaturalist.org/photos/663527064/original.jpg","jpeg","https://www.inaturalist.org/observations/363495092"
"iNaturalist","image","363495092","Lontra annectens","2026-02-10","17:35","Roberto García",NA,"17.7524820243,-92.0126287267",17.7524820243,-92.0126287267,"https://static.inaturalist.org/photos/663527112/original.jpg","jpeg","https://www.inaturalist.org/observations/363495092"
"iNaturalist","image","363495092","Lontra annectens","2026-02-10","17:35","Roberto García",NA,"17.7524820243,-92.0126287267",17.7524820243,-92.0126287267,"https://static.inaturalist.org/photos/663527143/original.jpg","jpeg","https://www.inaturalist.org/observations/363495092"
"iNaturalist","image","363187640","Lontra annectens","2026-05-14","15:28","Ervin Arias Ramo",NA,"15.5489543088,-93.1875737384",15.5489543088,-93.1875737384,"https://inaturalist-open-data.s3.amazonaws.com/photos/662939668/original.jpg","jpeg","https://www.inaturalist.org/observations/363187640"
"iNaturalist","image","362021995","Lontra annectens","2026-05-16","10:06","Beto_ortiz_m",NA,"3.3802289005,-76.5402459705",3.3802289005,-76.5402459705,"https://inaturalist-open-data.s3.amazonaws.com/photos/660721803/original.jpg","jpeg","https://www.inaturalist.org/observations/362021995"
"iNaturalist","image","361759596","Lontra annectens","2026-05-10","22:19","Ipacarai",NA,"7.449815756,-73.7693447797",7.449815756,-73.7693447797,"https://inaturalist-open-data.s3.amazonaws.com/photos/660233101/original.jpg","jpeg","https://www.inaturalist.org/observations/361759596"
"iNaturalist","image","361065670","Lontra annectens","2026-04-24","09:57","Arturo Benavides Mendoza",NA,"17.9991306738,-92.9305765405",17.9991306738,-92.9305765405,"https://inaturalist-open-data.s3.amazonaws.com/photos/658917324/original.jpg","jpeg","https://www.inaturalist.org/observations/361065670"
"iNaturalist","image","361065670","Lontra annectens","2026-04-24","09:57","Arturo Benavides Mendoza",NA,"17.9991306738,-92.9305765405",17.9991306738,-92.9305765405,"https://inaturalist-open-data.s3.amazonaws.com/photos/658917501/original.jpg","jpeg","https://www.inaturalist.org/observations/361065670"
"iNaturalist","image","360937386","Lontra annectens","2012-11-17","07:43","Prorest_huilotl_toxtlan",NA,"18.416245,-95.1185966667",18.416245,-95.1185966667,"https://inaturalist-open-data.s3.amazonaws.com/photos/658655408/original.jpg","jpeg","https://www.inaturalist.org/observations/360937386"
"iNaturalist","image","360933046","Lontra annectens","2026-04-27","14:19","Moises Rivera Rodriguez",NA,"20.950880661,-97.3255439848",20.950880661,-97.3255439848,"https://inaturalist-open-data.s3.amazonaws.com/photos/658654367/original.jpg","jpeg","https://www.inaturalist.org/observations/360933046"
"iNaturalist","image","360771822","Lontra annectens","2026-04-23","07:14","Haitong and Nicola",NA,"8.4735396773,-83.5934740241",8.4735396773,-83.5934740241,"https://inaturalist-open-data.s3.amazonaws.com/photos/658344223/original.jpg","jpeg","https://www.inaturalist.org/observations/360771822"
"iNaturalist","image","360630511","Lontra annectens","2026-05-11","10:16","José Joaquín Montero Ramírez",NA,"9.3519624479,-83.9816172861",9.3519624479,-83.9816172861,"https://inaturalist-open-data.s3.amazonaws.com/photos/658062875/original.jpg","jpeg","https://www.inaturalist.org/observations/360630511"
"iNaturalist","image","360630402","Lontra annectens","2026-05-11","08:44","José Joaquín Montero Ramírez",NA,"9.3518783333,-83.98172",9.3518783333,-83.98172,"https://inaturalist-open-data.s3.amazonaws.com/photos/658062683/original.jpg","jpeg","https://www.inaturalist.org/observations/360630402"
"iNaturalist","image","359733343","Lontra annectens",NA,NA,"James Kamstra",NA,"16.7794405186,-88.4619755495",16.7794405186,-88.4619755495,"https://static.inaturalist.org/photos/656329010/original.jpg","jpeg","https://www.inaturalist.org/observations/359733343"
"iNaturalist","image","359377083","Lontra annectens","2026-05-07","18:36","Dani Fabrisio Perez Calix",NA,"14.6123860649,-87.9211232149",14.6123860649,-87.9211232149,"https://static.inaturalist.org/photos/655684775/original.jpg","jpeg","https://www.inaturalist.org/observations/359377083"
"iNaturalist","image","359377083","Lontra annectens","2026-05-07","18:36","Dani Fabrisio Perez Calix",NA,"14.6123860649,-87.9211232149",14.6123860649,-87.9211232149,"https://static.inaturalist.org/photos/655684820/original.jpg","jpeg","https://www.inaturalist.org/observations/359377083"
"iNaturalist","image","358818796","Lontra annectens","2016-02-09","06:40","Prorest_huilotl_toxtlan",NA,"18.4218565009,-95.1170960865",18.4218565009,-95.1170960865,"https://inaturalist-open-data.s3.amazonaws.com/photos/654580160/original.jpg","jpeg","https://www.inaturalist.org/observations/358818796"
"iNaturalist","image","358356786","Lontra annectens","2026-05-04","06:51","Mike Melton",NA,"10.7209183,-85.0137401",10.7209183,-85.0137401,"https://inaturalist-open-data.s3.amazonaws.com/photos/653720586/original.jpg","jpeg","https://www.inaturalist.org/observations/358356786"
"iNaturalist","image","358355932","Lontra annectens","2026-05-04","07:48","Mike Melton",NA,"10.71438246,-85.0083327559",10.71438246,-85.0083327559,"https://inaturalist-open-data.s3.amazonaws.com/photos/653718762/original.jpg","jpeg","https://www.inaturalist.org/observations/358355932"
"iNaturalist","image","357951441","Lontra annectens","2026-05-01","14:41","Ilse De Wit",NA,"10.4356908545,-83.4347903567",10.4356908545,-83.4347903567,"https://inaturalist-open-data.s3.amazonaws.com/photos/652926877/original.jpg","jpeg","https://www.inaturalist.org/observations/357951441"
"iNaturalist","image","357785983","Lontra annectens","2026-02-19","06:18","Maryjane1313",NA,"8.5943441029,-83.5230837572",8.5943441029,-83.5230837572,"https://inaturalist-open-data.s3.amazonaws.com/photos/652610656/original.jpg","jpeg","https://www.inaturalist.org/observations/357785983"
"iNaturalist","image","357611052","Lontra annectens","2026-05-02","10:57","Los Pasos De La Fauna",NA,"14.9835119677,-92.2475360849",14.9835119677,-92.2475360849,"https://static.inaturalist.org/photos/652265162/original.jpg","jpeg","https://www.inaturalist.org/observations/357611052"
"iNaturalist","image","356734084","Lontra annectens","2026-04-29","21:27","Alfredo Moreno Castro",NA,"18.4276785888,-95.0730497184",18.4276785888,-95.0730497184,"https://static.inaturalist.org/photos/650572493/original.jpg","jpeg","https://www.inaturalist.org/observations/356734084"
"iNaturalist","image","356547253","Lontra annectens","2026-04-21","11:12","Eder_herpnandez",NA,"15.1126328014,-92.5890813193",15.1126328014,-92.5890813193,"https://inaturalist-open-data.s3.amazonaws.com/photos/650206936/original.jpg","jpeg","https://www.inaturalist.org/observations/356547253"
"iNaturalist","image","355596640","Lontra annectens","2008-09-19","15:07","C. S.",NA,"10.350491164,-84.6693254553",10.350491164,-84.6693254553,"https://static.inaturalist.org/photos/648475100/original.jpg","jpeg","https://www.inaturalist.org/observations/355596640"
"iNaturalist","image","355596640","Lontra annectens","2008-09-19","15:07","C. S.",NA,"10.350491164,-84.6693254553",10.350491164,-84.6693254553,"https://static.inaturalist.org/photos/648475103/original.jpg","jpeg","https://www.inaturalist.org/observations/355596640"
"iNaturalist","image","355596640","Lontra annectens","2008-09-19","15:07","C. S.",NA,"10.350491164,-84.6693254553",10.350491164,-84.6693254553,"https://static.inaturalist.org/photos/648475049/original.jpg","jpeg","https://www.inaturalist.org/observations/355596640"
"iNaturalist","image","354973363","Lontra annectens","2026-04-25","11:46","Jonaluna",NA,"2.116490852,-75.7016738132",2.116490852,-75.7016738132,"https://static.inaturalist.org/photos/647504886/original.jpg","jpeg","https://www.inaturalist.org/observations/354973363"
"iNaturalist","image","354973363","Lontra annectens","2026-04-25","11:46","Jonaluna",NA,"2.116490852,-75.7016738132",2.116490852,-75.7016738132,"https://static.inaturalist.org/photos/647505014/original.jpg","jpeg","https://www.inaturalist.org/observations/354973363"
"iNaturalist","image","354002599","Lontra annectens","2020-09-26","17:08","Jfso",NA,"2.0766394137,-77.0864513595",2.0766394137,-77.0864513595,"https://inaturalist-open-data.s3.amazonaws.com/photos/645850262/original.jpg","jpeg","https://www.inaturalist.org/observations/354002599"
"iNaturalist","image","352472711","Lontra annectens","2020-02-12","13:43","Alex Ricardo Guzmán Canul",NA,"18.0018211,-92.9341119",18.0018211,-92.9341119,"https://inaturalist-open-data.s3.amazonaws.com/photos/643328529/original.jpg","jpeg","https://www.inaturalist.org/observations/352472711"
"iNaturalist","image","352373494","Lontra annectens","2026-04-14","15:30","Matias Dìaz",NA,"9.4445278174,-82.4176015452",9.4445278174,-82.4176015452,"https://static.inaturalist.org/photos/643143123/original.jpg","jpeg","https://www.inaturalist.org/observations/352373494"
"iNaturalist","image","352159580","Lontra annectens","2026-04-22","09:05","Baylorjs",NA,"8.4805708,-83.5898889997",8.4805708,-83.5898889997,"https://inaturalist-open-data.s3.amazonaws.com/photos/642740191/original.jpg","jpeg","https://www.inaturalist.org/observations/352159580"
"iNaturalist","image","352159580","Lontra annectens","2026-04-22","09:05","Baylorjs",NA,"8.4805708,-83.5898889997",8.4805708,-83.5898889997,"https://inaturalist-open-data.s3.amazonaws.com/photos/642740214/original.jpg","jpeg","https://www.inaturalist.org/observations/352159580"
"iNaturalist","image","352159580","Lontra annectens","2026-04-22","09:05","Baylorjs",NA,"8.4805708,-83.5898889997",8.4805708,-83.5898889997,"https://inaturalist-open-data.s3.amazonaws.com/photos/642740246/original.jpg","jpeg","https://www.inaturalist.org/observations/352159580"
"iNaturalist","image","352143659","Lontra annectens","2026-04-17","06:17","Jorge Campos",NA,"9.55013339,-83.80885061",9.55013339,-83.80885061,"https://static.inaturalist.org/photos/642707436/original.jpg","jpeg","https://www.inaturalist.org/observations/352143659"
"iNaturalist","image","352143659","Lontra annectens","2026-04-17","06:17","Jorge Campos",NA,"9.55013339,-83.80885061",9.55013339,-83.80885061,"https://static.inaturalist.org/photos/642707459/original.jpg","jpeg","https://www.inaturalist.org/observations/352143659"
"iNaturalist","image","352143659","Lontra annectens","2026-04-17","06:17","Jorge Campos",NA,"9.55013339,-83.80885061",9.55013339,-83.80885061,"https://static.inaturalist.org/photos/642707492/original.jpg","jpeg","https://www.inaturalist.org/observations/352143659"
"iNaturalist","image","352143659","Lontra annectens","2026-04-17","06:17","Jorge Campos",NA,"9.55013339,-83.80885061",9.55013339,-83.80885061,"https://static.inaturalist.org/photos/642707516/original.jpg","jpeg","https://www.inaturalist.org/observations/352143659"
"iNaturalist","image","352143659","Lontra annectens","2026-04-17","06:17","Jorge Campos",NA,"9.55013339,-83.80885061",9.55013339,-83.80885061,"https://static.inaturalist.org/photos/642707540/original.jpg","jpeg","https://www.inaturalist.org/observations/352143659"
"iNaturalist","image","352143659","Lontra annectens","2026-04-17","06:17","Jorge Campos",NA,"9.55013339,-83.80885061",9.55013339,-83.80885061,"https://static.inaturalist.org/photos/642707567/original.jpg","jpeg","https://www.inaturalist.org/observations/352143659"
"iNaturalist","image","351875741","Lontra annectens","2026-04-21","19:38","Breden Emil Urquia Uquia",NA,"14.9267441571,-87.989592026",14.9267441571,-87.989592026,"https://inaturalist-open-data.s3.amazonaws.com/photos/642186246/original.jpg","jpeg","https://www.inaturalist.org/observations/351875741"
"iNaturalist","image","350291345","Lontra annectens","2026-03-27","14:55","No Rights Reserved",NA,"8.3767666667,-77.7669366667",8.3767666667,-77.7669366667,"https://inaturalist-open-data.s3.amazonaws.com/photos/639112058/original.jpg","jpeg","https://www.inaturalist.org/observations/350291345"
"iNaturalist","image","350291345","Lontra annectens","2026-03-27","14:55","No Rights Reserved",NA,"8.3767666667,-77.7669366667",8.3767666667,-77.7669366667,"https://inaturalist-open-data.s3.amazonaws.com/photos/639190473/original.jpg","jpeg","https://www.inaturalist.org/observations/350291345"
"iNaturalist","image","349702703","Lontra annectens","2026-04-09","18:57","Daylin Merida",NA,"18.8573366117,-97.1136182919",18.8573366117,-97.1136182919,"https://inaturalist-open-data.s3.amazonaws.com/photos/637967342/original.jpg","jpeg","https://www.inaturalist.org/observations/349702703"
"iNaturalist","image","349136926","Lontra annectens","2026-01-12","13:15","Daniel Marín Zuluaga",NA,"10.431262,-84.003686",10.431262,-84.003686,"https://inaturalist-open-data.s3.amazonaws.com/photos/636843961/original.jpg","jpeg","https://www.inaturalist.org/observations/349136926"
"iNaturalist","image","349136926","Lontra annectens","2026-01-12","13:15","Daniel Marín Zuluaga",NA,"10.431262,-84.003686",10.431262,-84.003686,"https://inaturalist-open-data.s3.amazonaws.com/photos/636843999/original.jpg","jpeg","https://www.inaturalist.org/observations/349136926"
"iNaturalist","image","349136926","Lontra annectens","2026-01-12","13:15","Daniel Marín Zuluaga",NA,"10.431262,-84.003686",10.431262,-84.003686,"https://inaturalist-open-data.s3.amazonaws.com/photos/636844031/original.jpg","jpeg","https://www.inaturalist.org/observations/349136926"
"iNaturalist","image","348995690","Lontra annectens","2014-11-30","14:26","Francisco Jose Gomez Marin",NA,"18.3997038569,-95.0623479141",18.3997038569,-95.0623479141,"https://inaturalist-open-data.s3.amazonaws.com/photos/636574863/original.jpg","jpeg","https://www.inaturalist.org/observations/348995690"
"iNaturalist","image","348995690","Lontra annectens","2014-11-30","14:26","Francisco Jose Gomez Marin",NA,"18.3997038569,-95.0623479141",18.3997038569,-95.0623479141,"https://inaturalist-open-data.s3.amazonaws.com/photos/636576160/original.jpg","jpeg","https://www.inaturalist.org/observations/348995690"
"iNaturalist","image","348995690","Lontra annectens","2014-11-30","14:26","Francisco Jose Gomez Marin",NA,"18.3997038569,-95.0623479141",18.3997038569,-95.0623479141,"https://inaturalist-open-data.s3.amazonaws.com/photos/636576159/original.jpg","jpeg","https://www.inaturalist.org/observations/348995690"
"iNaturalist","image","348995690","Lontra annectens","2014-11-30","14:26","Francisco Jose Gomez Marin",NA,"18.3997038569,-95.0623479141",18.3997038569,-95.0623479141,"https://inaturalist-open-data.s3.amazonaws.com/photos/636576174/original.jpg","jpeg","https://www.inaturalist.org/observations/348995690"
"iNaturalist","image","348995690","Lontra annectens","2014-11-30","14:26","Francisco Jose Gomez Marin",NA,"18.3997038569,-95.0623479141",18.3997038569,-95.0623479141,"https://inaturalist-open-data.s3.amazonaws.com/photos/636576178/original.jpg","jpeg","https://www.inaturalist.org/observations/348995690"
"iNaturalist","image","348995690","Lontra annectens","2014-11-30","14:26","Francisco Jose Gomez Marin",NA,"18.3997038569,-95.0623479141",18.3997038569,-95.0623479141,"https://inaturalist-open-data.s3.amazonaws.com/photos/636576175/original.jpg","jpeg","https://www.inaturalist.org/observations/348995690"
"iNaturalist","image","348995690","Lontra annectens","2014-11-30","14:26","Francisco Jose Gomez Marin",NA,"18.3997038569,-95.0623479141",18.3997038569,-95.0623479141,"https://inaturalist-open-data.s3.amazonaws.com/photos/636576173/original.jpg","jpeg","https://www.inaturalist.org/observations/348995690"
"iNaturalist","image","348995690","Lontra annectens","2014-11-30","14:26","Francisco Jose Gomez Marin",NA,"18.3997038569,-95.0623479141",18.3997038569,-95.0623479141,"https://inaturalist-open-data.s3.amazonaws.com/photos/636576176/original.jpg","jpeg","https://www.inaturalist.org/observations/348995690"
"iNaturalist","image","348995690","Lontra annectens","2014-11-30","14:26","Francisco Jose Gomez Marin",NA,"18.3997038569,-95.0623479141",18.3997038569,-95.0623479141,"https://inaturalist-open-data.s3.amazonaws.com/photos/636576177/original.jpg","jpeg","https://www.inaturalist.org/observations/348995690"
"iNaturalist","image","348118384","Lontra annectens","2024-06-07","00:00","Ari_colindres",NA,"14.6017966667,-90.5281916667",14.6017966667,-90.5281916667,"https://inaturalist-open-data.s3.amazonaws.com/photos/634837301/original.jpg","jpeg","https://www.inaturalist.org/observations/348118384"
"iNaturalist","image","348104096","Lontra annectens",NA,NA,"Adrian Maldonado",NA,"7.1783919719,-73.8676537201",7.1783919719,-73.8676537201,"https://static.inaturalist.org/photos/634809092/original.jpg","jpeg","https://www.inaturalist.org/observations/348104096"
"iNaturalist","image","347729147","Lontra annectens","2024-07-22","16:14","Fundación Biodiversa Agroambiental Sostenible",NA,NA,NA,NA,"https://inaturalist-open-data.s3.amazonaws.com/photos/634069732/original.jpg","jpeg","https://www.inaturalist.org/observations/347729147"
"iNaturalist","image","347607224","Lontra annectens","2026-03-30","17:56","Álvaro Alemany",NA,"10.5270220901,-84.5994109745",10.5270220901,-84.5994109745,"https://inaturalist-open-data.s3.amazonaws.com/photos/633807643/original.jpg","jpeg","https://www.inaturalist.org/observations/347607224"
"iNaturalist","image","347039446","Lontra annectens",NA,NA,"Andres Angulo",NA,"23.9166832635,-106.6226182133",23.9166832635,-106.6226182133,"https://static.inaturalist.org/photos/632697474/original.jpg","jpeg","https://www.inaturalist.org/observations/347039446"
"iNaturalist","image","347039446","Lontra annectens",NA,NA,"Andres Angulo",NA,"23.9166832635,-106.6226182133",23.9166832635,-106.6226182133,"https://static.inaturalist.org/photos/632697517/original.jpg","jpeg","https://www.inaturalist.org/observations/347039446"
"iNaturalist","image","347039446","Lontra annectens",NA,NA,"Andres Angulo",NA,"23.9166832635,-106.6226182133",23.9166832635,-106.6226182133,"https://static.inaturalist.org/photos/632697581/original.jpg","jpeg","https://www.inaturalist.org/observations/347039446"
"iNaturalist","image","347039446","Lontra annectens",NA,NA,"Andres Angulo",NA,"23.9166832635,-106.6226182133",23.9166832635,-106.6226182133,"https://static.inaturalist.org/photos/632697659/original.jpg","jpeg","https://www.inaturalist.org/observations/347039446"
"iNaturalist","image","347039446","Lontra annectens",NA,NA,"Andres Angulo",NA,"23.9166832635,-106.6226182133",23.9166832635,-106.6226182133,"https://static.inaturalist.org/photos/632713548/original.jpg","jpeg","https://www.inaturalist.org/observations/347039446"
"iNaturalist","image","347039446","Lontra annectens",NA,NA,"Andres Angulo",NA,"23.9166832635,-106.6226182133",23.9166832635,-106.6226182133,"https://static.inaturalist.org/photos/632713601/original.jpg","jpeg","https://www.inaturalist.org/observations/347039446"
"iNaturalist","image","346627170","Lontra annectens","2026-02-15","12:11","Brian Long",NA,"21.4256676977,-105.1856469171",21.4256676977,-105.1856469171,"https://inaturalist-open-data.s3.amazonaws.com/photos/631876181/original.jpg","jpeg","https://www.inaturalist.org/observations/346627170"
"iNaturalist","image","346627170","Lontra annectens","2026-02-15","12:11","Brian Long",NA,"21.4256676977,-105.1856469171",21.4256676977,-105.1856469171,"https://inaturalist-open-data.s3.amazonaws.com/photos/631878008/original.jpg","jpeg","https://www.inaturalist.org/observations/346627170"
"iNaturalist","image","346627170","Lontra annectens","2026-02-15","12:11","Brian Long",NA,"21.4256676977,-105.1856469171",21.4256676977,-105.1856469171,"https://inaturalist-open-data.s3.amazonaws.com/photos/631879430/original.jpg","jpeg","https://www.inaturalist.org/observations/346627170"
"iNaturalist","image","346627170","Lontra annectens","2026-02-15","12:11","Brian Long",NA,"21.4256676977,-105.1856469171",21.4256676977,-105.1856469171,"https://inaturalist-open-data.s3.amazonaws.com/photos/631879811/original.jpg","jpeg","https://www.inaturalist.org/observations/346627170"
"iNaturalist","image","346627170","Lontra annectens","2026-02-15","12:11","Brian Long",NA,"21.4256676977,-105.1856469171",21.4256676977,-105.1856469171,"https://inaturalist-open-data.s3.amazonaws.com/photos/631880224/original.jpg","jpeg","https://www.inaturalist.org/observations/346627170"
"iNaturalist","image","346035139","Lontra annectens","2026-02-05","17:23","Muscaria_bm",NA,"19.0803771863,-100.4063331485",19.0803771863,-100.4063331485,"https://inaturalist-open-data.s3.amazonaws.com/photos/630704251/original.jpg","jpeg","https://www.inaturalist.org/observations/346035139"
"iNaturalist","image","345799497","Lontra annectens","2016-09-08","22:03","Niff82",NA,"10.541667,-83.503333",10.541667,-83.503333,"https://inaturalist-open-data.s3.amazonaws.com/photos/630239850/original.jpg","jpeg","https://www.inaturalist.org/observations/345799497"
"iNaturalist","image","345799497","Lontra annectens","2016-09-08","22:03","Niff82",NA,"10.541667,-83.503333",10.541667,-83.503333,"https://inaturalist-open-data.s3.amazonaws.com/photos/630239851/original.jpg","jpeg","https://www.inaturalist.org/observations/345799497"
"iNaturalist","image","345799497","Lontra annectens","2016-09-08","22:03","Niff82",NA,"10.541667,-83.503333",10.541667,-83.503333,"https://inaturalist-open-data.s3.amazonaws.com/photos/630239840/original.jpg","jpeg","https://www.inaturalist.org/observations/345799497"
"iNaturalist","image","345799497","Lontra annectens","2016-09-08","22:03","Niff82",NA,"10.541667,-83.503333",10.541667,-83.503333,"https://inaturalist-open-data.s3.amazonaws.com/photos/630239881/original.jpg","jpeg","https://www.inaturalist.org/observations/345799497"
"iNaturalist","image","345000440","Lontra annectens","2026-03-24","17:46","Stephanie Navas",NA,"-2.1924452206,-79.8794393241",-2.1924452206,-79.8794393241,"https://static.inaturalist.org/photos/628668596/original.jpg","jpeg","https://www.inaturalist.org/observations/345000440"
"iNaturalist","image","344972246","Lontra annectens","2011-08-20","09:17","Philippe Cuénoud",NA,"8.5714518,-80.2781262",8.5714518,-80.2781262,"https://inaturalist-open-data.s3.amazonaws.com/photos/628612583/original.jpg","jpeg","https://www.inaturalist.org/observations/344972246"
"iNaturalist","image","344490775","Lontra annectens","2026-03-22","11:04","Conservación_corner_by_queveri",NA,"9.7560868071,-83.8417453319",9.7560868071,-83.8417453319,"https://inaturalist-open-data.s3.amazonaws.com/photos/627687843/original.jpg","jpeg","https://www.inaturalist.org/observations/344490775"
"iNaturalist","image","344263210","Lontra annectens",NA,NA,"Kevin Guisao",NA,"6.7356128973,-76.0994997248",6.7356128973,-76.0994997248,"https://inaturalist-open-data.s3.amazonaws.com/photos/627240879/original.jpg","jpeg","https://www.inaturalist.org/observations/344263210"
"iNaturalist","image","344263210","Lontra annectens",NA,NA,"Kevin Guisao",NA,"6.7356128973,-76.0994997248",6.7356128973,-76.0994997248,"https://inaturalist-open-data.s3.amazonaws.com/photos/627240920/original.jpg","jpeg","https://www.inaturalist.org/observations/344263210"
"iNaturalist","image","344263210","Lontra annectens",NA,NA,"Kevin Guisao",NA,"6.7356128973,-76.0994997248",6.7356128973,-76.0994997248,"https://inaturalist-open-data.s3.amazonaws.com/photos/627241004/original.jpg","jpeg","https://www.inaturalist.org/observations/344263210"
"iNaturalist","image","344263210","Lontra annectens",NA,NA,"Kevin Guisao",NA,"6.7356128973,-76.0994997248",6.7356128973,-76.0994997248,"https://inaturalist-open-data.s3.amazonaws.com/photos/627241100/original.jpg","jpeg","https://www.inaturalist.org/observations/344263210"
"iNaturalist","image","344263210","Lontra annectens",NA,NA,"Kevin Guisao",NA,"6.7356128973,-76.0994997248",6.7356128973,-76.0994997248,"https://inaturalist-open-data.s3.amazonaws.com/photos/627241158/original.jpg","jpeg","https://www.inaturalist.org/observations/344263210"
"iNaturalist","image","344062134","Lontra annectens","2026-03-20","08:02","Mike Melton",NA,"10.7141821461,-85.0072276701",10.7141821461,-85.0072276701,"https://inaturalist-open-data.s3.amazonaws.com/photos/626850075/original.jpg","jpeg","https://www.inaturalist.org/observations/344062134"
"iNaturalist","image","343749197","Lontra annectens","2026-03-07","12:58","Alex Lamoreaux",NA,"9.5505262016,-83.8086541852",9.5505262016,-83.8086541852,"https://inaturalist-open-data.s3.amazonaws.com/photos/626237866/original.jpg","jpeg","https://www.inaturalist.org/observations/343749197"
"iNaturalist","image","343629068","Lontra annectens","2026-03-16","09:42","Francisco Xavier Delgado Moreno",NA,"15.2843697854,-92.9664765671",15.2843697854,-92.9664765671,"https://inaturalist-open-data.s3.amazonaws.com/photos/625995334/original.jpg","jpeg","https://www.inaturalist.org/observations/343629068"
"iNaturalist","image","343525918","Lontra annectens","2026-03-17","20:06","Michelle Flores Pallaroso",NA,"10.4317586578,-84.0052642824",10.4317586578,-84.0052642824,"https://inaturalist-open-data.s3.amazonaws.com/photos/625783556/original.jpg","jpeg","https://www.inaturalist.org/observations/343525918"
"iNaturalist","image","343403168","Lontra annectens","2026-03-14","06:01","Oliver Komar",NA,"14.935091215,-88.0082063377",14.935091215,-88.0082063377,"https://inaturalist-open-data.s3.amazonaws.com/photos/625535478/original.jpg","jpeg","https://www.inaturalist.org/observations/343403168"
"iNaturalist","image","343403168","Lontra annectens","2026-03-14","06:01","Oliver Komar",NA,"14.935091215,-88.0082063377",14.935091215,-88.0082063377,"https://inaturalist-open-data.s3.amazonaws.com/photos/625535509/original.jpg","jpeg","https://www.inaturalist.org/observations/343403168"
"iNaturalist","image","343331544","Lontra annectens","2026-03-15","09:30","Carter_k",NA,"10.42327,-85.1172861667",10.42327,-85.1172861667,"https://static.inaturalist.org/photos/625388395/original.jpg","jpeg","https://www.inaturalist.org/observations/343331544"
"iNaturalist","image","343253965","Lontra annectens","2023-06-17","16:40","Jaco Stasso",NA,"9.9687094147,-83.9768243951",9.9687094147,-83.9768243951,"https://inaturalist-open-data.s3.amazonaws.com/photos/625231112/original.jpg","jpeg","https://www.inaturalist.org/observations/343253965"
"iNaturalist","image","343149488","Lontra annectens","2026-03-14","06:01","Jorge Diaz",NA,"14.9360107197,-88.0085431763",14.9360107197,-88.0085431763,"https://static.inaturalist.org/photos/625013920/original.jpg","jpeg","https://www.inaturalist.org/observations/343149488"
"iNaturalist","image","343108567","Lontra annectens","2026-03-15","05:59","João Sousa",NA,"8.4800366667,-83.596895",8.4800366667,-83.596895,"https://static.inaturalist.org/photos/624935621/original.jpg","jpeg","https://www.inaturalist.org/observations/343108567"
"iNaturalist","image","343108567","Lontra annectens","2026-03-15","05:59","João Sousa",NA,"8.4800366667,-83.596895",8.4800366667,-83.596895,"https://static.inaturalist.org/photos/629929892/original.jpg","jpeg","https://www.inaturalist.org/observations/343108567"
"iNaturalist","image","343108567","Lontra annectens","2026-03-15","05:59","João Sousa",NA,"8.4800366667,-83.596895",8.4800366667,-83.596895,"https://static.inaturalist.org/photos/629929902/original.jpg","jpeg","https://www.inaturalist.org/observations/343108567"
"iNaturalist","image","342578967","Lontra annectens","2026-03-07","14:39","Jonaluna",NA,"2.1808621596,-75.6691530347",2.1808621596,-75.6691530347,"https://static.inaturalist.org/photos/623885709/original.jpg","jpeg","https://www.inaturalist.org/observations/342578967"
"iNaturalist","image","342578967","Lontra annectens","2026-03-07","14:39","Jonaluna",NA,"2.1808621596,-75.6691530347",2.1808621596,-75.6691530347,"https://static.inaturalist.org/photos/623885749/original.jpg","jpeg","https://www.inaturalist.org/observations/342578967"
"iNaturalist","image","342578967","Lontra annectens","2026-03-07","14:39","Jonaluna",NA,"2.1808621596,-75.6691530347",2.1808621596,-75.6691530347,"https://static.inaturalist.org/photos/623885787/original.jpg","jpeg","https://www.inaturalist.org/observations/342578967"
"iNaturalist","image","342578866","Lontra annectens","2026-02-06","09:58","Jonaluna",NA,"2.1652572338,-75.7244524732",2.1652572338,-75.7244524732,"https://static.inaturalist.org/photos/623885474/original.jpg","jpeg","https://www.inaturalist.org/observations/342578866"
"iNaturalist","image","342578866","Lontra annectens","2026-02-06","09:58","Jonaluna",NA,"2.1652572338,-75.7244524732",2.1652572338,-75.7244524732,"https://static.inaturalist.org/photos/623885499/original.jpg","jpeg","https://www.inaturalist.org/observations/342578866"
"iNaturalist","image","342578866","Lontra annectens","2026-02-06","09:58","Jonaluna",NA,"2.1652572338,-75.7244524732",2.1652572338,-75.7244524732,"https://static.inaturalist.org/photos/623885528/original.jpg","jpeg","https://www.inaturalist.org/observations/342578866"
"iNaturalist","image","342578754","Lontra annectens","2026-01-11","17:00","Jonaluna",NA,"2.171883576,-75.678755343",2.171883576,-75.678755343,"https://static.inaturalist.org/photos/623885216/original.jpg","jpeg","https://www.inaturalist.org/observations/342578754"
"iNaturalist","image","342578754","Lontra annectens","2026-01-11","17:00","Jonaluna",NA,"2.171883576,-75.678755343",2.171883576,-75.678755343,"https://static.inaturalist.org/photos/623885240/original.jpg","jpeg","https://www.inaturalist.org/observations/342578754"
"iNaturalist","image","342578754","Lontra annectens","2026-01-11","17:00","Jonaluna",NA,"2.171883576,-75.678755343",2.171883576,-75.678755343,"https://static.inaturalist.org/photos/623885336/original.jpg","jpeg","https://www.inaturalist.org/observations/342578754"
"iNaturalist","image","342578754","Lontra annectens","2026-01-11","17:00","Jonaluna",NA,"2.171883576,-75.678755343",2.171883576,-75.678755343,"https://static.inaturalist.org/photos/623885368/original.jpg","jpeg","https://www.inaturalist.org/observations/342578754"
"iNaturalist","image","342578754","Lontra annectens","2026-01-11","17:00","Jonaluna",NA,"2.171883576,-75.678755343",2.171883576,-75.678755343,"https://static.inaturalist.org/photos/623885405/original.jpg","jpeg","https://www.inaturalist.org/observations/342578754"
"iNaturalist","image","342578754","Lontra annectens","2026-01-11","17:00","Jonaluna",NA,"2.171883576,-75.678755343",2.171883576,-75.678755343,"https://static.inaturalist.org/photos/623885430/original.jpg","jpeg","https://www.inaturalist.org/observations/342578754"
"iNaturalist","image","341995362","Lontra annectens","2026-03-01","13:02","Vkbiol",NA,"17.8878706863,-94.5959197481",17.8878706863,-94.5959197481,"https://inaturalist-open-data.s3.amazonaws.com/photos/622702584/original.jpg","jpeg","https://www.inaturalist.org/observations/341995362"
"iNaturalist","image","341722552","Lontra annectens","2024-07-24","06:10","Paulare",NA,"10.5402225997,-83.5039325997",10.5402225997,-83.5039325997,"https://inaturalist-open-data.s3.amazonaws.com/photos/622146236/original.jpg","jpeg","https://www.inaturalist.org/observations/341722552"
"iNaturalist","image","341722552","Lontra annectens","2024-07-24","06:10","Paulare",NA,"10.5402225997,-83.5039325997",10.5402225997,-83.5039325997,"https://inaturalist-open-data.s3.amazonaws.com/photos/622146381/original.jpg","jpeg","https://www.inaturalist.org/observations/341722552"
"iNaturalist","image","341722552","Lontra annectens","2024-07-24","06:10","Paulare",NA,"10.5402225997,-83.5039325997",10.5402225997,-83.5039325997,"https://inaturalist-open-data.s3.amazonaws.com/photos/622146400/original.jpg","jpeg","https://www.inaturalist.org/observations/341722552"
"iNaturalist","image","341390243","Lontra annectens","2026-02-28","16:45","Alan Tonatiu Chávez Camacho",NA,"21.4806413364,-104.8573625833",21.4806413364,-104.8573625833,"https://inaturalist-open-data.s3.amazonaws.com/photos/621474171/original.jpg","jpeg","https://www.inaturalist.org/observations/341390243"
"iNaturalist","image","340997192","Lontra annectens","2026-02-19","08:42","Annabelle",NA,"8.5664641187,-83.5155612153",8.5664641187,-83.5155612153,"https://inaturalist-open-data.s3.amazonaws.com/photos/620660597/original.jpg","jpeg","https://www.inaturalist.org/observations/340997192"
"iNaturalist","image","340947938","Lontra annectens","2026-01-09","17:59","Jmole",NA,"9.8590764052,-83.6572882158",9.8590764052,-83.6572882158,"https://inaturalist-open-data.s3.amazonaws.com/photos/620558926/original.jpg","jpeg","https://www.inaturalist.org/observations/340947938"
"iNaturalist","image","340947938","Lontra annectens","2026-01-09","17:59","Jmole",NA,"9.8590764052,-83.6572882158",9.8590764052,-83.6572882158,"https://inaturalist-open-data.s3.amazonaws.com/photos/620558936/original.jpg","jpeg","https://www.inaturalist.org/observations/340947938"
"iNaturalist","image","340947938","Lontra annectens","2026-01-09","17:59","Jmole",NA,"9.8590764052,-83.6572882158",9.8590764052,-83.6572882158,"https://inaturalist-open-data.s3.amazonaws.com/photos/620558937/original.jpg","jpeg","https://www.inaturalist.org/observations/340947938"
"iNaturalist","image","340947938","Lontra annectens","2026-01-09","17:59","Jmole",NA,"9.8590764052,-83.6572882158",9.8590764052,-83.6572882158,"https://inaturalist-open-data.s3.amazonaws.com/photos/620558939/original.jpg","jpeg","https://www.inaturalist.org/observations/340947938"
"iNaturalist","image","340947938","Lontra annectens","2026-01-09","17:59","Jmole",NA,"9.8590764052,-83.6572882158",9.8590764052,-83.6572882158,"https://inaturalist-open-data.s3.amazonaws.com/photos/620558924/original.jpg","jpeg","https://www.inaturalist.org/observations/340947938"
"iNaturalist","image","340947938","Lontra annectens","2026-01-09","17:59","Jmole",NA,"9.8590764052,-83.6572882158",9.8590764052,-83.6572882158,"https://inaturalist-open-data.s3.amazonaws.com/photos/620558925/original.jpg","jpeg","https://www.inaturalist.org/observations/340947938"
"iNaturalist","image","340734136","Lontra annectens","2026-01-15","11:02","Yichen_g",NA,"9.218695,-79.4248583333",9.218695,-79.4248583333,"https://inaturalist-open-data.s3.amazonaws.com/photos/620125193/original.jpg","jpeg","https://www.inaturalist.org/observations/340734136"
"iNaturalist","image","340596368","Lontra annectens","2026-02-16","16:14","Kathythornton",NA,"10.4825551714,-84.4989928231",10.4825551714,-84.4989928231,"https://inaturalist-open-data.s3.amazonaws.com/photos/619844898/original.jpg","jpeg","https://www.inaturalist.org/observations/340596368"
"iNaturalist","image","339768584","Lontra annectens","2026-02-08","09:07","Holly Coates",NA,"17.7571333333,-96.3178033333",17.7571333333,-96.3178033333,"https://inaturalist-open-data.s3.amazonaws.com/photos/618155091/original.jpg","jpeg","https://www.inaturalist.org/observations/339768584"
"iNaturalist","image","339768584","Lontra annectens","2026-02-08","09:07","Holly Coates",NA,"17.7571333333,-96.3178033333",17.7571333333,-96.3178033333,"https://inaturalist-open-data.s3.amazonaws.com/photos/618155092/original.jpg","jpeg","https://www.inaturalist.org/observations/339768584"
"iNaturalist","image","339216909","Lontra annectens","2026-02-12","17:28","Andres Angulo",NA,"23.9207720546,-106.6206474602",23.9207720546,-106.6206474602,"https://static.inaturalist.org/photos/617031071/original.jpg","jpeg","https://www.inaturalist.org/observations/339216909"
"iNaturalist","image","339216909","Lontra annectens","2026-02-12","17:28","Andres Angulo",NA,"23.9207720546,-106.6206474602",23.9207720546,-106.6206474602,"https://static.inaturalist.org/photos/617031101/original.jpg","jpeg","https://www.inaturalist.org/observations/339216909"
"iNaturalist","image","339216909","Lontra annectens","2026-02-12","17:28","Andres Angulo",NA,"23.9207720546,-106.6206474602",23.9207720546,-106.6206474602,"https://static.inaturalist.org/photos/617031128/original.jpg","jpeg","https://www.inaturalist.org/observations/339216909"
"iNaturalist","image","339216909","Lontra annectens","2026-02-12","17:28","Andres Angulo",NA,"23.9207720546,-106.6206474602",23.9207720546,-106.6206474602,"https://static.inaturalist.org/photos/617031155/original.jpg","jpeg","https://www.inaturalist.org/observations/339216909"
"iNaturalist","image","339214938","Lontra annectens","2005-01-06","13:01","Henry Fabian",NA,"10.4216613863,-83.5797246266",10.4216613863,-83.5797246266,"https://static.inaturalist.org/photos/617027560/original.jpg","jpeg","https://www.inaturalist.org/observations/339214938"
"iNaturalist","image","339214938","Lontra annectens","2005-01-06","13:01","Henry Fabian",NA,"10.4216613863,-83.5797246266",10.4216613863,-83.5797246266,"https://static.inaturalist.org/photos/617027719/original.jpg","jpeg","https://www.inaturalist.org/observations/339214938"
"iNaturalist","image","338832002","Lontra annectens","2026-02-15","12:09","Reximiliano",NA,"20.6861396553,-103.8431658535",20.6861396553,-103.8431658535,"https://inaturalist-open-data.s3.amazonaws.com/photos/616264325/original.jpg","jpeg","https://www.inaturalist.org/observations/338832002"
"iNaturalist","image","338832002","Lontra annectens","2026-02-15","12:09","Reximiliano",NA,"20.6861396553,-103.8431658535",20.6861396553,-103.8431658535,"https://inaturalist-open-data.s3.amazonaws.com/photos/616264304/original.jpg","jpeg","https://www.inaturalist.org/observations/338832002"
"iNaturalist","image","338832002","Lontra annectens","2026-02-15","12:09","Reximiliano",NA,"20.6861396553,-103.8431658535",20.6861396553,-103.8431658535,"https://inaturalist-open-data.s3.amazonaws.com/photos/616264339/original.jpg","jpeg","https://www.inaturalist.org/observations/338832002"
"iNaturalist","image","338832002","Lontra annectens","2026-02-15","12:09","Reximiliano",NA,"20.6861396553,-103.8431658535",20.6861396553,-103.8431658535,"https://inaturalist-open-data.s3.amazonaws.com/photos/616264354/original.jpg","jpeg","https://www.inaturalist.org/observations/338832002"
"iNaturalist","image","337956385","Lontra annectens","2026-02-08","17:43","Andres Angulo",NA,"23.9202801561,-106.6186730191",23.9202801561,-106.6186730191,"https://static.inaturalist.org/photos/614484379/original.jpg","jpeg","https://www.inaturalist.org/observations/337956385"
"iNaturalist","image","337956385","Lontra annectens","2026-02-08","17:43","Andres Angulo",NA,"23.9202801561,-106.6186730191",23.9202801561,-106.6186730191,"https://static.inaturalist.org/photos/614484885/original.jpg","jpeg","https://www.inaturalist.org/observations/337956385"
"iNaturalist","image","337956385","Lontra annectens","2026-02-08","17:43","Andres Angulo",NA,"23.9202801561,-106.6186730191",23.9202801561,-106.6186730191,"https://static.inaturalist.org/photos/614484438/original.jpg","jpeg","https://www.inaturalist.org/observations/337956385"
"iNaturalist","image","337956385","Lontra annectens","2026-02-08","17:43","Andres Angulo",NA,"23.9202801561,-106.6186730191",23.9202801561,-106.6186730191,"https://static.inaturalist.org/photos/614484466/original.jpg","jpeg","https://www.inaturalist.org/observations/337956385"
"iNaturalist","image","337956385","Lontra annectens","2026-02-08","17:43","Andres Angulo",NA,"23.9202801561,-106.6186730191",23.9202801561,-106.6186730191,"https://static.inaturalist.org/photos/614484507/original.jpg","jpeg","https://www.inaturalist.org/observations/337956385"
"iNaturalist","image","337956385","Lontra annectens","2026-02-08","17:43","Andres Angulo",NA,"23.9202801561,-106.6186730191",23.9202801561,-106.6186730191,"https://static.inaturalist.org/photos/614484921/original.jpg","jpeg","https://www.inaturalist.org/observations/337956385"
"iNaturalist","image","337956385","Lontra annectens","2026-02-08","17:43","Andres Angulo",NA,"23.9202801561,-106.6186730191",23.9202801561,-106.6186730191,"https://static.inaturalist.org/photos/614484981/original.jpg","jpeg","https://www.inaturalist.org/observations/337956385"
"iNaturalist","image","337627898","Lontra annectens","2026-02-06","17:36","Ezequiel Trujillo",NA,"15.7300107425,-96.7464590818",15.7300107425,-96.7464590818,"https://inaturalist-open-data.s3.amazonaws.com/photos/613812112/original.jpg","jpeg","https://www.inaturalist.org/observations/337627898"
"iNaturalist","image","337627898","Lontra annectens","2026-02-06","17:36","Ezequiel Trujillo",NA,"15.7300107425,-96.7464590818",15.7300107425,-96.7464590818,"https://inaturalist-open-data.s3.amazonaws.com/photos/613812184/original.jpg","jpeg","https://www.inaturalist.org/observations/337627898"
"iNaturalist","image","337613273","Lontra annectens","2026-02-05","14:41","Alicia Bastarrachea",NA,"17.7938424031,-92.0110304654",17.7938424031,-92.0110304654,"https://inaturalist-open-data.s3.amazonaws.com/photos/613781560/original.jpg","jpeg","https://www.inaturalist.org/observations/337613273"
"iNaturalist","image","337609728","Lontra annectens","2026-02-06","17:38","Horeb Trujillo",NA,"15.7300262331,-96.7463960499",15.7300262331,-96.7463960499,"https://static.inaturalist.org/photos/613773690/original.jpg","jpeg","https://www.inaturalist.org/observations/337609728"
"iNaturalist","image","337609728","Lontra annectens","2026-02-06","17:38","Horeb Trujillo",NA,"15.7300262331,-96.7463960499",15.7300262331,-96.7463960499,"https://static.inaturalist.org/photos/613773713/original.jpg","jpeg","https://www.inaturalist.org/observations/337609728"
"iNaturalist","image","337609598","Lontra annectens","2026-02-06","17:36","Horeb Trujillo",NA,"15.7299771796,-96.7462089658",15.7299771796,-96.7462089658,"https://static.inaturalist.org/photos/613773324/original.jpg","jpeg","https://www.inaturalist.org/observations/337609598"
"iNaturalist","image","337476167","Lontra annectens","2022-01-15","06:02","Josh Van Der Meulen",NA,"3.8804183238,-76.3490204118",3.8804183238,-76.3490204118,"https://inaturalist-open-data.s3.amazonaws.com/photos/613499450/original.jpg","jpeg","https://www.inaturalist.org/observations/337476167"
"iNaturalist","image","336646024","Lontra annectens","2026-01-29","12:01","Jorge Francisco Sosa Alejandre",NA,"22.2462848013,-97.9394554942",22.2462848013,-97.9394554942,"https://inaturalist-open-data.s3.amazonaws.com/photos/611800108/original.jpg","jpeg","https://www.inaturalist.org/observations/336646024"
"iNaturalist","image","336646024","Lontra annectens","2026-01-29","12:01","Jorge Francisco Sosa Alejandre",NA,"22.2462848013,-97.9394554942",22.2462848013,-97.9394554942,"https://inaturalist-open-data.s3.amazonaws.com/photos/611800107/original.jpg","jpeg","https://www.inaturalist.org/observations/336646024"
"iNaturalist","image","336624284","Lontra annectens",NA,NA,"Maria Alejandra Maya Alvarez",NA,"8.4271735151,-76.7876781151",8.4271735151,-76.7876781151,"https://static.inaturalist.org/photos/611758603/original.jpg","jpeg","https://www.inaturalist.org/observations/336624284"
"iNaturalist","image","336624284","Lontra annectens",NA,NA,"Maria Alejandra Maya Alvarez",NA,"8.4271735151,-76.7876781151",8.4271735151,-76.7876781151,"https://static.inaturalist.org/photos/611758623/original.jpg","jpeg","https://www.inaturalist.org/observations/336624284"
"iNaturalist","image","336624284","Lontra annectens",NA,NA,"Maria Alejandra Maya Alvarez",NA,"8.4271735151,-76.7876781151",8.4271735151,-76.7876781151,"https://static.inaturalist.org/photos/611758644/original.jpg","jpeg","https://www.inaturalist.org/observations/336624284"
"iNaturalist","image","336624284","Lontra annectens",NA,NA,"Maria Alejandra Maya Alvarez",NA,"8.4271735151,-76.7876781151",8.4271735151,-76.7876781151,"https://static.inaturalist.org/photos/611758670/original.jpg","jpeg","https://www.inaturalist.org/observations/336624284"
"iNaturalist","image","336507603","Lontra annectens","2026-01-28","15:22","Fundación Biosur",NA,"8.5137189,-83.3511307",8.5137189,-83.3511307,"https://static.inaturalist.org/photos/611516067/original.jpg","jpeg","https://www.inaturalist.org/observations/336507603"
"iNaturalist","image","336507602","Lontra annectens","2026-01-28","15:22","Fundación Biosur",NA,"8.5137189,-83.3511307",8.5137189,-83.3511307,"https://static.inaturalist.org/photos/611516059/original.jpg","jpeg","https://www.inaturalist.org/observations/336507602"
"iNaturalist","image","336507601","Lontra annectens","2026-01-28","15:22","Fundación Biosur",NA,"8.5137189,-83.3511307",8.5137189,-83.3511307,"https://static.inaturalist.org/photos/611516056/original.jpg","jpeg","https://www.inaturalist.org/observations/336507601"
"iNaturalist","image","336410730","Lontra annectens","2026-01-11","09:16","Ginna Shirley Martinez Buitrago",NA,"6.209325,-74.7555166667",6.209325,-74.7555166667,"https://inaturalist-open-data.s3.amazonaws.com/photos/611322796/original.jpg","jpeg","https://www.inaturalist.org/observations/336410730"
"iNaturalist","image","336410730","Lontra annectens","2026-01-11","09:16","Ginna Shirley Martinez Buitrago",NA,"6.209325,-74.7555166667",6.209325,-74.7555166667,"https://inaturalist-open-data.s3.amazonaws.com/photos/611322818/original.jpg","jpeg","https://www.inaturalist.org/observations/336410730"
"iNaturalist","image","336407308","Lontra annectens","2022-02-18","22:12","Alfonso Auerbach",NA,"15.8013990985,-84.7249526118",15.8013990985,-84.7249526118,"https://inaturalist-open-data.s3.amazonaws.com/photos/611315454/original.jpg","jpeg","https://www.inaturalist.org/observations/336407308"
"iNaturalist","image","336030286","Lontra annectens","2026-01-24","12:10","Guardian De La Naturaleza",NA,"20.1454188922,-97.4486003816",20.1454188922,-97.4486003816,"https://inaturalist-open-data.s3.amazonaws.com/photos/610561247/original.jpg","jpeg","https://www.inaturalist.org/observations/336030286"
"iNaturalist","image","336030286","Lontra annectens","2026-01-24","12:10","Guardian De La Naturaleza",NA,"20.1454188922,-97.4486003816",20.1454188922,-97.4486003816,"https://inaturalist-open-data.s3.amazonaws.com/photos/610561265/original.jpg","jpeg","https://www.inaturalist.org/observations/336030286"
"iNaturalist","image","336030286","Lontra annectens","2026-01-24","12:10","Guardian De La Naturaleza",NA,"20.1454188922,-97.4486003816",20.1454188922,-97.4486003816,"https://inaturalist-open-data.s3.amazonaws.com/photos/610561275/original.jpg","jpeg","https://www.inaturalist.org/observations/336030286"
"iNaturalist","image","335988944","Lontra annectens","2026-01-24","08:54","Diana_shang",NA,"8.4303883333,-77.64187",8.4303883333,-77.64187,"https://inaturalist-open-data.s3.amazonaws.com/photos/629187023/original.jpg","jpeg","https://www.inaturalist.org/observations/335988944"
"iNaturalist","image","335963642","Lontra annectens","2025-11-13","16:57","Lkjohnson1",NA,"15.80478,-96.05284",15.80478,-96.05284,"https://inaturalist-open-data.s3.amazonaws.com/photos/610417697/original.jpg","jpeg","https://www.inaturalist.org/observations/335963642"
"iNaturalist","image","335963642","Lontra annectens","2025-11-13","16:57","Lkjohnson1",NA,"15.80478,-96.05284",15.80478,-96.05284,"https://inaturalist-open-data.s3.amazonaws.com/photos/610417704/original.jpg","jpeg","https://www.inaturalist.org/observations/335963642"
"iNaturalist","image","335963642","Lontra annectens","2025-11-13","16:57","Lkjohnson1",NA,"15.80478,-96.05284",15.80478,-96.05284,"https://inaturalist-open-data.s3.amazonaws.com/photos/610417702/original.jpg","jpeg","https://www.inaturalist.org/observations/335963642"
"iNaturalist","image","335845020","Lontra annectens","2026-01-23","12:15","Laura Giraldo",NA,"6.179348594,-75.0057264045",6.179348594,-75.0057264045,"https://inaturalist-open-data.s3.amazonaws.com/photos/610193073/original.jpg","jpeg","https://www.inaturalist.org/observations/335845020"
"iNaturalist","image","335770955","Lontra annectens",NA,NA,"José Pérez",NA,"8.4752172169,-80.271217525",8.4752172169,-80.271217525,"https://static.inaturalist.org/photos/610042670/original.jpg","jpeg","https://www.inaturalist.org/observations/335770955"
"iNaturalist","image","335770955","Lontra annectens",NA,NA,"José Pérez",NA,"8.4752172169,-80.271217525",8.4752172169,-80.271217525,"https://static.inaturalist.org/photos/610042701/original.jpg","jpeg","https://www.inaturalist.org/observations/335770955"
"iNaturalist","image","335677429","Lontra annectens","2025-12-21","11:42","Oliver Komar",NA,"14.8584222717,-87.9552453577",14.8584222717,-87.9552453577,"https://inaturalist-open-data.s3.amazonaws.com/photos/609847401/original.jpg","jpeg","https://www.inaturalist.org/observations/335677429"
"iNaturalist","image","335630118","Lontra annectens","2026-01-21","13:10","Stephanie Navas",NA,"-2.1074212041,-79.9811083667",-2.1074212041,-79.9811083667,"https://static.inaturalist.org/photos/609757012/original.jpg","jpeg","https://www.inaturalist.org/observations/335630118"
"iNaturalist","image","335630118","Lontra annectens","2026-01-21","13:10","Stephanie Navas",NA,"-2.1074212041,-79.9811083667",-2.1074212041,-79.9811083667,"https://static.inaturalist.org/photos/609757033/original.jpg","jpeg","https://www.inaturalist.org/observations/335630118"
"iNaturalist","image","335630118","Lontra annectens","2026-01-21","13:10","Stephanie Navas",NA,"-2.1074212041,-79.9811083667",-2.1074212041,-79.9811083667,"https://static.inaturalist.org/photos/609757049/original.jpg","jpeg","https://www.inaturalist.org/observations/335630118"
"iNaturalist","image","335630118","Lontra annectens","2026-01-21","13:10","Stephanie Navas",NA,"-2.1074212041,-79.9811083667",-2.1074212041,-79.9811083667,"https://static.inaturalist.org/photos/609757552/original.jpg","jpeg","https://www.inaturalist.org/observations/335630118"
"iNaturalist","image","335630118","Lontra annectens","2026-01-21","13:10","Stephanie Navas",NA,"-2.1074212041,-79.9811083667",-2.1074212041,-79.9811083667,"https://static.inaturalist.org/photos/609757590/original.jpg","jpeg","https://www.inaturalist.org/observations/335630118"
"iNaturalist","image","335630118","Lontra annectens","2026-01-21","13:10","Stephanie Navas",NA,"-2.1074212041,-79.9811083667",-2.1074212041,-79.9811083667,"https://static.inaturalist.org/photos/609915048/original.jpg","jpeg","https://www.inaturalist.org/observations/335630118"
"iNaturalist","image","335630118","Lontra annectens","2026-01-21","13:10","Stephanie Navas",NA,"-2.1074212041,-79.9811083667",-2.1074212041,-79.9811083667,"https://static.inaturalist.org/photos/609915062/original.jpg","jpeg","https://www.inaturalist.org/observations/335630118"
"iNaturalist","image","335630118","Lontra annectens","2026-01-21","13:10","Stephanie Navas",NA,"-2.1074212041,-79.9811083667",-2.1074212041,-79.9811083667,"https://static.inaturalist.org/photos/609915071/original.jpg","jpeg","https://www.inaturalist.org/observations/335630118"
"iNaturalist","image","335630118","Lontra annectens","2026-01-21","13:10","Stephanie Navas",NA,"-2.1074212041,-79.9811083667",-2.1074212041,-79.9811083667,"https://static.inaturalist.org/photos/609915086/original.jpg","jpeg","https://www.inaturalist.org/observations/335630118"
"iNaturalist","image","335313590","Lontra annectens","2025-01-24","08:09","José Miguel",NA,"17.8907817939,-95.7298079878",17.8907817939,-95.7298079878,"https://inaturalist-open-data.s3.amazonaws.com/photos/609119917/original.jpg","jpeg","https://www.inaturalist.org/observations/335313590"
"iNaturalist","image","335313590","Lontra annectens","2025-01-24","08:09","José Miguel",NA,"17.8907817939,-95.7298079878",17.8907817939,-95.7298079878,"https://inaturalist-open-data.s3.amazonaws.com/photos/609119934/original.jpg","jpeg","https://www.inaturalist.org/observations/335313590"
"iNaturalist","image","335313590","Lontra annectens","2025-01-24","08:09","José Miguel",NA,"17.8907817939,-95.7298079878",17.8907817939,-95.7298079878,"https://inaturalist-open-data.s3.amazonaws.com/photos/609119948/original.jpg","jpeg","https://www.inaturalist.org/observations/335313590"
"iNaturalist","image","335264512","Lontra annectens","2026-01-16","06:14","Alana Becker",NA,"8.6570333333,-83.2564166667",8.6570333333,-83.2564166667,"https://inaturalist-open-data.s3.amazonaws.com/photos/609020352/original.jpg","jpeg","https://www.inaturalist.org/observations/335264512"
"iNaturalist","image","335264512","Lontra annectens","2026-01-16","06:14","Alana Becker",NA,"8.6570333333,-83.2564166667",8.6570333333,-83.2564166667,"https://inaturalist-open-data.s3.amazonaws.com/photos/609020390/original.jpg","jpeg","https://www.inaturalist.org/observations/335264512"
"iNaturalist","image","335264512","Lontra annectens","2026-01-16","06:14","Alana Becker",NA,"8.6570333333,-83.2564166667",8.6570333333,-83.2564166667,"https://inaturalist-open-data.s3.amazonaws.com/photos/609020436/original.jpg","jpeg","https://www.inaturalist.org/observations/335264512"
"iNaturalist","image","335035616","Lontra annectens","2026-01-16","09:26","Juan Manuel Carmona",NA,"19.0360119106,-95.9721710533",19.0360119106,-95.9721710533,"https://inaturalist-open-data.s3.amazonaws.com/photos/608562035/original.jpg","jpeg","https://www.inaturalist.org/observations/335035616"
"iNaturalist","image","335035162","Lontra annectens","2025-12-28","11:41","Scott Olmstead",NA,"17.8144819642,-96.2168074309",17.8144819642,-96.2168074309,"https://static.inaturalist.org/photos/608560511/original.jpg","jpeg","https://www.inaturalist.org/observations/335035162"
"iNaturalist","image","335005753","Lontra annectens","2026-01-16","18:19","Dalizcasablanca",NA,"8.457883422,-83.327886963",8.457883422,-83.327886963,"https://inaturalist-open-data.s3.amazonaws.com/photos/608499487/original.jpg","jpeg","https://www.inaturalist.org/observations/335005753"
"iNaturalist","image","334897233","Lontra annectens","2026-01-12","07:38","Alexander Travia",NA,"10.4427413094,-83.7878539724",10.4427413094,-83.7878539724,"https://inaturalist-open-data.s3.amazonaws.com/photos/608273605/original.jpg","jpeg","https://www.inaturalist.org/observations/334897233"
"iNaturalist","image","334125635","Lontra annectens","2026-01-08","09:02","Edgar Antonio Ortega Lozada",NA,"18.4158997616,-95.1096638337",18.4158997616,-95.1096638337,"https://inaturalist-open-data.s3.amazonaws.com/photos/606660192/original.jpg","jpeg","https://www.inaturalist.org/observations/334125635"
"iNaturalist","image","334103896","Lontra annectens","2026-01-09","11:38","Jpmy13",NA,"-2.0977916667,-79.8752216667",-2.0977916667,-79.8752216667,"https://inaturalist-open-data.s3.amazonaws.com/photos/606657925/original.jpg","jpeg","https://www.inaturalist.org/observations/334103896"
"iNaturalist","image","333931211","Lontra annectens","2026-01-07","20:04","Nico Grbeša",NA,"8.7014330639,-83.2019499689",8.7014330639,-83.2019499689,"https://static.inaturalist.org/photos/606311906/original.jpg","jpeg","https://www.inaturalist.org/observations/333931211"
"iNaturalist","image","333931211","Lontra annectens","2026-01-07","20:04","Nico Grbeša",NA,"8.7014330639,-83.2019499689",8.7014330639,-83.2019499689,"https://static.inaturalist.org/photos/606311918/original.jpg","jpeg","https://www.inaturalist.org/observations/333931211"
"iNaturalist","image","333758949","Lontra annectens","2024-02-19","17:54","Javi Sola",NA,"10.4310996485,-84.0049456805",10.4310996485,-84.0049456805,"https://static.inaturalist.org/photos/605954304/original.jpg","jpeg","https://www.inaturalist.org/observations/333758949"
"iNaturalist","image","333758949","Lontra annectens","2024-02-19","17:54","Javi Sola",NA,"10.4310996485,-84.0049456805",10.4310996485,-84.0049456805,"https://static.inaturalist.org/photos/605953256/original.jpg","jpeg","https://www.inaturalist.org/observations/333758949"
"iNaturalist","image","333733599","Lontra annectens","2026-01-05","17:36","Treesacrowdpodcast",NA,"-2.1961206243,-79.9184878961",-2.1961206243,-79.9184878961,"https://inaturalist-open-data.s3.amazonaws.com/photos/605904226/original.jpg","jpeg","https://www.inaturalist.org/observations/333733599"
"iNaturalist","image","333669959","Lontra annectens","2026-01-05","16:25","Clément Aubert",NA,"15.8389612997,-87.6127625",15.8389612997,-87.6127625,"https://inaturalist-open-data.s3.amazonaws.com/photos/606960675/original.jpg","jpeg","https://www.inaturalist.org/observations/333669959"
"iNaturalist","image","333520500","Lontra annectens","2026-01-04","16:02","Jan Axel Cubilla Rodríguez",NA,"9.0303720339,-79.4198417393",9.0303720339,-79.4198417393,"https://static.inaturalist.org/photos/605521863/original.jpg","jpeg","https://www.inaturalist.org/observations/333520500"
"iNaturalist","image","333318936","Lontra annectens","2026-01-03","07:35","Katia Cordero Obregón",NA,"8.45130765,-83.2880957194",8.45130765,-83.2880957194,"https://static.inaturalist.org/photos/605113787/original.jpg","jpeg","https://www.inaturalist.org/observations/333318936"
"iNaturalist","image","333318936","Lontra annectens","2026-01-03","07:35","Katia Cordero Obregón",NA,"8.45130765,-83.2880957194",8.45130765,-83.2880957194,"https://static.inaturalist.org/photos/605113844/original.jpg","jpeg","https://www.inaturalist.org/observations/333318936"
"iNaturalist","image","333318936","Lontra annectens","2026-01-03","07:35","Katia Cordero Obregón",NA,"8.45130765,-83.2880957194",8.45130765,-83.2880957194,"https://static.inaturalist.org/photos/605114085/original.jpg","jpeg","https://www.inaturalist.org/observations/333318936"
"iNaturalist","image","333318936","Lontra annectens","2026-01-03","07:35","Katia Cordero Obregón",NA,"8.45130765,-83.2880957194",8.45130765,-83.2880957194,"https://static.inaturalist.org/photos/605114224/original.jpg","jpeg","https://www.inaturalist.org/observations/333318936"
"iNaturalist","image","333318936","Lontra annectens","2026-01-03","07:35","Katia Cordero Obregón",NA,"8.45130765,-83.2880957194",8.45130765,-83.2880957194,"https://static.inaturalist.org/photos/605114256/original.jpg","jpeg","https://www.inaturalist.org/observations/333318936"
"iNaturalist","image","332933539","Lontra annectens","2025-12-28","11:42","Rich Hoyer",NA,"17.8148111111,-96.2173305556",17.8148111111,-96.2173305556,"https://inaturalist-open-data.s3.amazonaws.com/photos/604329913/original.jpg","jpeg","https://www.inaturalist.org/observations/332933539"
"iNaturalist","image","332721105","Lontra annectens","2025-08-17","12:32","Max_hof_mann",NA,"6.1087226709,-77.4142169937",6.1087226709,-77.4142169937,"https://inaturalist-open-data.s3.amazonaws.com/photos/603889701/original.jpg","jpeg","https://www.inaturalist.org/observations/332721105"
"iNaturalist","image","332495626","Lontra annectens","2025-11-14","12:16","Uzima_de",NA,"-2.443326,-79.697976",-2.443326,-79.697976,"https://inaturalist-open-data.s3.amazonaws.com/photos/603428464/original.jpg","jpeg","https://www.inaturalist.org/observations/332495626"
"iNaturalist","image","332495626","Lontra annectens","2025-11-14","12:16","Uzima_de",NA,"-2.443326,-79.697976",-2.443326,-79.697976,"https://inaturalist-open-data.s3.amazonaws.com/photos/603428468/original.jpg","jpeg","https://www.inaturalist.org/observations/332495626"
"iNaturalist","image","332105229","Lontra annectens","2025-11-16","11:10","Oliver Komar",NA,"14.0018245891,-86.9896677668",14.0018245891,-86.9896677668,"https://inaturalist-open-data.s3.amazonaws.com/photos/602617027/original.jpg","jpeg","https://www.inaturalist.org/observations/332105229"
"iNaturalist","image","332105229","Lontra annectens","2025-11-16","11:10","Oliver Komar",NA,"14.0018245891,-86.9896677668",14.0018245891,-86.9896677668,"https://inaturalist-open-data.s3.amazonaws.com/photos/602617029/original.jpg","jpeg","https://www.inaturalist.org/observations/332105229"
"iNaturalist","image","331751535","Lontra annectens","2025-12-21","11:33","David Garrigues",NA,"10.4306228512,-84.0069710836",10.4306228512,-84.0069710836,"https://inaturalist-open-data.s3.amazonaws.com/photos/601899401/original.jpg","jpeg","https://www.inaturalist.org/observations/331751535"
"iNaturalist","image","331723919","Lontra annectens","2025-11-14","12:27","Frank Dietze",NA,"-2.4195775,-79.6246449",-2.4195775,-79.6246449,"https://static.inaturalist.org/photos/601839528/original.jpg","jpeg","https://www.inaturalist.org/observations/331723919"
"iNaturalist","image","331723919","Lontra annectens","2025-11-14","12:27","Frank Dietze",NA,"-2.4195775,-79.6246449",-2.4195775,-79.6246449,"https://static.inaturalist.org/photos/601839560/original.jpg","jpeg","https://www.inaturalist.org/observations/331723919"
"iNaturalist","image","331245746","Lontra annectens","2025-12-18","15:54","Drew",NA,"10.4506770559,-84.06541273",10.4506770559,-84.06541273,"https://inaturalist-open-data.s3.amazonaws.com/photos/600863409/original.jpg","jpeg","https://www.inaturalist.org/observations/331245746"
"iNaturalist","image","331245746","Lontra annectens","2025-12-18","15:54","Drew",NA,"10.4506770559,-84.06541273",10.4506770559,-84.06541273,"https://inaturalist-open-data.s3.amazonaws.com/photos/600863426/original.jpg","jpeg","https://www.inaturalist.org/observations/331245746"
"iNaturalist","image","331245746","Lontra annectens","2025-12-18","15:54","Drew",NA,"10.4506770559,-84.06541273",10.4506770559,-84.06541273,"https://inaturalist-open-data.s3.amazonaws.com/photos/600863446/original.jpg","jpeg","https://www.inaturalist.org/observations/331245746"
"iNaturalist","image","330557987","Lontra annectens","2021-08-11","14:18","Stamatis Zogaris",NA,"9.2566803192,-83.8640037958",9.2566803192,-83.8640037958,"https://inaturalist-open-data.s3.amazonaws.com/photos/599444033/original.jpg","jpeg","https://www.inaturalist.org/observations/330557987"
"iNaturalist","image","330557987","Lontra annectens","2021-08-11","14:18","Stamatis Zogaris",NA,"9.2566803192,-83.8640037958",9.2566803192,-83.8640037958,"https://inaturalist-open-data.s3.amazonaws.com/photos/599455540/original.jpg","jpeg","https://www.inaturalist.org/observations/330557987"
"iNaturalist","image","330501247","Lontra annectens","2025-12-02","17:17","Michael Phillips",NA,"10.4474416667,-84.00933",10.4474416667,-84.00933,"https://inaturalist-open-data.s3.amazonaws.com/photos/599323009/original.jpg","jpeg","https://www.inaturalist.org/observations/330501247"
"iNaturalist","image","330371825","Lontra annectens","2025-11-19","09:56","Jeiner David Santos",NA,"7.7974147676,-76.6772887628",7.7974147676,-76.6772887628,"https://inaturalist-open-data.s3.amazonaws.com/photos/599061925/original.jpg","jpeg","https://www.inaturalist.org/observations/330371825"
"iNaturalist","image","330371825","Lontra annectens","2025-11-19","09:56","Jeiner David Santos",NA,"7.7974147676,-76.6772887628",7.7974147676,-76.6772887628,"https://inaturalist-open-data.s3.amazonaws.com/photos/599061942/original.jpg","jpeg","https://www.inaturalist.org/observations/330371825"
"iNaturalist","image","330203387","Lontra annectens","2025-11-27","08:30","David Monroy r",NA,"4.9557800487,-75.802497975",4.9557800487,-75.802497975,"https://inaturalist-open-data.s3.amazonaws.com/photos/598719313/original.jpg","jpeg","https://www.inaturalist.org/observations/330203387"
"iNaturalist","image","329084767","Lontra annectens","2025-12-01","10:27","Miguel Ángel Conde Reyes",NA,"16.105686558,-97.1403095817",16.105686558,-97.1403095817,"https://inaturalist-open-data.s3.amazonaws.com/photos/596455633/original.jpg","jpeg","https://www.inaturalist.org/observations/329084767"
"iNaturalist","image","328680360","Lontra annectens","2025-11-27","09:10","Berenice De León",NA,"28.9743425397,-108.5056038284",28.9743425397,-108.5056038284,"https://inaturalist-open-data.s3.amazonaws.com/photos/595643162/original.jpg","jpeg","https://www.inaturalist.org/observations/328680360"
"iNaturalist","image","328680360","Lontra annectens","2025-11-27","09:10","Berenice De León",NA,"28.9743425397,-108.5056038284",28.9743425397,-108.5056038284,"https://inaturalist-open-data.s3.amazonaws.com/photos/595643204/original.jpg","jpeg","https://www.inaturalist.org/observations/328680360"
"iNaturalist","image","328680258","Lontra annectens","2025-11-27","09:10","Berenice De León",NA,"28.9741537594,-108.5053411953",28.9741537594,-108.5053411953,"https://inaturalist-open-data.s3.amazonaws.com/photos/595642945/original.jpg","jpeg","https://www.inaturalist.org/observations/328680258"
"iNaturalist","image","328680258","Lontra annectens","2025-11-27","09:10","Berenice De León",NA,"28.9741537594,-108.5053411953",28.9741537594,-108.5053411953,"https://inaturalist-open-data.s3.amazonaws.com/photos/595643001/original.jpg","jpeg","https://www.inaturalist.org/observations/328680258"
"iNaturalist","image","328680258","Lontra annectens","2025-11-27","09:10","Berenice De León",NA,"28.9741537594,-108.5053411953",28.9741537594,-108.5053411953,"https://inaturalist-open-data.s3.amazonaws.com/photos/595643052/original.jpg","jpeg","https://www.inaturalist.org/observations/328680258"
"iNaturalist","image","328680091","Lontra annectens","2025-11-27","10:08","Berenice De León",NA,"28.9770557393,-108.5011927867",28.9770557393,-108.5011927867,"https://inaturalist-open-data.s3.amazonaws.com/photos/595642666/original.jpg","jpeg","https://www.inaturalist.org/observations/328680091"
"iNaturalist","image","328680091","Lontra annectens","2025-11-27","10:08","Berenice De León",NA,"28.9770557393,-108.5011927867",28.9770557393,-108.5011927867,"https://inaturalist-open-data.s3.amazonaws.com/photos/595642717/original.jpg","jpeg","https://www.inaturalist.org/observations/328680091"
"iNaturalist","image","328547734","Lontra annectens","2022-03-13","10:19","Seth Beaudreault",NA,"10.2034671908,-84.6948064704",10.2034671908,-84.6948064704,"https://static.inaturalist.org/photos/595375032/original.jpg","jpeg","https://www.inaturalist.org/observations/328547734"
"iNaturalist","image","328363022","Lontra annectens","2025-08-21","06:43","Isabel González Salinas",NA,"21.4813831647,-104.8577012953",21.4813831647,-104.8577012953,"https://inaturalist-open-data.s3.amazonaws.com/photos/594997849/original.jpg","jpeg","https://www.inaturalist.org/observations/328363022"
"iNaturalist","image","328233317","Lontra annectens","2025-11-07","03:20","Unirse Aileen",NA,"16.1414314982,-97.2252296518",16.1414314982,-97.2252296518,"https://inaturalist-open-data.s3.amazonaws.com/photos/594740015/original.jpg","jpeg","https://www.inaturalist.org/observations/328233317"
"iNaturalist","image","328224770","Lontra annectens","2025-11-22","15:30","Misa Cr",NA,"18.8872385947,-97.1424198523",18.8872385947,-97.1424198523,"https://inaturalist-open-data.s3.amazonaws.com/photos/594723848/original.jpg","jpeg","https://www.inaturalist.org/observations/328224770"
"iNaturalist","image","328224770","Lontra annectens","2025-11-22","15:30","Misa Cr",NA,"18.8872385947,-97.1424198523",18.8872385947,-97.1424198523,"https://inaturalist-open-data.s3.amazonaws.com/photos/594723867/original.jpg","jpeg","https://www.inaturalist.org/observations/328224770"
"iNaturalist","image","328224770","Lontra annectens","2025-11-22","15:30","Misa Cr",NA,"18.8872385947,-97.1424198523",18.8872385947,-97.1424198523,"https://inaturalist-open-data.s3.amazonaws.com/photos/594723889/original.jpg","jpeg","https://www.inaturalist.org/observations/328224770"
"iNaturalist","image","328224770","Lontra annectens","2025-11-22","15:30","Misa Cr",NA,"18.8872385947,-97.1424198523",18.8872385947,-97.1424198523,"https://inaturalist-open-data.s3.amazonaws.com/photos/594723910/original.jpg","jpeg","https://www.inaturalist.org/observations/328224770"
"iNaturalist","image","328224770","Lontra annectens","2025-11-22","15:30","Misa Cr",NA,"18.8872385947,-97.1424198523",18.8872385947,-97.1424198523,"https://inaturalist-open-data.s3.amazonaws.com/photos/594723929/original.jpg","jpeg","https://www.inaturalist.org/observations/328224770"
"iNaturalist","image","328224770","Lontra annectens","2025-11-22","15:30","Misa Cr",NA,"18.8872385947,-97.1424198523",18.8872385947,-97.1424198523,"https://inaturalist-open-data.s3.amazonaws.com/photos/594723949/original.jpg","jpeg","https://www.inaturalist.org/observations/328224770"
"iNaturalist","image","328010595","Lontra annectens","2025-11-23","23:49","Yensy L. Ortega",NA,"9.152442494,-79.3323408069",9.152442494,-79.3323408069,"https://inaturalist-open-data.s3.amazonaws.com/photos/594295494/original.jpg","jpeg","https://www.inaturalist.org/observations/328010595"
"iNaturalist","image","328009388","Lontra annectens","2025-11-22","15:39","Liliana Paredes",NA,"8.3540371069,-80.9776530415",8.3540371069,-80.9776530415,"https://inaturalist-open-data.s3.amazonaws.com/photos/594293561/original.jpg","jpeg","https://www.inaturalist.org/observations/328009388"
"iNaturalist","image","327205720","Lontra annectens","2025-11-16","11:09","Katherine Galvez",NA,"14.0013127997,-86.9890479",14.0013127997,-86.9890479,"https://inaturalist-open-data.s3.amazonaws.com/photos/592744801/original.jpg","jpeg","https://www.inaturalist.org/observations/327205720"
"iNaturalist","image","327205720","Lontra annectens","2025-11-16","11:09","Katherine Galvez",NA,"14.0013127997,-86.9890479",14.0013127997,-86.9890479,"https://inaturalist-open-data.s3.amazonaws.com/photos/592744816/original.jpg","jpeg","https://www.inaturalist.org/observations/327205720"
"iNaturalist","image","327205720","Lontra annectens","2025-11-16","11:09","Katherine Galvez",NA,"14.0013127997,-86.9890479",14.0013127997,-86.9890479,"https://inaturalist-open-data.s3.amazonaws.com/photos/592744829/original.jpg","jpeg","https://www.inaturalist.org/observations/327205720"
"iNaturalist","image","327205720","Lontra annectens","2025-11-16","11:09","Katherine Galvez",NA,"14.0013127997,-86.9890479",14.0013127997,-86.9890479,"https://inaturalist-open-data.s3.amazonaws.com/photos/592744846/original.jpg","jpeg","https://www.inaturalist.org/observations/327205720"
"iNaturalist","image","326907630","Lontra annectens","2025-11-14","10:44","Kevin Snair",NA,"9.24201,-79.5324266667",9.24201,-79.5324266667,"https://static.inaturalist.org/photos/592153314/original.jpg","jpeg","https://www.inaturalist.org/observations/326907630"
"iNaturalist","image","326907630","Lontra annectens","2025-11-14","10:44","Kevin Snair",NA,"9.24201,-79.5324266667",9.24201,-79.5324266667,"https://static.inaturalist.org/photos/592153317/original.jpg","jpeg","https://www.inaturalist.org/observations/326907630"
"iNaturalist","image","326473394","Lontra annectens","2025-11-14","07:59","Karimbo",NA,"18.1124750922,-94.4423026051",18.1124750922,-94.4423026051,"https://inaturalist-open-data.s3.amazonaws.com/photos/591286563/original.jpg","jpeg","https://www.inaturalist.org/observations/326473394"
"iNaturalist","image","326473394","Lontra annectens","2025-11-14","07:59","Karimbo",NA,"18.1124750922,-94.4423026051",18.1124750922,-94.4423026051,"https://inaturalist-open-data.s3.amazonaws.com/photos/591286578/original.jpg","jpeg","https://www.inaturalist.org/observations/326473394"
"iNaturalist","image","326473394","Lontra annectens","2025-11-14","07:59","Karimbo",NA,"18.1124750922,-94.4423026051",18.1124750922,-94.4423026051,"https://inaturalist-open-data.s3.amazonaws.com/photos/591286589/original.jpg","jpeg","https://www.inaturalist.org/observations/326473394"
"iNaturalist","image","326473394","Lontra annectens","2025-11-14","07:59","Karimbo",NA,"18.1124750922,-94.4423026051",18.1124750922,-94.4423026051,"https://inaturalist-open-data.s3.amazonaws.com/photos/591286602/original.jpg","jpeg","https://www.inaturalist.org/observations/326473394"
"iNaturalist","image","326351702","Lontra annectens","2025-11-11","16:43","Benjamin Navas",NA,"-2.1851408636,-79.8752316087",-2.1851408636,-79.8752316087,"https://static.inaturalist.org/photos/591043707/original.jpg","jpeg","https://www.inaturalist.org/observations/326351702"
"iNaturalist","image","326351702","Lontra annectens","2025-11-11","16:43","Benjamin Navas",NA,"-2.1851408636,-79.8752316087",-2.1851408636,-79.8752316087,"https://static.inaturalist.org/photos/591043723/original.jpg","jpeg","https://www.inaturalist.org/observations/326351702"
"iNaturalist","image","326351702","Lontra annectens","2025-11-11","16:43","Benjamin Navas",NA,"-2.1851408636,-79.8752316087",-2.1851408636,-79.8752316087,"https://static.inaturalist.org/photos/591043741/original.jpg","jpeg","https://www.inaturalist.org/observations/326351702"
"iNaturalist","image","325953113","Lontra annectens","2022-01-16","11:43","Ian Carlsen",NA,"10.8942854108,-84.7643254622",10.8942854108,-84.7643254622,"https://static.inaturalist.org/photos/590251697/original.jpg","jpeg","https://www.inaturalist.org/observations/325953113"
"iNaturalist","image","325953113","Lontra annectens","2022-01-16","11:43","Ian Carlsen",NA,"10.8942854108,-84.7643254622",10.8942854108,-84.7643254622,"https://static.inaturalist.org/photos/590251672/original.jpg","jpeg","https://www.inaturalist.org/observations/325953113"
"iNaturalist","image","325953113","Lontra annectens","2022-01-16","11:43","Ian Carlsen",NA,"10.8942854108,-84.7643254622",10.8942854108,-84.7643254622,"https://static.inaturalist.org/photos/590251635/original.jpg","jpeg","https://www.inaturalist.org/observations/325953113"
"iNaturalist","image","325762704","Lontra annectens","2010-12-23","10:47","Charlie Doggett",NA,"10.4488767,-83.5069226",10.4488767,-83.5069226,"https://inaturalist-open-data.s3.amazonaws.com/photos/589869566/original.jpg","jpeg","https://www.inaturalist.org/observations/325762704"
"iNaturalist","image","325762704","Lontra annectens","2010-12-23","10:47","Charlie Doggett",NA,"10.4488767,-83.5069226",10.4488767,-83.5069226,"https://inaturalist-open-data.s3.amazonaws.com/photos/589869786/original.jpg","jpeg","https://www.inaturalist.org/observations/325762704"
"iNaturalist","image","325762362","Lontra annectens","2015-01-22","12:03","Charlie Doggett",NA,"10.0123348,-84.2756042",10.0123348,-84.2756042,"https://inaturalist-open-data.s3.amazonaws.com/photos/589868836/original.jpg","jpeg","https://www.inaturalist.org/observations/325762362"
"iNaturalist","image","325761953","Lontra annectens","2019-02-11","07:50","Charlie Doggett",NA,"10.5690020286,-83.6638349851",10.5690020286,-83.6638349851,"https://inaturalist-open-data.s3.amazonaws.com/photos/589867773/original.jpg","jpeg","https://www.inaturalist.org/observations/325761953"
"iNaturalist","image","325761953","Lontra annectens","2019-02-11","07:50","Charlie Doggett",NA,"10.5690020286,-83.6638349851",10.5690020286,-83.6638349851,"https://inaturalist-open-data.s3.amazonaws.com/photos/589868363/original.jpg","jpeg","https://www.inaturalist.org/observations/325761953"
"iNaturalist","image","325761953","Lontra annectens","2019-02-11","07:50","Charlie Doggett",NA,"10.5690020286,-83.6638349851",10.5690020286,-83.6638349851,"https://inaturalist-open-data.s3.amazonaws.com/photos/589868392/original.jpg","jpeg","https://www.inaturalist.org/observations/325761953"
"iNaturalist","image","325761098","Lontra annectens","2020-02-26","13:57","Charlie Doggett",NA,"10.0257056,-84.0351463",10.0257056,-84.0351463,"https://inaturalist-open-data.s3.amazonaws.com/photos/589866433/original.jpg","jpeg","https://www.inaturalist.org/observations/325761098"
"iNaturalist","image","325499745","Lontra annectens","2024-11-17","04:53","Benjamin Navas",NA,"-2.1914749714,-79.9874502048",-2.1914749714,-79.9874502048,"https://static.inaturalist.org/photos/589350393/original.jpg","jpeg","https://www.inaturalist.org/observations/325499745"
"iNaturalist","image","325119734","Lontra annectens",NA,NA,"Sandra Palomino",NA,"20.5668817152,-97.5730608855",20.5668817152,-97.5730608855,"https://inaturalist-open-data.s3.amazonaws.com/photos/588591536/original.jpg","jpeg","https://www.inaturalist.org/observations/325119734"
"iNaturalist","image","325119734","Lontra annectens",NA,NA,"Sandra Palomino",NA,"20.5668817152,-97.5730608855",20.5668817152,-97.5730608855,"https://inaturalist-open-data.s3.amazonaws.com/photos/588592191/original.jpg","jpeg","https://www.inaturalist.org/observations/325119734"
"iNaturalist","image","325119734","Lontra annectens",NA,NA,"Sandra Palomino",NA,"20.5668817152,-97.5730608855",20.5668817152,-97.5730608855,"https://inaturalist-open-data.s3.amazonaws.com/photos/588592195/original.jpg","jpeg","https://www.inaturalist.org/observations/325119734"
"iNaturalist","image","325119734","Lontra annectens",NA,NA,"Sandra Palomino",NA,"20.5668817152,-97.5730608855",20.5668817152,-97.5730608855,"https://inaturalist-open-data.s3.amazonaws.com/photos/588592194/original.jpg","jpeg","https://www.inaturalist.org/observations/325119734"
"iNaturalist","image","325119734","Lontra annectens",NA,NA,"Sandra Palomino",NA,"20.5668817152,-97.5730608855",20.5668817152,-97.5730608855,"https://inaturalist-open-data.s3.amazonaws.com/photos/588592214/original.jpg","jpeg","https://www.inaturalist.org/observations/325119734"
"iNaturalist","image","325085556","Lontra annectens","2025-10-29","09:43","Arturdus",NA,"19.332605,-96.7498033333",19.332605,-96.7498033333,"https://inaturalist-open-data.s3.amazonaws.com/photos/588524228/original.jpg","jpeg","https://www.inaturalist.org/observations/325085556"
"iNaturalist","image","324199429","Lontra annectens","2015-08-08","09:59","Emmas90",NA,"17.5511168928,-88.2933065976",17.5511168928,-88.2933065976,"https://inaturalist-open-data.s3.amazonaws.com/photos/586691526/original.jpg","jpeg","https://www.inaturalist.org/observations/324199429"
"iNaturalist","image","323326969","Lontra annectens","2025-10-26","08:45","Milka Valenzuela",NA,"28.9687002722,-109.1931229457",28.9687002722,-109.1931229457,"https://static.inaturalist.org/photos/585019585/original.jpg","jpeg","https://www.inaturalist.org/observations/323326969"
"iNaturalist","image","323326969","Lontra annectens","2025-10-26","08:45","Milka Valenzuela",NA,"28.9687002722,-109.1931229457",28.9687002722,-109.1931229457,"https://static.inaturalist.org/photos/585019640/original.jpg","jpeg","https://www.inaturalist.org/observations/323326969"
"iNaturalist","image","323326969","Lontra annectens","2025-10-26","08:45","Milka Valenzuela",NA,"28.9687002722,-109.1931229457",28.9687002722,-109.1931229457,"https://static.inaturalist.org/photos/585019730/original.jpg","jpeg","https://www.inaturalist.org/observations/323326969"
"iNaturalist","image","323326969","Lontra annectens","2025-10-26","08:45","Milka Valenzuela",NA,"28.9687002722,-109.1931229457",28.9687002722,-109.1931229457,"https://static.inaturalist.org/photos/585019806/original.jpg","jpeg","https://www.inaturalist.org/observations/323326969"
"iNaturalist","image","323326969","Lontra annectens","2025-10-26","08:45","Milka Valenzuela",NA,"28.9687002722,-109.1931229457",28.9687002722,-109.1931229457,"https://static.inaturalist.org/photos/585019867/original.jpg","jpeg","https://www.inaturalist.org/observations/323326969"
"iNaturalist","image","320562167","Lontra annectens","2025-10-12","08:24","Ana Lorena Zamora López",NA,"9.8623360724,-83.6563866153",9.8623360724,-83.6563866153,"https://inaturalist-open-data.s3.amazonaws.com/photos/579606046/original.jpg","jpeg","https://www.inaturalist.org/observations/320562167"
"iNaturalist","image","320274763","Lontra annectens","2025-10-11","17:39","Jannesy",NA,"9.4129494989,-82.5144639239",9.4129494989,-82.5144639239,"https://inaturalist-open-data.s3.amazonaws.com/photos/579040717/original.jpg","jpeg","https://www.inaturalist.org/observations/320274763"
"iNaturalist","image","320274763","Lontra annectens","2025-10-11","17:39","Jannesy",NA,"9.4129494989,-82.5144639239",9.4129494989,-82.5144639239,"https://inaturalist-open-data.s3.amazonaws.com/photos/579040772/original.jpg","jpeg","https://www.inaturalist.org/observations/320274763"
"iNaturalist","image","320274763","Lontra annectens","2025-10-11","17:39","Jannesy",NA,"9.4129494989,-82.5144639239",9.4129494989,-82.5144639239,"https://inaturalist-open-data.s3.amazonaws.com/photos/579040817/original.jpg","jpeg","https://www.inaturalist.org/observations/320274763"
"iNaturalist","image","320137415","Lontra annectens","2025-10-09","14:00","Becky Trimble",NA,"10.4546833333,-84.00239445",10.4546833333,-84.00239445,"https://static.inaturalist.org/photos/578778746/original.jpg","jpeg","https://www.inaturalist.org/observations/320137415"
"iNaturalist","image","319795402","Lontra annectens","2025-08-01","06:14","Adrian_vetwildlife",NA,"17.7291514426,-92.0193645926",17.7291514426,-92.0193645926,"https://inaturalist-open-data.s3.amazonaws.com/photos/578118451/original.jpg","jpeg","https://www.inaturalist.org/observations/319795402"
"iNaturalist","image","319795402","Lontra annectens","2025-08-01","06:14","Adrian_vetwildlife",NA,"17.7291514426,-92.0193645926",17.7291514426,-92.0193645926,"https://inaturalist-open-data.s3.amazonaws.com/photos/578118822/original.jpg","jpeg","https://www.inaturalist.org/observations/319795402"
"iNaturalist","image","318547680","Lontra annectens","2025-08-01","21:07","Andrea Gómez",NA,"17.7293373204,-92.0192431324",17.7293373204,-92.0192431324,"https://inaturalist-open-data.s3.amazonaws.com/photos/575732157/original.jpg","jpeg","https://www.inaturalist.org/observations/318547680"
"iNaturalist","image","313599312","Lontra annectens",NA,NA,"Sander Vandamme",NA,"10.5351394645,-83.504618438",10.5351394645,-83.504618438,"https://inaturalist-open-data.s3.amazonaws.com/photos/566329620/original.jpg","jpeg","https://www.inaturalist.org/observations/313599312"
"iNaturalist","image","313562013","Lontra annectens","2025-09-05","10:54","Oliver Komar",NA,"15.7829176895,-87.634814043",15.7829176895,-87.634814043,"https://inaturalist-open-data.s3.amazonaws.com/photos/566256596/original.jpg","jpeg","https://www.inaturalist.org/observations/313562013"
"iNaturalist","image","313562013","Lontra annectens","2025-09-05","10:54","Oliver Komar",NA,"15.7829176895,-87.634814043",15.7829176895,-87.634814043,"https://inaturalist-open-data.s3.amazonaws.com/photos/566256598/original.jpg","jpeg","https://www.inaturalist.org/observations/313562013"
"iNaturalist","image","313562013","Lontra annectens","2025-09-05","10:54","Oliver Komar",NA,"15.7829176895,-87.634814043",15.7829176895,-87.634814043,"https://inaturalist-open-data.s3.amazonaws.com/photos/566256559/original.jpg","jpeg","https://www.inaturalist.org/observations/313562013"
"iNaturalist","image","311330402","Lontra annectens","2024-11-29","14:10","Ignacio Beltran",NA,"18.6603595678,-99.4972932155",18.6603595678,-99.4972932155,"https://inaturalist-open-data.s3.amazonaws.com/photos/562000407/original.jpg","jpeg","https://www.inaturalist.org/observations/311330402"
"iNaturalist","image","311330402","Lontra annectens","2024-11-29","14:10","Ignacio Beltran",NA,"18.6603595678,-99.4972932155",18.6603595678,-99.4972932155,"https://inaturalist-open-data.s3.amazonaws.com/photos/562003130/original.jpg","jpeg","https://www.inaturalist.org/observations/311330402"
"iNaturalist","image","311140793","Lontra annectens","2025-08-30","08:27","Kathascharf",NA,"10.5303553515,-83.511146503",10.5303553515,-83.511146503,"https://inaturalist-open-data.s3.amazonaws.com/photos/561630628/original.jpg","jpeg","https://www.inaturalist.org/observations/311140793"
"iNaturalist","image","309580259","Lontra annectens","2025-08-25","15:08","Josema",NA,"21.8382690447,-103.8505358873",21.8382690447,-103.8505358873,"https://inaturalist-open-data.s3.amazonaws.com/photos/558654516/original.jpg","jpeg","https://www.inaturalist.org/observations/309580259"
"iNaturalist","image","309580259","Lontra annectens","2025-08-25","15:08","Josema",NA,"21.8382690447,-103.8505358873",21.8382690447,-103.8505358873,"https://inaturalist-open-data.s3.amazonaws.com/photos/564616480/original.jpg","jpeg","https://www.inaturalist.org/observations/309580259"
"iNaturalist","image","308560967","Lontra annectens","2025-08-18","18:51","Eric Centenero Alcalá",NA,"18.6637618101,-96.0585899146",18.6637618101,-96.0585899146,"https://static.inaturalist.org/photos/556690666/original.jpg","jpeg","https://www.inaturalist.org/observations/308560967"
"iNaturalist","image","308046078","Lontra annectens","2025-08-18","14:06","Edwin Múnera Chavarría",NA,"6.931804245,-75.030700699",6.931804245,-75.030700699,"https://inaturalist-open-data.s3.amazonaws.com/photos/555710291/original.jpg","jpeg","https://www.inaturalist.org/observations/308046078"
"iNaturalist","image","308046078","Lontra annectens","2025-08-18","14:06","Edwin Múnera Chavarría",NA,"6.931804245,-75.030700699",6.931804245,-75.030700699,"https://inaturalist-open-data.s3.amazonaws.com/photos/555711787/original.jpg","jpeg","https://www.inaturalist.org/observations/308046078"
"iNaturalist","image","308046078","Lontra annectens","2025-08-18","14:06","Edwin Múnera Chavarría",NA,"6.931804245,-75.030700699",6.931804245,-75.030700699,"https://inaturalist-open-data.s3.amazonaws.com/photos/555711920/original.jpg","jpeg","https://www.inaturalist.org/observations/308046078"
"iNaturalist","image","308046078","Lontra annectens","2025-08-18","14:06","Edwin Múnera Chavarría",NA,"6.931804245,-75.030700699",6.931804245,-75.030700699,"https://inaturalist-open-data.s3.amazonaws.com/photos/555712047/original.jpg","jpeg","https://www.inaturalist.org/observations/308046078"
"iNaturalist","image","308046078","Lontra annectens","2025-08-18","14:06","Edwin Múnera Chavarría",NA,"6.931804245,-75.030700699",6.931804245,-75.030700699,"https://inaturalist-open-data.s3.amazonaws.com/photos/555712163/original.jpg","jpeg","https://www.inaturalist.org/observations/308046078"
"iNaturalist","image","308003231","Lontra annectens","2025-07-15","06:18","Magaly Anastacio Hernández",NA,"18.4168859331,-95.1122663198",18.4168859331,-95.1122663198,"https://inaturalist-open-data.s3.amazonaws.com/photos/555628183/original.jpg","jpeg","https://www.inaturalist.org/observations/308003231"
"iNaturalist","image","308003231","Lontra annectens","2025-07-15","06:18","Magaly Anastacio Hernández",NA,"18.4168859331,-95.1122663198",18.4168859331,-95.1122663198,"https://inaturalist-open-data.s3.amazonaws.com/photos/555628182/original.jpg","jpeg","https://www.inaturalist.org/observations/308003231"
"iNaturalist","image","307609458","Lontra annectens","2025-08-19","14:12","Martin_ro13",NA,"21.4779172033,-104.8596417748",21.4779172033,-104.8596417748,"https://inaturalist-open-data.s3.amazonaws.com/photos/554862518/original.jpg","jpeg","https://www.inaturalist.org/observations/307609458"
"iNaturalist","image","307609458","Lontra annectens","2025-08-19","14:12","Martin_ro13",NA,"21.4779172033,-104.8596417748",21.4779172033,-104.8596417748,"https://inaturalist-open-data.s3.amazonaws.com/photos/554862488/original.jpg","jpeg","https://www.inaturalist.org/observations/307609458"
"iNaturalist","image","307427050","Lontra annectens","2019-05-12","07:26","Buegee211",NA,"16.5547565968,-88.7056332298",16.5547565968,-88.7056332298,"https://inaturalist-open-data.s3.amazonaws.com/photos/554513594/original.jpg","jpeg","https://www.inaturalist.org/observations/307427050"
"iNaturalist","image","307427050","Lontra annectens","2019-05-12","07:26","Buegee211",NA,"16.5547565968,-88.7056332298",16.5547565968,-88.7056332298,"https://inaturalist-open-data.s3.amazonaws.com/photos/554513622/original.jpg","jpeg","https://www.inaturalist.org/observations/307427050"
"iNaturalist","image","306354021","Lontra annectens","2022-08-14","16:23","Arturo Benavides Mendoza",NA,"19.1871821246,-96.1228941008",19.1871821246,-96.1228941008,"https://inaturalist-open-data.s3.amazonaws.com/photos/552461697/original.jpg","jpeg","https://www.inaturalist.org/observations/306354021"
"iNaturalist","image","305687506","Lontra annectens","2025-08-11","18:41","Ellieemde",NA,"10.4595057989,-83.4627220576",10.4595057989,-83.4627220576,"https://inaturalist-open-data.s3.amazonaws.com/photos/551192927/original.jpg","jpeg","https://www.inaturalist.org/observations/305687506"
"iNaturalist","image","305673148","Lontra annectens","2025-08-11","02:39","A. R. Observaciones",NA,"14.5998675532,-87.8335707262",14.5998675532,-87.8335707262,"https://static.inaturalist.org/photos/551164754/original.jpg","jpeg","https://www.inaturalist.org/observations/305673148"
"iNaturalist","image","305655398","Lontra annectens","2025-08-09","08:06","Cameronsandoval5",NA,"28.9670366667,-109.1916966667",28.9670366667,-109.1916966667,"https://inaturalist-open-data.s3.amazonaws.com/photos/551130260/original.jpg","jpeg","https://www.inaturalist.org/observations/305655398"
"iNaturalist","image","305655398","Lontra annectens","2025-08-09","08:06","Cameronsandoval5",NA,"28.9670366667,-109.1916966667",28.9670366667,-109.1916966667,"https://inaturalist-open-data.s3.amazonaws.com/photos/551130610/original.jpg","jpeg","https://www.inaturalist.org/observations/305655398"
"iNaturalist","image","305655175","Lontra annectens","2025-08-09","07:44","Cameronsandoval5",NA,"28.9670216667,-109.1917116667",28.9670216667,-109.1917116667,"https://inaturalist-open-data.s3.amazonaws.com/photos/551129643/original.jpg","jpeg","https://www.inaturalist.org/observations/305655175"
"iNaturalist","image","305655175","Lontra annectens","2025-08-09","07:44","Cameronsandoval5",NA,"28.9670216667,-109.1917116667",28.9670216667,-109.1917116667,"https://inaturalist-open-data.s3.amazonaws.com/photos/551129983/original.jpg","jpeg","https://www.inaturalist.org/observations/305655175"
"iNaturalist","image","305628138","Lontra annectens","2025-06-24","11:30","Chaffee Monell",NA,"10.4449916117,-84.0093993847",10.4449916117,-84.0093993847,"https://inaturalist-open-data.s3.amazonaws.com/photos/551001416/original.jpg","jpeg","https://www.inaturalist.org/observations/305628138"
"iNaturalist","image","305420043","Lontra annectens","2025-08-09","08:25","Kiliaan Castellanos",NA,"28.9675966667,-109.19117",28.9675966667,-109.19117,"https://static.inaturalist.org/photos/550682018/original.jpg","jpeg","https://www.inaturalist.org/observations/305420043"
"iNaturalist","image","304360419","Lontra annectens","2025-07-22","09:56","Mauricio Valencia",NA,"15.781836248,-93.1722363664",15.781836248,-93.1722363664,"https://inaturalist-open-data.s3.amazonaws.com/photos/548640028/original.jpg","jpeg","https://www.inaturalist.org/observations/304360419"
"iNaturalist","image","301740140","Lontra annectens","2025-07-25","11:09","José Candelario Hernández Alvarez",NA,NA,NA,NA,"https://static.inaturalist.org/photos/543743417/original.jpg","jpeg","https://www.inaturalist.org/observations/301740140"
"iNaturalist","image","301740140","Lontra annectens","2025-07-25","11:09","José Candelario Hernández Alvarez",NA,NA,NA,NA,"https://static.inaturalist.org/photos/543743457/original.jpg","jpeg","https://www.inaturalist.org/observations/301740140"
"iNaturalist","image","301740140","Lontra annectens","2025-07-25","11:09","José Candelario Hernández Alvarez",NA,NA,NA,NA,"https://static.inaturalist.org/photos/543743609/original.jpg","jpeg","https://www.inaturalist.org/observations/301740140"
"iNaturalist","image","300262542","Lontra annectens","2025-07-21","12:13","Jorge Alberto Márquez Vázquez",NA,"17.67179025,-92.45092606",17.67179025,-92.45092606,"https://static.inaturalist.org/photos/540996162/original.jpg","jpeg","https://www.inaturalist.org/observations/300262542"
"iNaturalist","image","300121756","Lontra annectens",NA,NA,"Edgar Andres Bernal Castro",NA,"2.9463366755,-75.2816321701",2.9463366755,-75.2816321701,"https://inaturalist-open-data.s3.amazonaws.com/photos/540732954/original.jpg","jpeg","https://www.inaturalist.org/observations/300121756"
"iNaturalist","image","300121756","Lontra annectens",NA,NA,"Edgar Andres Bernal Castro",NA,"2.9463366755,-75.2816321701",2.9463366755,-75.2816321701,"https://inaturalist-open-data.s3.amazonaws.com/photos/540733029/original.jpg","jpeg","https://www.inaturalist.org/observations/300121756"
"iNaturalist","image","300121756","Lontra annectens",NA,NA,"Edgar Andres Bernal Castro",NA,"2.9463366755,-75.2816321701",2.9463366755,-75.2816321701,"https://inaturalist-open-data.s3.amazonaws.com/photos/540733116/original.jpg","jpeg","https://www.inaturalist.org/observations/300121756"
"iNaturalist","image","300121756","Lontra annectens",NA,NA,"Edgar Andres Bernal Castro",NA,"2.9463366755,-75.2816321701",2.9463366755,-75.2816321701,"https://inaturalist-open-data.s3.amazonaws.com/photos/540733212/original.jpg","jpeg","https://www.inaturalist.org/observations/300121756"
"iNaturalist","image","300121756","Lontra annectens",NA,NA,"Edgar Andres Bernal Castro",NA,"2.9463366755,-75.2816321701",2.9463366755,-75.2816321701,"https://inaturalist-open-data.s3.amazonaws.com/photos/540733322/original.jpg","jpeg","https://www.inaturalist.org/observations/300121756"
"iNaturalist","image","299922516","Lontra annectens","2025-07-15","06:15","Valeria Azotla Jiménez",NA,"18.4167866667,-95.1093966667",18.4167866667,-95.1093966667,"https://inaturalist-open-data.s3.amazonaws.com/photos/540350110/original.jpg","jpeg","https://www.inaturalist.org/observations/299922516"
"iNaturalist","image","299922516","Lontra annectens","2025-07-15","06:15","Valeria Azotla Jiménez",NA,"18.4167866667,-95.1093966667",18.4167866667,-95.1093966667,"https://inaturalist-open-data.s3.amazonaws.com/photos/540350235/original.jpg","jpeg","https://www.inaturalist.org/observations/299922516"
"iNaturalist","image","299922516","Lontra annectens","2025-07-15","06:15","Valeria Azotla Jiménez",NA,"18.4167866667,-95.1093966667",18.4167866667,-95.1093966667,"https://inaturalist-open-data.s3.amazonaws.com/photos/540350222/original.jpg","jpeg","https://www.inaturalist.org/observations/299922516"
"iNaturalist","image","299827261","Lontra annectens","2025-07-21","07:25","Kwat",NA,"0.0289849974,-78.7166624944",0.0289849974,-78.7166624944,"https://inaturalist-open-data.s3.amazonaws.com/photos/540187021/original.jpg","jpeg","https://www.inaturalist.org/observations/299827261"
"iNaturalist","image","299703335","Lontra annectens","2025-07-19","07:30","Evelio Dominguez Chavez",NA,"15.798326556,-96.0500421167",15.798326556,-96.0500421167,"https://inaturalist-open-data.s3.amazonaws.com/photos/539949828/original.jpg","jpeg","https://www.inaturalist.org/observations/299703335"
"iNaturalist","image","299246467","Lontra annectens","2025-07-19","07:14","Evelio Dominguez Chavez",NA,"15.8033462697,-96.0519427597",15.8033462697,-96.0519427597,"https://inaturalist-open-data.s3.amazonaws.com/photos/539111799/original.jpg","jpeg","https://www.inaturalist.org/observations/299246467"
"iNaturalist","image","295571696","Lontra annectens","2025-07-02","21:13","Xander_pauli30",NA,"6.1672865,-75.5836963",6.1672865,-75.5836963,"https://inaturalist-open-data.s3.amazonaws.com/photos/532111450/original.gif","gif","https://www.inaturalist.org/observations/295571696"
"iNaturalist","image","295503274","Lontra annectens","2025-07-05","09:09","La Rata Mutante",NA,"15.7311947583,-96.1580231318",15.7311947583,-96.1580231318,"https://inaturalist-open-data.s3.amazonaws.com/photos/531946452/original.jpg","jpeg","https://www.inaturalist.org/observations/295503274"
"iNaturalist","image","295503274","Lontra annectens","2025-07-05","09:09","La Rata Mutante",NA,"15.7311947583,-96.1580231318",15.7311947583,-96.1580231318,"https://inaturalist-open-data.s3.amazonaws.com/photos/531946638/original.jpg","jpeg","https://www.inaturalist.org/observations/295503274"
"iNaturalist","image","295503274","Lontra annectens","2025-07-05","09:09","La Rata Mutante",NA,"15.7311947583,-96.1580231318",15.7311947583,-96.1580231318,"https://inaturalist-open-data.s3.amazonaws.com/photos/531946709/original.jpg","jpeg","https://www.inaturalist.org/observations/295503274"
"iNaturalist","image","295503274","Lontra annectens","2025-07-05","09:09","La Rata Mutante",NA,"15.7311947583,-96.1580231318",15.7311947583,-96.1580231318,"https://inaturalist-open-data.s3.amazonaws.com/photos/531946787/original.jpg","jpeg","https://www.inaturalist.org/observations/295503274"
"iNaturalist","image","294691711","Lontra annectens","2025-06-28","15:20","Elbert Cepeda",NA,"23.3196932897,-99.0684172434",23.3196932897,-99.0684172434,"https://inaturalist-open-data.s3.amazonaws.com/photos/530444662/original.jpg","jpeg","https://www.inaturalist.org/observations/294691711"
"iNaturalist","image","294630059","Lontra annectens","2016-01-12","07:22","Paul b Jones",NA,"8.6003212228,-77.882220184",8.6003212228,-77.882220184,"https://static.inaturalist.org/photos/530327342/original.jpg","jpeg","https://www.inaturalist.org/observations/294630059"
"iNaturalist","image","294391280","Lontra annectens","2025-07-01","09:11","Michael Gutiérrez",NA,"8.4075747,-82.3833255",8.4075747,-82.3833255,"https://inaturalist-open-data.s3.amazonaws.com/photos/529884766/original.jpg","jpeg","https://www.inaturalist.org/observations/294391280"
"iNaturalist","image","293408711","Lontra annectens","2024-04-27","12:06","Laurent Hesemans",NA,"8.4044850906,-83.2841677131",8.4044850906,-83.2841677131,"https://static.inaturalist.org/photos/528059537/original.jpg","jpeg","https://www.inaturalist.org/observations/293408711"
"iNaturalist","image","292991876","Lontra annectens","2020-10-19","09:09","Jesus Gordolomi Butterball Rc",NA,"21.4413438548,-104.8339405553",21.4413438548,-104.8339405553,"https://inaturalist-open-data.s3.amazonaws.com/photos/527309890/original.jpg","jpeg","https://www.inaturalist.org/observations/292991876"
"iNaturalist","image","292649784","Lontra annectens","2025-02-13","19:20","Jenner Rodas",NA,"16.9854495367,-93.1548701088",16.9854495367,-93.1548701088,"https://static.inaturalist.org/photos/526659801/original.jpg","jpeg","https://www.inaturalist.org/observations/292649784"
"iNaturalist","image","292649783","Lontra annectens","2025-02-13","19:20","Jenner Rodas",NA,"16.9856917383,-93.1554056317",16.9856917383,-93.1554056317,"https://static.inaturalist.org/photos/526659797/original.jpg","jpeg","https://www.inaturalist.org/observations/292649783"
"iNaturalist","image","288893254","Lontra annectens","2025-05-28","19:21","Josepineda",NA,"22.1576268187,-103.5961235528",22.1576268187,-103.5961235528,"https://inaturalist-open-data.s3.amazonaws.com/photos/519570023/original.jpg","jpeg","https://www.inaturalist.org/observations/288893254"
"iNaturalist","image","288773823","Lontra annectens","2011-02-26","21:10","Yuriana Martínez Ceceñas",NA,"16.2526999428,-90.8570245164",16.2526999428,-90.8570245164,"https://inaturalist-open-data.s3.amazonaws.com/photos/519335292/original.jpg","jpeg","https://www.inaturalist.org/observations/288773823"
"iNaturalist","image","288564282","Lontra annectens","2013-10-31","08:49","Yuriana Martínez Ceceñas",NA,"16.2471704415,-90.8541527042",16.2471704415,-90.8541527042,"https://inaturalist-open-data.s3.amazonaws.com/photos/518930117/original.jpg","jpeg","https://www.inaturalist.org/observations/288564282"
"iNaturalist","image","288564275","Lontra annectens","2013-10-31","08:48","Yuriana Martínez Ceceñas",NA,"16.2474767201,-90.8542979752",16.2474767201,-90.8542979752,"https://inaturalist-open-data.s3.amazonaws.com/photos/518929991/original.jpg","jpeg","https://www.inaturalist.org/observations/288564275"
"iNaturalist","image","288564275","Lontra annectens","2013-10-31","08:48","Yuriana Martínez Ceceñas",NA,"16.2474767201,-90.8542979752",16.2474767201,-90.8542979752,"https://inaturalist-open-data.s3.amazonaws.com/photos/518933358/original.jpg","jpeg","https://www.inaturalist.org/observations/288564275"
"iNaturalist","image","287177422","Lontra annectens","2025-06-05","15:33","Nicanor n Requena",NA,"16.1231201332,-88.8110598987",16.1231201332,-88.8110598987,"https://inaturalist-open-data.s3.amazonaws.com/photos/516343172/original.jpg","jpeg","https://www.inaturalist.org/observations/287177422"
"iNaturalist","image","287157264","Lontra annectens","2025-01-13","10:47","Zach Wood",NA,"10.505383612,-83.6265811686",10.505383612,-83.6265811686,"https://inaturalist-open-data.s3.amazonaws.com/photos/516295305/original.jpg","jpeg","https://www.inaturalist.org/observations/287157264"
"iNaturalist","image","287157264","Lontra annectens","2025-01-13","10:47","Zach Wood",NA,"10.505383612,-83.6265811686",10.505383612,-83.6265811686,"https://inaturalist-open-data.s3.amazonaws.com/photos/516295306/original.jpg","jpeg","https://www.inaturalist.org/observations/287157264"
"iNaturalist","image","287157264","Lontra annectens","2025-01-13","10:47","Zach Wood",NA,"10.505383612,-83.6265811686",10.505383612,-83.6265811686,"https://inaturalist-open-data.s3.amazonaws.com/photos/516295314/original.jpg","jpeg","https://www.inaturalist.org/observations/287157264"
"iNaturalist","image","287157264","Lontra annectens","2025-01-13","10:47","Zach Wood",NA,"10.505383612,-83.6265811686",10.505383612,-83.6265811686,"https://inaturalist-open-data.s3.amazonaws.com/photos/516295317/original.jpg","jpeg","https://www.inaturalist.org/observations/287157264"
"iNaturalist","image","286998273","Lontra annectens","2025-05-21","15:37","Eric Hough",NA,"29.8871666667,-108.63157",29.8871666667,-108.63157,"https://inaturalist-open-data.s3.amazonaws.com/photos/516013529/original.jpg","jpeg","https://www.inaturalist.org/observations/286998273"
"iNaturalist","image","286998273","Lontra annectens","2025-05-21","15:37","Eric Hough",NA,"29.8871666667,-108.63157",29.8871666667,-108.63157,"https://inaturalist-open-data.s3.amazonaws.com/photos/516013549/original.jpg","jpeg","https://www.inaturalist.org/observations/286998273"
"iNaturalist","image","286998273","Lontra annectens","2025-05-21","15:37","Eric Hough",NA,"29.8871666667,-108.63157",29.8871666667,-108.63157,"https://inaturalist-open-data.s3.amazonaws.com/photos/516013564/original.jpg","jpeg","https://www.inaturalist.org/observations/286998273"
"iNaturalist","image","286960275","Lontra annectens","2025-06-01","15:28","Speedbas Sc",NA,"6.30995141,-75.07820425",6.30995141,-75.07820425,"https://static.inaturalist.org/photos/515940400/original.jpg","jpeg","https://www.inaturalist.org/observations/286960275"
"iNaturalist","image","285820627","Lontra annectens","2025-05-29","10:33","Ángel Bayona",NA,"-2.250471737,-79.8421479017",-2.250471737,-79.8421479017,"https://static.inaturalist.org/photos/513768422/original.jpg","jpeg","https://www.inaturalist.org/observations/285820627"
"iNaturalist","image","285235831","Lontra annectens","2025-05-29","16:11","Trent R. Stanley",NA,"10.525745,-83.5172133333",10.525745,-83.5172133333,"https://inaturalist-open-data.s3.amazonaws.com/photos/512687815/original.jpg","jpeg","https://www.inaturalist.org/observations/285235831"
"iNaturalist","image","285200458","Lontra annectens","2025-05-29","15:44","Trent R. Stanley",NA,"10.531995,-83.5103466667",10.531995,-83.5103466667,"https://inaturalist-open-data.s3.amazonaws.com/photos/512617746/original.jpg","jpeg","https://www.inaturalist.org/observations/285200458"
"iNaturalist","image","285195693","Lontra annectens","2025-05-29","15:44","Marinarusalka",NA,"10.5264916667,-83.515495",10.5264916667,-83.515495,"https://inaturalist-open-data.s3.amazonaws.com/photos/512608749/original.jpg","jpeg","https://www.inaturalist.org/observations/285195693"
"iNaturalist","image","284718461","Lontra annectens","2025-03-07","08:13","Erin Henson",NA,"10.4303286526,-84.0042713377",10.4303286526,-84.0042713377,"https://static.inaturalist.org/photos/511713572/original.jpg","jpeg","https://www.inaturalist.org/observations/284718461"
"iNaturalist","image","284407592","Lontra annectens","2024-05-20","11:12","Jonathan Oña Rodríguez",NA,"0.001340434,-78.9395208657",0.001340434,-78.9395208657,"https://inaturalist-open-data.s3.amazonaws.com/photos/511120412/original.jpg","jpeg","https://www.inaturalist.org/observations/284407592"
"iNaturalist","image","284407592","Lontra annectens","2024-05-20","11:12","Jonathan Oña Rodríguez",NA,"0.001340434,-78.9395208657",0.001340434,-78.9395208657,"https://inaturalist-open-data.s3.amazonaws.com/photos/511120453/original.jpg","jpeg","https://www.inaturalist.org/observations/284407592"
"iNaturalist","image","284407592","Lontra annectens","2024-05-20","11:12","Jonathan Oña Rodríguez",NA,"0.001340434,-78.9395208657",0.001340434,-78.9395208657,"https://inaturalist-open-data.s3.amazonaws.com/photos/511120504/original.jpg","jpeg","https://www.inaturalist.org/observations/284407592"
"iNaturalist","image","284407592","Lontra annectens","2024-05-20","11:12","Jonathan Oña Rodríguez",NA,"0.001340434,-78.9395208657",0.001340434,-78.9395208657,"https://inaturalist-open-data.s3.amazonaws.com/photos/511120534/original.jpg","jpeg","https://www.inaturalist.org/observations/284407592"
"iNaturalist","image","284365178","Lontra annectens","2025-05-26","15:34","Ángel Bayona",NA,"-2.21838125,-79.87731154",-2.21838125,-79.87731154,"https://static.inaturalist.org/photos/511110313/original.jpg","jpeg","https://www.inaturalist.org/observations/284365178"
"iNaturalist","image","283411224","Lontra annectens","2024-09-03","07:14","Annika Suerbaum",NA,"10.5343578113,-83.5086387768",10.5343578113,-83.5086387768,"https://inaturalist-open-data.s3.amazonaws.com/photos/509246184/original.jpg","jpeg","https://www.inaturalist.org/observations/283411224"
"iNaturalist","image","283404407","Lontra annectens","2024-09-03","09:58","T. Haberl",NA,"10.5315338993,-83.5069563612",10.5315338993,-83.5069563612,"https://inaturalist-open-data.s3.amazonaws.com/photos/509521466/original.jpg","jpeg","https://www.inaturalist.org/observations/283404407"
"iNaturalist","image","283404407","Lontra annectens","2024-09-03","09:58","T. Haberl",NA,"10.5315338993,-83.5069563612",10.5315338993,-83.5069563612,"https://inaturalist-open-data.s3.amazonaws.com/photos/509521479/original.jpg","jpeg","https://www.inaturalist.org/observations/283404407"
"iNaturalist","image","283304901","Lontra annectens",NA,NA,"Nestor Monsalve",NA,"6.0504093491,-74.6563395113",6.0504093491,-74.6563395113,"https://static.inaturalist.org/photos/509049351/original.jpg","jpeg","https://www.inaturalist.org/observations/283304901"
"iNaturalist","image","283045981","Lontra annectens","2025-03-28","07:50","Jenny Donald",NA,"10.5440870505,-83.5041576445",10.5440870505,-83.5041576445,"https://inaturalist-open-data.s3.amazonaws.com/photos/508566701/original.jpg","jpeg","https://www.inaturalist.org/observations/283045981"
"iNaturalist","image","283045981","Lontra annectens","2025-03-28","07:50","Jenny Donald",NA,"10.5440870505,-83.5041576445",10.5440870505,-83.5041576445,"https://inaturalist-open-data.s3.amazonaws.com/photos/508566716/original.jpg","jpeg","https://www.inaturalist.org/observations/283045981"
"iNaturalist","image","283045981","Lontra annectens","2025-03-28","07:50","Jenny Donald",NA,"10.5440870505,-83.5041576445",10.5440870505,-83.5041576445,"https://inaturalist-open-data.s3.amazonaws.com/photos/508566715/original.jpg","jpeg","https://www.inaturalist.org/observations/283045981"
"iNaturalist","image","283045981","Lontra annectens","2025-03-28","07:50","Jenny Donald",NA,"10.5440870505,-83.5041576445",10.5440870505,-83.5041576445,"https://inaturalist-open-data.s3.amazonaws.com/photos/508566797/original.jpg","jpeg","https://www.inaturalist.org/observations/283045981"
"iNaturalist","image","283045981","Lontra annectens","2025-03-28","07:50","Jenny Donald",NA,"10.5440870505,-83.5041576445",10.5440870505,-83.5041576445,"https://inaturalist-open-data.s3.amazonaws.com/photos/508566675/original.jpg","jpeg","https://www.inaturalist.org/observations/283045981"
"iNaturalist","image","283045981","Lontra annectens","2025-03-28","07:50","Jenny Donald",NA,"10.5440870505,-83.5041576445",10.5440870505,-83.5041576445,"https://inaturalist-open-data.s3.amazonaws.com/photos/508566664/original.jpg","jpeg","https://www.inaturalist.org/observations/283045981"
"iNaturalist","image","283045981","Lontra annectens","2025-03-28","07:50","Jenny Donald",NA,"10.5440870505,-83.5041576445",10.5440870505,-83.5041576445,"https://inaturalist-open-data.s3.amazonaws.com/photos/508566668/original.jpg","jpeg","https://www.inaturalist.org/observations/283045981"
"iNaturalist","image","282297495","Lontra annectens","2025-05-18","11:58","Ciera Grijalva",NA,"17.3511504,-88.5523581",17.3511504,-88.5523581,"https://static.inaturalist.org/photos/507173005/original.jpg","jpeg","https://www.inaturalist.org/observations/282297495"
"iNaturalist","image","282297495","Lontra annectens","2025-05-18","11:58","Ciera Grijalva",NA,"17.3511504,-88.5523581",17.3511504,-88.5523581,"https://static.inaturalist.org/photos/507172962/original.jpg","jpeg","https://www.inaturalist.org/observations/282297495"
"iNaturalist","image","282297495","Lontra annectens","2025-05-18","11:58","Ciera Grijalva",NA,"17.3511504,-88.5523581",17.3511504,-88.5523581,"https://static.inaturalist.org/photos/507173017/original.jpg","jpeg","https://www.inaturalist.org/observations/282297495"
"iNaturalist","image","282297495","Lontra annectens","2025-05-18","11:58","Ciera Grijalva",NA,"17.3511504,-88.5523581",17.3511504,-88.5523581,"https://static.inaturalist.org/photos/507173013/original.jpg","jpeg","https://www.inaturalist.org/observations/282297495"
"iNaturalist","image","281767553","Lontra annectens","2025-03-04","17:29","Alberto Remacha",NA,"10.4322552366,-84.0053926868",10.4322552366,-84.0053926868,"https://static.inaturalist.org/photos/506186102/original.jpg","jpeg","https://www.inaturalist.org/observations/281767553"
"iNaturalist","image","280887128","Lontra annectens","2025-05-13","17:52","Andres_piedrahita",NA,"5.856725,-75.7420666667",5.856725,-75.7420666667,"https://inaturalist-open-data.s3.amazonaws.com/photos/504589047/original.jpg","jpeg","https://www.inaturalist.org/observations/280887128"
"iNaturalist","image","280887128","Lontra annectens","2025-05-13","17:52","Andres_piedrahita",NA,"5.856725,-75.7420666667",5.856725,-75.7420666667,"https://inaturalist-open-data.s3.amazonaws.com/photos/504589091/original.jpg","jpeg","https://www.inaturalist.org/observations/280887128"
"iNaturalist","image","280453603","Lontra annectens","2024-05-11","17:09","Josué H. Bonilla",NA,"14.7048052677,-87.2716720775",14.7048052677,-87.2716720775,"https://static.inaturalist.org/photos/503705374/original.jpeg","jpeg","https://www.inaturalist.org/observations/280453603"
"iNaturalist","image","280453603","Lontra annectens","2024-05-11","17:09","Josué H. Bonilla",NA,"14.7048052677,-87.2716720775",14.7048052677,-87.2716720775,"https://static.inaturalist.org/photos/503705418/original.jpeg","jpeg","https://www.inaturalist.org/observations/280453603"
"iNaturalist","image","280453603","Lontra annectens","2024-05-11","17:09","Josué H. Bonilla",NA,"14.7048052677,-87.2716720775",14.7048052677,-87.2716720775,"https://static.inaturalist.org/photos/503705468/original.jpeg","jpeg","https://www.inaturalist.org/observations/280453603"
"iNaturalist","image","280453603","Lontra annectens","2024-05-11","17:09","Josué H. Bonilla",NA,"14.7048052677,-87.2716720775",14.7048052677,-87.2716720775,"https://static.inaturalist.org/photos/503705560/original.jpeg","jpeg","https://www.inaturalist.org/observations/280453603"
"iNaturalist","image","280453603","Lontra annectens","2024-05-11","17:09","Josué H. Bonilla",NA,"14.7048052677,-87.2716720775",14.7048052677,-87.2716720775,"https://static.inaturalist.org/photos/503705604/original.jpeg","jpeg","https://www.inaturalist.org/observations/280453603"
"iNaturalist","image","280453603","Lontra annectens","2024-05-11","17:09","Josué H. Bonilla",NA,"14.7048052677,-87.2716720775",14.7048052677,-87.2716720775,"https://static.inaturalist.org/photos/503705650/original.jpeg","jpeg","https://www.inaturalist.org/observations/280453603"
"iNaturalist","image","280426171","Lontra annectens","2025-05-11","10:33","Bernardo Lizarraga Roqueñi",NA,"20.8293171223,-104.2445985228",20.8293171223,-104.2445985228,"https://static.inaturalist.org/photos/503650554/original.jpeg","jpeg","https://www.inaturalist.org/observations/280426171"
"iNaturalist","image","280426171","Lontra annectens","2025-05-11","10:33","Bernardo Lizarraga Roqueñi",NA,"20.8293171223,-104.2445985228",20.8293171223,-104.2445985228,"https://static.inaturalist.org/photos/503650589/original.jpeg","jpeg","https://www.inaturalist.org/observations/280426171"
"iNaturalist","image","280426171","Lontra annectens","2025-05-11","10:33","Bernardo Lizarraga Roqueñi",NA,"20.8293171223,-104.2445985228",20.8293171223,-104.2445985228,"https://static.inaturalist.org/photos/503650617/original.jpeg","jpeg","https://www.inaturalist.org/observations/280426171"
"iNaturalist","image","280426171","Lontra annectens","2025-05-11","10:33","Bernardo Lizarraga Roqueñi",NA,"20.8293171223,-104.2445985228",20.8293171223,-104.2445985228,"https://static.inaturalist.org/photos/503650660/original.jpeg","jpeg","https://www.inaturalist.org/observations/280426171"
"iNaturalist","image","280426171","Lontra annectens","2025-05-11","10:33","Bernardo Lizarraga Roqueñi",NA,"20.8293171223,-104.2445985228",20.8293171223,-104.2445985228,"https://static.inaturalist.org/photos/503650704/original.jpeg","jpeg","https://www.inaturalist.org/observations/280426171"
"iNaturalist","image","280136915","Lontra annectens","2025-05-01","20:52","Vivian_castrejon",NA,"18.9383760519,-103.9451506749",18.9383760519,-103.9451506749,"https://inaturalist-open-data.s3.amazonaws.com/photos/503108530/original.jpg","jpeg","https://www.inaturalist.org/observations/280136915"
"iNaturalist","image","278160773","Lontra annectens","2025-04-11","14:56","Fernando García",NA,"-1.9709571865,-80.1220464717",-1.9709571865,-80.1220464717,"https://inaturalist-open-data.s3.amazonaws.com/photos/499449946/original.jpg","jpeg","https://www.inaturalist.org/observations/278160773"
"iNaturalist","image","278160773","Lontra annectens","2025-04-11","14:56","Fernando García",NA,"-1.9709571865,-80.1220464717",-1.9709571865,-80.1220464717,"https://inaturalist-open-data.s3.amazonaws.com/photos/499449947/original.jpg","jpeg","https://www.inaturalist.org/observations/278160773"
"iNaturalist","image","278160773","Lontra annectens","2025-04-11","14:56","Fernando García",NA,"-1.9709571865,-80.1220464717",-1.9709571865,-80.1220464717,"https://inaturalist-open-data.s3.amazonaws.com/photos/499449952/original.jpg","jpeg","https://www.inaturalist.org/observations/278160773"
"iNaturalist","image","278160773","Lontra annectens","2025-04-11","14:56","Fernando García",NA,"-1.9709571865,-80.1220464717",-1.9709571865,-80.1220464717,"https://inaturalist-open-data.s3.amazonaws.com/photos/499450007/original.jpg","jpeg","https://www.inaturalist.org/observations/278160773"
"iNaturalist","image","278019344","Lontra annectens","2025-05-03","07:20","Cecillopart",NA,"-2.1078620172,-79.8696958646",-2.1078620172,-79.8696958646,"https://inaturalist-open-data.s3.amazonaws.com/photos/499202425/original.jpeg","jpeg","https://www.inaturalist.org/observations/278019344"
"iNaturalist","image","277911529","Lontra annectens",NA,NA,"Abcdefgewing",NA,"10.3357935898,-83.8128882564",10.3357935898,-83.8128882564,"https://inaturalist-open-data.s3.amazonaws.com/photos/499006958/original.jpeg","jpeg","https://www.inaturalist.org/observations/277911529"
"iNaturalist","image","277852232","Lontra annectens","2025-02-07","07:02","Austin Hess",NA,"7.7360149,-77.5470713",7.7360149,-77.5470713,"https://inaturalist-open-data.s3.amazonaws.com/photos/498900889/original.jpg","jpeg","https://www.inaturalist.org/observations/277852232"
"iNaturalist","image","277821432","Lontra annectens","2025-02-03","08:40","Naturalistapdy",NA,"6.9702840599,-73.6393274989",6.9702840599,-73.6393274989,"https://static.inaturalist.org/photos/497374323/original.jpeg","jpeg","https://www.inaturalist.org/observations/277821432"
"iNaturalist","image","277216732","Lontra annectens","2024-12-05","07:44","Nestor Monsalve",NA,"6.147092451,-75.4061453417",6.147092451,-75.4061453417,"https://static.inaturalist.org/photos/497783462/original.jpeg","jpeg","https://www.inaturalist.org/observations/277216732"
"iNaturalist","image","274009481","Lontra annectens","2025-03-29","13:09","Matthew Gable",NA,"3.9041986607,-76.3396536252",3.9041986607,-76.3396536252,"https://static.inaturalist.org/photos/492679928/original.jpg","jpeg","https://www.inaturalist.org/observations/274009481"
"iNaturalist","image","273903996","Lontra annectens","2022-12-17","12:32","Isaontaneda",NA,"0.1211705541,-78.6283544239",0.1211705541,-78.6283544239,"https://inaturalist-open-data.s3.amazonaws.com/photos/492514057/original.jpg","jpeg","https://www.inaturalist.org/observations/273903996"
"iNaturalist","image","272811145","Lontra annectens","2025-04-11","09:47","No Rights Reserved",NA,"10.2494133333,-83.9167866667",10.2494133333,-83.9167866667,"https://inaturalist-open-data.s3.amazonaws.com/photos/490815484/original.jpg","jpeg","https://www.inaturalist.org/observations/272811145"
"iNaturalist","image","272811145","Lontra annectens","2025-04-11","09:47","No Rights Reserved",NA,"10.2494133333,-83.9167866667",10.2494133333,-83.9167866667,"https://inaturalist-open-data.s3.amazonaws.com/photos/490815522/original.jpg","jpeg","https://www.inaturalist.org/observations/272811145"
"iNaturalist","image","271372891","Lontra annectens","2025-04-02","12:59","Augurapart",NA,"10.4566179506,-84.5494497714",10.4566179506,-84.5494497714,"https://inaturalist-open-data.s3.amazonaws.com/photos/488137990/original.jpg","jpeg","https://www.inaturalist.org/observations/271372891"
"iNaturalist","image","271136355","Lontra annectens","2025-04-16","14:22","Alejandro Acuña",NA,"10.5507987,-83.510844",10.5507987,-83.510844,"https://inaturalist-open-data.s3.amazonaws.com/photos/487686006/original.jpeg","jpeg","https://www.inaturalist.org/observations/271136355"
"iNaturalist","image","270862498","Lontra annectens","2025-03-12","08:17","Blancadog",NA,"10.4313405001,-84.00528706",10.4313405001,-84.00528706,"https://static.inaturalist.org/photos/487166583/original.jpg","jpeg","https://www.inaturalist.org/observations/270862498"
"iNaturalist","image","270862498","Lontra annectens","2025-03-12","08:17","Blancadog",NA,"10.4313405001,-84.00528706",10.4313405001,-84.00528706,"https://static.inaturalist.org/photos/487166300/original.jpg","jpeg","https://www.inaturalist.org/observations/270862498"
"iNaturalist","image","270862498","Lontra annectens","2025-03-12","08:17","Blancadog",NA,"10.4313405001,-84.00528706",10.4313405001,-84.00528706,"https://static.inaturalist.org/photos/487166275/original.jpg","jpeg","https://www.inaturalist.org/observations/270862498"
"iNaturalist","image","270862498","Lontra annectens","2025-03-12","08:17","Blancadog",NA,"10.4313405001,-84.00528706",10.4313405001,-84.00528706,"https://static.inaturalist.org/photos/487166169/original.jpg","jpeg","https://www.inaturalist.org/observations/270862498"
"iNaturalist","image","270488143","Lontra annectens","2025-04-12","05:39","No Rights Reserved",NA,"8.4518472222,-83.2833416667",8.4518472222,-83.2833416667,"https://inaturalist-open-data.s3.amazonaws.com/photos/486457601/original.jpeg","jpeg","https://www.inaturalist.org/observations/270488143"
"iNaturalist","image","270488143","Lontra annectens","2025-04-12","05:39","No Rights Reserved",NA,"8.4518472222,-83.2833416667",8.4518472222,-83.2833416667,"https://inaturalist-open-data.s3.amazonaws.com/photos/486452638/original.jpeg","jpeg","https://www.inaturalist.org/observations/270488143"
"iNaturalist","image","270488143","Lontra annectens","2025-04-12","05:39","No Rights Reserved",NA,"8.4518472222,-83.2833416667",8.4518472222,-83.2833416667,"https://inaturalist-open-data.s3.amazonaws.com/photos/486457627/original.jpeg","jpeg","https://www.inaturalist.org/observations/270488143"
"iNaturalist","image","270177859","Lontra annectens","2025-04-12","10:14","Mackay-Pitham",NA,"10.5424838,-83.5023552",10.5424838,-83.5023552,"https://inaturalist-open-data.s3.amazonaws.com/photos/485862439/original.jpeg","jpeg","https://www.inaturalist.org/observations/270177859"
"iNaturalist","image","269787213","Lontra annectens","2025-02-17","10:15","Laurent Rouschmeyer",NA,"10.564775276,-84.3183882724",10.564775276,-84.3183882724,"https://inaturalist-open-data.s3.amazonaws.com/photos/485121249/original.jpeg","jpeg","https://www.inaturalist.org/observations/269787213"
"iNaturalist","image","269318171","Lontra annectens","2024-02-02","09:43","Adrian Garrido",NA,"20.6948735887,-97.8808055069",20.6948735887,-97.8808055069,"https://static.inaturalist.org/photos/484220591/original.jpg","jpeg","https://www.inaturalist.org/observations/269318171"
"iNaturalist","image","268538332","Lontra annectens","2025-04-01","17:00","Hanniag",NA,"19.58952425,-102.46933215",19.58952425,-102.46933215,"https://inaturalist-open-data.s3.amazonaws.com/photos/482712698/original.jpg","jpeg","https://www.inaturalist.org/observations/268538332"
"iNaturalist","image","268538332","Lontra annectens","2025-04-01","17:00","Hanniag",NA,"19.58952425,-102.46933215",19.58952425,-102.46933215,"https://inaturalist-open-data.s3.amazonaws.com/photos/482712707/original.jpg","jpeg","https://www.inaturalist.org/observations/268538332"
"iNaturalist","image","268538332","Lontra annectens","2025-04-01","17:00","Hanniag",NA,"19.58952425,-102.46933215",19.58952425,-102.46933215,"https://inaturalist-open-data.s3.amazonaws.com/photos/482712719/original.jpg","jpeg","https://www.inaturalist.org/observations/268538332"
"iNaturalist","image","267912445","Lontra annectens","2025-03-27","09:28","Daniel Gomez",NA,"15.687845,-93.0689861667",15.687845,-93.0689861667,"https://inaturalist-open-data.s3.amazonaws.com/photos/481515936/original.jpg","jpeg","https://www.inaturalist.org/observations/267912445"
"iNaturalist","image","267912445","Lontra annectens","2025-03-27","09:28","Daniel Gomez",NA,"15.687845,-93.0689861667",15.687845,-93.0689861667,"https://inaturalist-open-data.s3.amazonaws.com/photos/481516306/original.jpg","jpeg","https://www.inaturalist.org/observations/267912445"
"iNaturalist","image","267912445","Lontra annectens","2025-03-27","09:28","Daniel Gomez",NA,"15.687845,-93.0689861667",15.687845,-93.0689861667,"https://inaturalist-open-data.s3.amazonaws.com/photos/481516651/original.jpg","jpeg","https://www.inaturalist.org/observations/267912445"
"iNaturalist","image","267838476","Lontra annectens","2025-03-27","18:00","Diego Manzano Méndez",NA,"15.687741,-93.069049",15.687741,-93.069049,"https://inaturalist-open-data.s3.amazonaws.com/photos/481376263/original.jpeg","jpeg","https://www.inaturalist.org/observations/267838476"
"iNaturalist","image","267838476","Lontra annectens","2025-03-27","18:00","Diego Manzano Méndez",NA,"15.687741,-93.069049",15.687741,-93.069049,"https://inaturalist-open-data.s3.amazonaws.com/photos/481376308/original.jpeg","jpeg","https://www.inaturalist.org/observations/267838476"
"iNaturalist","image","267838476","Lontra annectens","2025-03-27","18:00","Diego Manzano Méndez",NA,"15.687741,-93.069049",15.687741,-93.069049,"https://inaturalist-open-data.s3.amazonaws.com/photos/481376329/original.jpeg","jpeg","https://www.inaturalist.org/observations/267838476"
"iNaturalist","image","267838476","Lontra annectens","2025-03-27","18:00","Diego Manzano Méndez",NA,"15.687741,-93.069049",15.687741,-93.069049,"https://inaturalist-open-data.s3.amazonaws.com/photos/481376354/original.jpeg","jpeg","https://www.inaturalist.org/observations/267838476"
"iNaturalist","image","267653255","Lontra annectens","2025-03-27","17:59","Diego Manzano Méndez",NA,"15.687459638,-93.0683945607",15.687459638,-93.0683945607,"https://inaturalist-open-data.s3.amazonaws.com/photos/481023354/original.jpg","jpeg","https://www.inaturalist.org/observations/267653255"
"iNaturalist","image","267619558","Lontra annectens","2025-03-15","10:36","Luciskye",NA,"10.4661283333,-84.0007777783",10.4661283333,-84.0007777783,"https://inaturalist-open-data.s3.amazonaws.com/photos/480956952/original.jpg","jpeg","https://www.inaturalist.org/observations/267619558"
"iNaturalist","image","266755453","Lontra annectens","2025-03-16","12:20","Geosesarma",NA,"10.431019435,-84.005067525",10.431019435,-84.005067525,"https://inaturalist-open-data.s3.amazonaws.com/photos/479286854/original.jpeg","jpeg","https://www.inaturalist.org/observations/266755453"
"iNaturalist","image","266755453","Lontra annectens","2025-03-16","12:20","Geosesarma",NA,"10.431019435,-84.005067525",10.431019435,-84.005067525,"https://inaturalist-open-data.s3.amazonaws.com/photos/479286874/original.jpeg","jpeg","https://www.inaturalist.org/observations/266755453"
"iNaturalist","image","266755449","Lontra annectens","2025-03-16","12:20","Geosesarma",NA,"10.4310681339,-84.0051215585",10.4310681339,-84.0051215585,"https://inaturalist-open-data.s3.amazonaws.com/photos/479286858/original.jpeg","jpeg","https://www.inaturalist.org/observations/266755449"
"iNaturalist","image","266005876","Lontra annectens","2025-02-02","08:39","Valeria Cr",NA,"25.2735759,-103.7709052997",25.2735759,-103.7709052997,"https://inaturalist-open-data.s3.amazonaws.com/photos/477893014/original.jpeg","jpeg","https://www.inaturalist.org/observations/266005876"
"iNaturalist","image","266005876","Lontra annectens","2025-02-02","08:39","Valeria Cr",NA,"25.2735759,-103.7709052997",25.2735759,-103.7709052997,"https://inaturalist-open-data.s3.amazonaws.com/photos/477893034/original.jpeg","jpeg","https://www.inaturalist.org/observations/266005876"
"iNaturalist","image","266005876","Lontra annectens","2025-02-02","08:39","Valeria Cr",NA,"25.2735759,-103.7709052997",25.2735759,-103.7709052997,"https://inaturalist-open-data.s3.amazonaws.com/photos/477893066/original.jpeg","jpeg","https://www.inaturalist.org/observations/266005876"
"iNaturalist","image","266005876","Lontra annectens","2025-02-02","08:39","Valeria Cr",NA,"25.2735759,-103.7709052997",25.2735759,-103.7709052997,"https://inaturalist-open-data.s3.amazonaws.com/photos/477893086/original.jpeg","jpeg","https://www.inaturalist.org/observations/266005876"
"iNaturalist","image","265978585","Lontra annectens","2013-06-01","13:12","Jonathan Navarro Picado",NA,"10.4070658,-84.5983125",10.4070658,-84.5983125,"https://static.inaturalist.org/photos/477842228/original.jpeg","jpeg","https://www.inaturalist.org/observations/265978585"
"iNaturalist","image","265978585","Lontra annectens","2013-06-01","13:12","Jonathan Navarro Picado",NA,"10.4070658,-84.5983125",10.4070658,-84.5983125,"https://static.inaturalist.org/photos/477842225/original.jpeg","jpeg","https://www.inaturalist.org/observations/265978585"
"iNaturalist","image","265888726","Lontra annectens","2025-03-17","16:06","Silvia Figueroa",NA,"14.3326523048,-89.5676950446",14.3326523048,-89.5676950446,"https://static.inaturalist.org/photos/477669558/original.jpg","jpeg","https://www.inaturalist.org/observations/265888726"
"iNaturalist","image","265865665","Lontra annectens","2025-01-15","13:55","Damaris Crisostomo",NA,"16.9931834359,-89.6898474544",16.9931834359,-89.6898474544,"https://inaturalist-open-data.s3.amazonaws.com/photos/477621899/original.jpeg","jpeg","https://www.inaturalist.org/observations/265865665"
"iNaturalist","image","265806674","Lontra annectens","2018-04-20","16:03","Jane Kempler &amp; Andrew Goldby Freelance",NA,"10.2925,-83.346944445",10.2925,-83.346944445,"https://inaturalist-open-data.s3.amazonaws.com/photos/477508402/original.jpg","jpeg","https://www.inaturalist.org/observations/265806674"
"iNaturalist","image","265806674","Lontra annectens","2018-04-20","16:03","Jane Kempler &amp; Andrew Goldby Freelance",NA,"10.2925,-83.346944445",10.2925,-83.346944445,"https://inaturalist-open-data.s3.amazonaws.com/photos/477508414/original.jpg","jpeg","https://www.inaturalist.org/observations/265806674"
"iNaturalist","image","264982605","Lontra annectens","2025-03-11","05:25","Waltervivas00321903",NA,"-3.1023684,-79.8304313859",-3.1023684,-79.8304313859,"https://inaturalist-open-data.s3.amazonaws.com/photos/475885349/original.jpg","jpeg","https://www.inaturalist.org/observations/264982605"
"iNaturalist","image","264385728","Lontra annectens","2024-09-30","01:43","Eric Van Den Berghe",NA,"15.2142684497,-85.4043329794",15.2142684497,-85.4043329794,"https://inaturalist-open-data.s3.amazonaws.com/photos/474819975/original.jpeg","jpeg","https://www.inaturalist.org/observations/264385728"
"iNaturalist","image","263282618","Lontra annectens","2025-02-05","10:26","Rubio b",NA,"24.9274999,-106.4119444",24.9274999,-106.4119444,"https://static.inaturalist.org/photos/472956370/original.jpg","jpeg","https://www.inaturalist.org/observations/263282618"
"iNaturalist","image","263095913","Lontra annectens","2025-02-25","10:21","Jonathan Rodriguez",NA,NA,NA,NA,"https://inaturalist-open-data.s3.amazonaws.com/photos/472582432/original.jpeg","jpeg","https://www.inaturalist.org/observations/263095913"
"iNaturalist","image","263095913","Lontra annectens","2025-02-25","10:21","Jonathan Rodriguez",NA,NA,NA,NA,"https://inaturalist-open-data.s3.amazonaws.com/photos/472584715/original.jpeg","jpeg","https://www.inaturalist.org/observations/263095913"
"iNaturalist","image","263095913","Lontra annectens","2025-02-25","10:21","Jonathan Rodriguez",NA,NA,NA,NA,"https://inaturalist-open-data.s3.amazonaws.com/photos/472584729/original.jpeg","jpeg","https://www.inaturalist.org/observations/263095913"
"iNaturalist","image","262968375","Lontra annectens","2025-02-23","13:53","Emmanuel Miramontes",NA,"20.8482589931,-105.2339115324",20.8482589931,-105.2339115324,"https://inaturalist-open-data.s3.amazonaws.com/photos/472327437/original.jpeg","jpeg","https://www.inaturalist.org/observations/262968375"
"iNaturalist","image","262890847","Lontra annectens","2025-02-13","03:01","Alfredo Gutiérrez",NA,"18.6971062947,-96.1645337194",18.6971062947,-96.1645337194,"https://inaturalist-open-data.s3.amazonaws.com/photos/472175604/original.jpeg","jpeg","https://www.inaturalist.org/observations/262890847"
"iNaturalist","image","262890847","Lontra annectens","2025-02-13","03:01","Alfredo Gutiérrez",NA,"18.6971062947,-96.1645337194",18.6971062947,-96.1645337194,"https://inaturalist-open-data.s3.amazonaws.com/photos/472175623/original.jpeg","jpeg","https://www.inaturalist.org/observations/262890847"
"iNaturalist","image","262465281","Lontra annectens","2024-12-15","20:46","Paulasaravia",NA,"5.6848333,-75.7916944",5.6848333,-75.7916944,"https://static.inaturalist.org/photos/471487022/original.png","png","https://www.inaturalist.org/observations/262465281"
"iNaturalist","image","262430395","Lontra annectens","2025-02-19","11:10","Enok Tejeda",NA,"21.5794566667,-104.9265583333",21.5794566667,-104.9265583333,"https://inaturalist-open-data.s3.amazonaws.com/photos/471435655/original.jpeg","jpeg","https://www.inaturalist.org/observations/262430395"
"iNaturalist","image","262430395","Lontra annectens","2025-02-19","11:10","Enok Tejeda",NA,"21.5794566667,-104.9265583333",21.5794566667,-104.9265583333,"https://inaturalist-open-data.s3.amazonaws.com/photos/471437234/original.jpeg","jpeg","https://www.inaturalist.org/observations/262430395"
"iNaturalist","image","262430395","Lontra annectens","2025-02-19","11:10","Enok Tejeda",NA,"21.5794566667,-104.9265583333",21.5794566667,-104.9265583333,"https://inaturalist-open-data.s3.amazonaws.com/photos/471437235/original.jpeg","jpeg","https://www.inaturalist.org/observations/262430395"
"iNaturalist","image","262335418","Lontra annectens","2025-02-12","10:08","Dhuggard",NA,"10.7065552374,-84.9848444375",10.7065552374,-84.9848444375,"https://inaturalist-open-data.s3.amazonaws.com/photos/471283826/original.jpg","jpeg","https://www.inaturalist.org/observations/262335418"
"iNaturalist","image","262194713","Lontra annectens","2024-11-09","06:29","Emmaquindelover",NA,"0.1508472607,-79.3259239197",0.1508472607,-79.3259239197,"https://inaturalist-open-data.s3.amazonaws.com/photos/471076676/original.jpeg","jpeg","https://www.inaturalist.org/observations/262194713"
"iNaturalist","image","261782368","Lontra annectens","2025-02-14","16:59","Katiuska19",NA,"8.18401912,-81.860314755",8.18401912,-81.860314755,"https://inaturalist-open-data.s3.amazonaws.com/photos/470370317/original.jpeg","jpeg","https://www.inaturalist.org/observations/261782368"
"iNaturalist","image","261733311","Lontra annectens","2025-02-14","12:15","Sxs92420",NA,"10.0260027778,-84.0351444444",10.0260027778,-84.0351444444,"https://inaturalist-open-data.s3.amazonaws.com/photos/470275604/original.jpeg","jpeg","https://www.inaturalist.org/observations/261733311"
"iNaturalist","image","261689619","Lontra annectens","2025-02-04","06:49","Isaac Newell",NA,"8.4414497284,-83.281288147",8.4414497284,-83.281288147,"https://inaturalist-open-data.s3.amazonaws.com/photos/470188143/original.jpeg","jpeg","https://www.inaturalist.org/observations/261689619"
"iNaturalist","image","261689619","Lontra annectens","2025-02-04","06:49","Isaac Newell",NA,"8.4414497284,-83.281288147",8.4414497284,-83.281288147,"https://inaturalist-open-data.s3.amazonaws.com/photos/470188135/original.jpeg","jpeg","https://www.inaturalist.org/observations/261689619"
"iNaturalist","image","261689619","Lontra annectens","2025-02-04","06:49","Isaac Newell",NA,"8.4414497284,-83.281288147",8.4414497284,-83.281288147,"https://inaturalist-open-data.s3.amazonaws.com/photos/470188109/original.jpeg","jpeg","https://www.inaturalist.org/observations/261689619"
"iNaturalist","image","261689619","Lontra annectens","2025-02-04","06:49","Isaac Newell",NA,"8.4414497284,-83.281288147",8.4414497284,-83.281288147,"https://inaturalist-open-data.s3.amazonaws.com/photos/470188077/original.jpeg","jpeg","https://www.inaturalist.org/observations/261689619"
"iNaturalist","image","261641220","Lontra annectens","2025-02-14","11:18","Griffyn Leyshon",NA,"8.8975638889,-79.58",8.8975638889,-79.58,"https://static.inaturalist.org/photos/470090932/original.jpeg","jpeg","https://www.inaturalist.org/observations/261641220"
"iNaturalist","image","261567012","Lontra annectens","2025-02-13","11:02","Justin Walker",NA,"3.8801575909,-76.3464329392",3.8801575909,-76.3464329392,"https://inaturalist-open-data.s3.amazonaws.com/photos/469942257/original.jpeg","jpeg","https://www.inaturalist.org/observations/261567012"
"iNaturalist","image","261567012","Lontra annectens","2025-02-13","11:02","Justin Walker",NA,"3.8801575909,-76.3464329392",3.8801575909,-76.3464329392,"https://inaturalist-open-data.s3.amazonaws.com/photos/469942273/original.jpeg","jpeg","https://www.inaturalist.org/observations/261567012"
"iNaturalist","image","261567012","Lontra annectens","2025-02-13","11:02","Justin Walker",NA,"3.8801575909,-76.3464329392",3.8801575909,-76.3464329392,"https://inaturalist-open-data.s3.amazonaws.com/photos/469942283/original.jpeg","jpeg","https://www.inaturalist.org/observations/261567012"
"iNaturalist","image","261368703","Lontra annectens","2025-02-09","23:00","Itzamaram",NA,"17.3490784227,-99.1328357173",17.3490784227,-99.1328357173,"https://inaturalist-open-data.s3.amazonaws.com/photos/469545948/original.jpeg","jpeg","https://www.inaturalist.org/observations/261368703"
"iNaturalist","image","261368703","Lontra annectens","2025-02-09","23:00","Itzamaram",NA,"17.3490784227,-99.1328357173",17.3490784227,-99.1328357173,"https://inaturalist-open-data.s3.amazonaws.com/photos/469598132/original.jpeg","jpeg","https://www.inaturalist.org/observations/261368703"
"iNaturalist","image","261368703","Lontra annectens","2025-02-09","23:00","Itzamaram",NA,"17.3490784227,-99.1328357173",17.3490784227,-99.1328357173,"https://inaturalist-open-data.s3.amazonaws.com/photos/469598131/original.jpeg","jpeg","https://www.inaturalist.org/observations/261368703"
"iNaturalist","image","261368703","Lontra annectens","2025-02-09","23:00","Itzamaram",NA,"17.3490784227,-99.1328357173",17.3490784227,-99.1328357173,"https://inaturalist-open-data.s3.amazonaws.com/photos/469598144/original.jpeg","jpeg","https://www.inaturalist.org/observations/261368703"
"iNaturalist","image","260757287","Lontra annectens","2025-02-05","18:56","Jeremy Flanagan",NA,"-5.0963695478,-80.6275416228",-5.0963695478,-80.6275416228,"https://inaturalist-open-data.s3.amazonaws.com/photos/468331136/original.jpg","jpeg","https://www.inaturalist.org/observations/260757287"
"iNaturalist","image","260757287","Lontra annectens","2025-02-05","18:56","Jeremy Flanagan",NA,"-5.0963695478,-80.6275416228",-5.0963695478,-80.6275416228,"https://inaturalist-open-data.s3.amazonaws.com/photos/468336863/original.jpg","jpeg","https://www.inaturalist.org/observations/260757287"
"iNaturalist","image","260641468","Lontra annectens","2020-03-07","17:03","Federico Biguzzi",NA,"8.675586044,-83.6279915508",8.675586044,-83.6279915508,"https://inaturalist-open-data.s3.amazonaws.com/photos/468107889/original.jpeg","jpeg","https://www.inaturalist.org/observations/260641468"
"iNaturalist","image","260624800","Lontra annectens","2025-02-01","23:58","Pncañón Delrioblanco",NA,"18.8619734139,-97.0837701599",18.8619734139,-97.0837701599,"https://inaturalist-open-data.s3.amazonaws.com/photos/468074038/original.jpeg","jpeg","https://www.inaturalist.org/observations/260624800"
"iNaturalist","image","260317096","Lontra annectens","2025-02-01","14:37","No Rights Reserved",NA,"10.0258172997,-84.0352493997",10.0258172997,-84.0352493997,"https://inaturalist-open-data.s3.amazonaws.com/photos/467468124/original.jpeg","jpeg","https://www.inaturalist.org/observations/260317096"
"iNaturalist","image","260317096","Lontra annectens","2025-02-01","14:37","No Rights Reserved",NA,"10.0258172997,-84.0352493997",10.0258172997,-84.0352493997,"https://inaturalist-open-data.s3.amazonaws.com/photos/467468597/original.jpeg","jpeg","https://www.inaturalist.org/observations/260317096"
"iNaturalist","image","260309955","Lontra annectens","2024-07-04","14:15","Johnwmyles",NA,"9.8544266819,-83.6540370776",9.8544266819,-83.6540370776,"https://inaturalist-open-data.s3.amazonaws.com/photos/467452941/original.jpeg","jpeg","https://www.inaturalist.org/observations/260309955"
"iNaturalist","image","260309955","Lontra annectens","2024-07-04","14:15","Johnwmyles",NA,"9.8544266819,-83.6540370776",9.8544266819,-83.6540370776,"https://inaturalist-open-data.s3.amazonaws.com/photos/467452784/original.jpeg","jpeg","https://www.inaturalist.org/observations/260309955"
"iNaturalist","image","260309955","Lontra annectens","2024-07-04","14:15","Johnwmyles",NA,"9.8544266819,-83.6540370776",9.8544266819,-83.6540370776,"https://inaturalist-open-data.s3.amazonaws.com/photos/467453372/original.jpeg","jpeg","https://www.inaturalist.org/observations/260309955"
"iNaturalist","image","260006480","Lontra annectens","2024-12-24","09:50","Prorest_nacimientos_xogapan",NA,"18.4686157863,-95.2235685398",18.4686157863,-95.2235685398,"https://inaturalist-open-data.s3.amazonaws.com/photos/466804044/original.jpg","jpeg","https://www.inaturalist.org/observations/260006480"
"iNaturalist","image","260006480","Lontra annectens","2024-12-24","09:50","Prorest_nacimientos_xogapan",NA,"18.4686157863,-95.2235685398",18.4686157863,-95.2235685398,"https://inaturalist-open-data.s3.amazonaws.com/photos/466804049/original.jpg","jpeg","https://www.inaturalist.org/observations/260006480"
"iNaturalist","image","260006480","Lontra annectens","2024-12-24","09:50","Prorest_nacimientos_xogapan",NA,"18.4686157863,-95.2235685398",18.4686157863,-95.2235685398,"https://inaturalist-open-data.s3.amazonaws.com/photos/466804033/original.jpg","jpeg","https://www.inaturalist.org/observations/260006480"
"iNaturalist","image","260006480","Lontra annectens","2024-12-24","09:50","Prorest_nacimientos_xogapan",NA,"18.4686157863,-95.2235685398",18.4686157863,-95.2235685398,"https://inaturalist-open-data.s3.amazonaws.com/photos/466804036/original.jpg","jpeg","https://www.inaturalist.org/observations/260006480"
"iNaturalist","image","259988009","Lontra annectens","2025-01-28","15:51","Ewout Knoester",NA,"8.0290305,-77.7451166667",8.0290305,-77.7451166667,"https://inaturalist-open-data.s3.amazonaws.com/photos/466811306/original.jpg","jpeg","https://www.inaturalist.org/observations/259988009"
"iNaturalist","image","259709948","Lontra annectens","2025-01-20","08:14","José Miguel",NA,"17.8974740238,-95.7359167188",17.8974740238,-95.7359167188,"https://inaturalist-open-data.s3.amazonaws.com/photos/466262355/original.jpeg","jpeg","https://www.inaturalist.org/observations/259709948"
"iNaturalist","image","259442802","Lontra annectens","2025-01-22","13:52","Mr Ron Wade",NA,"9.41330176,-84.1634960845",9.41330176,-84.1634960845,"https://static.inaturalist.org/photos/465727873/original.jpeg","jpeg","https://www.inaturalist.org/observations/259442802"
"iNaturalist","image","259374331","Lontra annectens","2025-01-23","10:17","Owlice",NA,"17.0972111111,-89.0719194444",17.0972111111,-89.0719194444,"https://inaturalist-open-data.s3.amazonaws.com/photos/465587887/original.jpeg","jpeg","https://www.inaturalist.org/observations/259374331"
"iNaturalist","image","259374331","Lontra annectens","2025-01-23","10:17","Owlice",NA,"17.0972111111,-89.0719194444",17.0972111111,-89.0719194444,"https://inaturalist-open-data.s3.amazonaws.com/photos/465587892/original.jpeg","jpeg","https://www.inaturalist.org/observations/259374331"
"iNaturalist","image","259335464","Lontra annectens","2025-01-23","07:30","Laura I. Giraldo-Herreño",NA,"4.5102863014,-75.7593151554",4.5102863014,-75.7593151554,"https://inaturalist-open-data.s3.amazonaws.com/photos/465512080/original.jpeg","jpeg","https://www.inaturalist.org/observations/259335464"
"iNaturalist","image","259335464","Lontra annectens","2025-01-23","07:30","Laura I. Giraldo-Herreño",NA,"4.5102863014,-75.7593151554",4.5102863014,-75.7593151554,"https://inaturalist-open-data.s3.amazonaws.com/photos/465512090/original.jpeg","jpeg","https://www.inaturalist.org/observations/259335464"
"iNaturalist","image","259335464","Lontra annectens","2025-01-23","07:30","Laura I. Giraldo-Herreño",NA,"4.5102863014,-75.7593151554",4.5102863014,-75.7593151554,"https://inaturalist-open-data.s3.amazonaws.com/photos/465512106/original.jpeg","jpeg","https://www.inaturalist.org/observations/259335464"
"iNaturalist","image","259335464","Lontra annectens","2025-01-23","07:30","Laura I. Giraldo-Herreño",NA,"4.5102863014,-75.7593151554",4.5102863014,-75.7593151554,"https://inaturalist-open-data.s3.amazonaws.com/photos/465512111/original.jpeg","jpeg","https://www.inaturalist.org/observations/259335464"
"iNaturalist","image","259289041","Lontra annectens","2024-12-15","12:38","Paulasaravia",NA,"5.6848333,-75.7916944",5.6848333,-75.7916944,"https://static.inaturalist.org/photos/465417533/original.png","png","https://www.inaturalist.org/observations/259289041"
"iNaturalist","image","259254689","Lontra annectens","2025-01-22","07:20","Luis Enrique Girón Mejía",NA,"14.4195766248,-88.9493513136",14.4195766248,-88.9493513136,"https://static.inaturalist.org/photos/465347878/original.png","png","https://www.inaturalist.org/observations/259254689"
"iNaturalist","image","258754392","Lontra annectens","2025-01-13","10:49","John Carr",NA,"10.4301364959,-83.6199120968",10.4301364959,-83.6199120968,"https://inaturalist-open-data.s3.amazonaws.com/photos/464328514/original.jpeg","jpeg","https://www.inaturalist.org/observations/258754392"
"iNaturalist","image","258754392","Lontra annectens","2025-01-13","10:49","John Carr",NA,"10.4301364959,-83.6199120968",10.4301364959,-83.6199120968,"https://inaturalist-open-data.s3.amazonaws.com/photos/464328519/original.jpeg","jpeg","https://www.inaturalist.org/observations/258754392"
"iNaturalist","image","258754392","Lontra annectens","2025-01-13","10:49","John Carr",NA,"10.4301364959,-83.6199120968",10.4301364959,-83.6199120968,"https://inaturalist-open-data.s3.amazonaws.com/photos/464328517/original.jpeg","jpeg","https://www.inaturalist.org/observations/258754392"
"iNaturalist","image","258754392","Lontra annectens","2025-01-13","10:49","John Carr",NA,"10.4301364959,-83.6199120968",10.4301364959,-83.6199120968,"https://inaturalist-open-data.s3.amazonaws.com/photos/464328687/original.jpeg","jpeg","https://www.inaturalist.org/observations/258754392"
"iNaturalist","image","258754392","Lontra annectens","2025-01-13","10:49","John Carr",NA,"10.4301364959,-83.6199120968",10.4301364959,-83.6199120968,"https://inaturalist-open-data.s3.amazonaws.com/photos/464328743/original.jpeg","jpeg","https://www.inaturalist.org/observations/258754392"
"iNaturalist","image","258677273","Lontra annectens","2024-12-24","06:39","Ot Pérez Larumbe",NA,"10.5341883333,-83.5060966667",10.5341883333,-83.5060966667,"https://static.inaturalist.org/photos/464169990/original.jpg","jpeg","https://www.inaturalist.org/observations/258677273"
"iNaturalist","image","258677273","Lontra annectens","2024-12-24","06:39","Ot Pérez Larumbe",NA,"10.5341883333,-83.5060966667",10.5341883333,-83.5060966667,"https://static.inaturalist.org/photos/464169978/original.jpg","jpeg","https://www.inaturalist.org/observations/258677273"
"iNaturalist","image","258641619","Lontra annectens",NA,NA,"Stephanie Navas",NA,"-2.1777352908,-79.8760838807",-2.1777352908,-79.8760838807,"https://static.inaturalist.org/photos/464099476/original.jpeg","jpeg","https://www.inaturalist.org/observations/258641619"
"iNaturalist","image","258641619","Lontra annectens",NA,NA,"Stephanie Navas",NA,"-2.1777352908,-79.8760838807",-2.1777352908,-79.8760838807,"https://static.inaturalist.org/photos/464099490/original.jpeg","jpeg","https://www.inaturalist.org/observations/258641619"
"iNaturalist","image","258641619","Lontra annectens",NA,NA,"Stephanie Navas",NA,"-2.1777352908,-79.8760838807",-2.1777352908,-79.8760838807,"https://static.inaturalist.org/photos/464099505/original.jpeg","jpeg","https://www.inaturalist.org/observations/258641619"
"iNaturalist","image","258641619","Lontra annectens",NA,NA,"Stephanie Navas",NA,"-2.1777352908,-79.8760838807",-2.1777352908,-79.8760838807,"https://static.inaturalist.org/photos/464099522/original.jpeg","jpeg","https://www.inaturalist.org/observations/258641619"
"iNaturalist","image","258608988","Lontra annectens","2016-01-30","08:05","Sandra k Vorpahl",NA,"8.6893845303,-83.4760952003",8.6893845303,-83.4760952003,"https://inaturalist-open-data.s3.amazonaws.com/photos/464028429/original.jpg","jpeg","https://www.inaturalist.org/observations/258608988"
"iNaturalist","image","258608988","Lontra annectens","2016-01-30","08:05","Sandra k Vorpahl",NA,"8.6893845303,-83.4760952003",8.6893845303,-83.4760952003,"https://inaturalist-open-data.s3.amazonaws.com/photos/464028420/original.jpg","jpeg","https://www.inaturalist.org/observations/258608988"
"iNaturalist","image","258608988","Lontra annectens","2016-01-30","08:05","Sandra k Vorpahl",NA,"8.6893845303,-83.4760952003",8.6893845303,-83.4760952003,"https://inaturalist-open-data.s3.amazonaws.com/photos/464028414/original.jpg","jpeg","https://www.inaturalist.org/observations/258608988"
"iNaturalist","image","258608988","Lontra annectens","2016-01-30","08:05","Sandra k Vorpahl",NA,"8.6893845303,-83.4760952003",8.6893845303,-83.4760952003,"https://inaturalist-open-data.s3.amazonaws.com/photos/464028431/original.jpg","jpeg","https://www.inaturalist.org/observations/258608988"
"iNaturalist","image","258608988","Lontra annectens","2016-01-30","08:05","Sandra k Vorpahl",NA,"8.6893845303,-83.4760952003",8.6893845303,-83.4760952003,"https://inaturalist-open-data.s3.amazonaws.com/photos/464028438/original.jpg","jpeg","https://www.inaturalist.org/observations/258608988"
"iNaturalist","image","258608988","Lontra annectens","2016-01-30","08:05","Sandra k Vorpahl",NA,"8.6893845303,-83.4760952003",8.6893845303,-83.4760952003,"https://inaturalist-open-data.s3.amazonaws.com/photos/464028442/original.jpg","jpeg","https://www.inaturalist.org/observations/258608988"
"iNaturalist","image","258608988","Lontra annectens","2016-01-30","08:05","Sandra k Vorpahl",NA,"8.6893845303,-83.4760952003",8.6893845303,-83.4760952003,"https://inaturalist-open-data.s3.amazonaws.com/photos/464028437/original.jpg","jpeg","https://www.inaturalist.org/observations/258608988"
"iNaturalist","image","258608988","Lontra annectens","2016-01-30","08:05","Sandra k Vorpahl",NA,"8.6893845303,-83.4760952003",8.6893845303,-83.4760952003,"https://inaturalist-open-data.s3.amazonaws.com/photos/464028449/original.jpg","jpeg","https://www.inaturalist.org/observations/258608988"
"iNaturalist","image","258427582","Lontra annectens","2024-02-28","17:12","Sylvain Eichhorn",NA,"6.1151070279,-77.4217121746",6.1151070279,-77.4217121746,"https://inaturalist-open-data.s3.amazonaws.com/photos/463656297/original.jpg","jpeg","https://www.inaturalist.org/observations/258427582"
"iNaturalist","image","258157732","Lontra annectens","2025-01-08","17:17","Meneses Villamil Luis Fernando",NA,"18.7689015155,-96.8714020774",18.7689015155,-96.8714020774,"https://static.inaturalist.org/photos/463134064/original.jpeg","jpeg","https://www.inaturalist.org/observations/258157732"
"iNaturalist","image","258157732","Lontra annectens","2025-01-08","17:17","Meneses Villamil Luis Fernando",NA,"18.7689015155,-96.8714020774",18.7689015155,-96.8714020774,"https://static.inaturalist.org/photos/463247616/original.jpeg","jpeg","https://www.inaturalist.org/observations/258157732"
"iNaturalist","image","258157732","Lontra annectens","2025-01-08","17:17","Meneses Villamil Luis Fernando",NA,"18.7689015155,-96.8714020774",18.7689015155,-96.8714020774,"https://static.inaturalist.org/photos/463247634/original.jpeg","jpeg","https://www.inaturalist.org/observations/258157732"
"iNaturalist","image","257744699","Lontra annectens","2017-09-06","17:35","Orlando Padilla",NA,"11.0332480274,-74.8528764137",11.0332480274,-74.8528764137,"https://inaturalist-open-data.s3.amazonaws.com/photos/462408356/original.png","png","https://www.inaturalist.org/observations/257744699"
"iNaturalist","image","257660982","Lontra annectens","2025-01-06","17:40","Terry",NA,"8.7364577,-82.3234843",8.7364577,-82.3234843,"https://inaturalist-open-data.s3.amazonaws.com/photos/462249845/original.jpeg","jpeg","https://www.inaturalist.org/observations/257660982"
"iNaturalist","image","257660982","Lontra annectens","2025-01-06","17:40","Terry",NA,"8.7364577,-82.3234843",8.7364577,-82.3234843,"https://inaturalist-open-data.s3.amazonaws.com/photos/462249867/original.jpeg","jpeg","https://www.inaturalist.org/observations/257660982"
"iNaturalist","image","257367983","Lontra annectens","2025-01-04","09:21","Claryliz Sánchez",NA,"8.3399159233,-80.1714158803",8.3399159233,-80.1714158803,"https://static.inaturalist.org/photos/461669330/original.jpeg","jpeg","https://www.inaturalist.org/observations/257367983"
"iNaturalist","image","257367983","Lontra annectens","2025-01-04","09:21","Claryliz Sánchez",NA,"8.3399159233,-80.1714158803",8.3399159233,-80.1714158803,"https://static.inaturalist.org/photos/461669352/original.jpeg","jpeg","https://www.inaturalist.org/observations/257367983"
"iNaturalist","image","257165995","Lontra annectens","2024-07-13","08:22","Frank Dietze",NA,"-2.1924452,-79.8794393",-2.1924452,-79.8794393,"https://static.inaturalist.org/photos/461267728/original.jpg","jpeg","https://www.inaturalist.org/observations/257165995"
"iNaturalist","image","257165995","Lontra annectens","2024-07-13","08:22","Frank Dietze",NA,"-2.1924452,-79.8794393",-2.1924452,-79.8794393,"https://static.inaturalist.org/photos/461267822/original.jpg","jpeg","https://www.inaturalist.org/observations/257165995"
"iNaturalist","image","257165995","Lontra annectens","2024-07-13","08:22","Frank Dietze",NA,"-2.1924452,-79.8794393",-2.1924452,-79.8794393,"https://static.inaturalist.org/photos/461267749/original.jpg","jpeg","https://www.inaturalist.org/observations/257165995"
"iNaturalist","image","257165995","Lontra annectens","2024-07-13","08:22","Frank Dietze",NA,"-2.1924452,-79.8794393",-2.1924452,-79.8794393,"https://static.inaturalist.org/photos/461267789/original.jpg","jpeg","https://www.inaturalist.org/observations/257165995"
"iNaturalist","image","257165995","Lontra annectens","2024-07-13","08:22","Frank Dietze",NA,"-2.1924452,-79.8794393",-2.1924452,-79.8794393,"https://static.inaturalist.org/photos/461267724/original.jpg","jpeg","https://www.inaturalist.org/observations/257165995"
"iNaturalist","image","257151240","Lontra annectens","2024-10-20","07:12","Oliver Komar",NA,"3.8771941958,-76.3471064257",3.8771941958,-76.3471064257,"https://inaturalist-open-data.s3.amazonaws.com/photos/461229369/original.jpeg","jpeg","https://www.inaturalist.org/observations/257151240"
"iNaturalist","image","257151240","Lontra annectens","2024-10-20","07:12","Oliver Komar",NA,"3.8771941958,-76.3471064257",3.8771941958,-76.3471064257,"https://inaturalist-open-data.s3.amazonaws.com/photos/461229383/original.jpeg","jpeg","https://www.inaturalist.org/observations/257151240"
"iNaturalist","image","257151240","Lontra annectens","2024-10-20","07:12","Oliver Komar",NA,"3.8771941958,-76.3471064257",3.8771941958,-76.3471064257,"https://inaturalist-open-data.s3.amazonaws.com/photos/461229352/original.jpeg","jpeg","https://www.inaturalist.org/observations/257151240"
"iNaturalist","image","257151240","Lontra annectens","2024-10-20","07:12","Oliver Komar",NA,"3.8771941958,-76.3471064257",3.8771941958,-76.3471064257,"https://inaturalist-open-data.s3.amazonaws.com/photos/461229345/original.jpeg","jpeg","https://www.inaturalist.org/observations/257151240"
"iNaturalist","image","257151240","Lontra annectens","2024-10-20","07:12","Oliver Komar",NA,"3.8771941958,-76.3471064257",3.8771941958,-76.3471064257,"https://inaturalist-open-data.s3.amazonaws.com/photos/461229316/original.jpeg","jpeg","https://www.inaturalist.org/observations/257151240"
"iNaturalist","image","257007935","Lontra annectens","2024-02-14","12:15","Nadine Walter-Minauf",NA,"10.4311178089,-84.0062616998",10.4311178089,-84.0062616998,"https://inaturalist-open-data.s3.amazonaws.com/photos/460940930/original.jpeg","jpeg","https://www.inaturalist.org/observations/257007935"
"iNaturalist","image","257007935","Lontra annectens","2024-02-14","12:15","Nadine Walter-Minauf",NA,"10.4311178089,-84.0062616998",10.4311178089,-84.0062616998,"https://inaturalist-open-data.s3.amazonaws.com/photos/460940865/original.jpeg","jpeg","https://www.inaturalist.org/observations/257007935"
"iNaturalist","image","256834046","Lontra annectens","2016-10-11","08:02","Orlando Padilla",NA,"2.3154478547,-75.6393349827",2.3154478547,-75.6393349827,"https://inaturalist-open-data.s3.amazonaws.com/photos/460583047/original.jpeg","jpeg","https://www.inaturalist.org/observations/256834046"
"iNaturalist","image","256785845","Lontra annectens","2024-12-29","17:57","Mexfant Maravilloso",NA,"20.7719247724,-103.9888415901",20.7719247724,-103.9888415901,"https://inaturalist-open-data.s3.amazonaws.com/photos/460483725/original.jpeg","jpeg","https://www.inaturalist.org/observations/256785845"
"iNaturalist","image","256414484","Lontra annectens","2024-12-27","15:16","Jose Silva h",NA,"7.663690668,-74.1173472775",7.663690668,-74.1173472775,"https://inaturalist-open-data.s3.amazonaws.com/photos/460781511/original.jpg","jpeg","https://www.inaturalist.org/observations/256414484"
"iNaturalist","image","256271982","Lontra annectens","2024-12-26","09:24","William Garnica",NA,"5.1328916667,-74.160345",5.1328916667,-74.160345,"https://static.inaturalist.org/photos/462143103/original.jpeg","jpeg","https://www.inaturalist.org/observations/256271982"
"iNaturalist","image","256129743","Lontra annectens",NA,NA,"Bram Loos",NA,"8.5188048459,-83.3331485465",8.5188048459,-83.3331485465,"https://inaturalist-open-data.s3.amazonaws.com/photos/459151946/original.jpeg","jpeg","https://www.inaturalist.org/observations/256129743"
"iNaturalist","image","256129743","Lontra annectens",NA,NA,"Bram Loos",NA,"8.5188048459,-83.3331485465",8.5188048459,-83.3331485465,"https://inaturalist-open-data.s3.amazonaws.com/photos/459152308/original.jpeg","jpeg","https://www.inaturalist.org/observations/256129743"
"iNaturalist","image","255515707","Lontra annectens","2020-09-07","23:43","Lushi Valverde Mñx",NA,"8.6785234068,-83.7068887653",8.6785234068,-83.7068887653,"https://static.inaturalist.org/photos/457908615/original.jpeg","jpeg","https://www.inaturalist.org/observations/255515707"
"iNaturalist","image","255515707","Lontra annectens","2020-09-07","23:43","Lushi Valverde Mñx",NA,"8.6785234068,-83.7068887653",8.6785234068,-83.7068887653,"https://static.inaturalist.org/photos/457908616/original.jpeg","jpeg","https://www.inaturalist.org/observations/255515707"
"iNaturalist","image","255499985","Lontra annectens","2018-11-20","22:33","Lushi Valverde Mñx",NA,"8.7972421256,-83.4528248107",8.7972421256,-83.4528248107,"https://static.inaturalist.org/photos/457877678/original.jpeg","jpeg","https://www.inaturalist.org/observations/255499985"
"iNaturalist","image","255499985","Lontra annectens","2018-11-20","22:33","Lushi Valverde Mñx",NA,"8.7972421256,-83.4528248107",8.7972421256,-83.4528248107,"https://static.inaturalist.org/photos/457877676/original.jpeg","jpeg","https://www.inaturalist.org/observations/255499985"
"iNaturalist","image","255499985","Lontra annectens","2018-11-20","22:33","Lushi Valverde Mñx",NA,"8.7972421256,-83.4528248107",8.7972421256,-83.4528248107,"https://static.inaturalist.org/photos/457877656/original.jpeg","jpeg","https://www.inaturalist.org/observations/255499985"
"iNaturalist","image","255499985","Lontra annectens","2018-11-20","22:33","Lushi Valverde Mñx",NA,"8.7972421256,-83.4528248107",8.7972421256,-83.4528248107,"https://static.inaturalist.org/photos/457877664/original.jpeg","jpeg","https://www.inaturalist.org/observations/255499985"
"iNaturalist","image","255499985","Lontra annectens","2018-11-20","22:33","Lushi Valverde Mñx",NA,"8.7972421256,-83.4528248107",8.7972421256,-83.4528248107,"https://static.inaturalist.org/photos/457877633/original.jpeg","jpeg","https://www.inaturalist.org/observations/255499985"
"iNaturalist","image","255499985","Lontra annectens","2018-11-20","22:33","Lushi Valverde Mñx",NA,"8.7972421256,-83.4528248107",8.7972421256,-83.4528248107,"https://static.inaturalist.org/photos/457877640/original.jpeg","jpeg","https://www.inaturalist.org/observations/255499985"
"iNaturalist","image","255499985","Lontra annectens","2018-11-20","22:33","Lushi Valverde Mñx",NA,"8.7972421256,-83.4528248107",8.7972421256,-83.4528248107,"https://static.inaturalist.org/photos/457877626/original.jpeg","jpeg","https://www.inaturalist.org/observations/255499985"
"iNaturalist","image","255496199","Lontra annectens","2024-12-18","07:39","Matt Berger",NA,"9.7567166667,-84.6121216667",9.7567166667,-84.6121216667,"https://inaturalist-open-data.s3.amazonaws.com/photos/457871674/original.jpg","jpeg","https://www.inaturalist.org/observations/255496199"
"iNaturalist","image","255496199","Lontra annectens","2024-12-18","07:39","Matt Berger",NA,"9.7567166667,-84.6121216667",9.7567166667,-84.6121216667,"https://inaturalist-open-data.s3.amazonaws.com/photos/457878120/original.jpg","jpeg","https://www.inaturalist.org/observations/255496199"
"iNaturalist","image","255125927","Lontra annectens",NA,NA,"Jairo Brenes",NA,"10.5366486979,-83.5064169019",10.5366486979,-83.5064169019,"https://static.inaturalist.org/photos/457135862/original.jpeg","jpeg","https://www.inaturalist.org/observations/255125927"
"iNaturalist","image","255066500","Lontra annectens","2024-03-12","15:28","will King",NA,"11.492829457,-85.5244833277",11.492829457,-85.5244833277,"https://static.inaturalist.org/photos/457016350/original.jpg","jpeg","https://www.inaturalist.org/observations/255066500"
"iNaturalist","image","255012473","Lontra annectens","2024-12-13","09:35","Ben Costamagna",NA,"6.1150925,-77.4217605556",6.1150925,-77.4217605556,"https://inaturalist-open-data.s3.amazonaws.com/photos/456906937/original.jpeg","jpeg","https://www.inaturalist.org/observations/255012473"
"iNaturalist","image","254176122","Lontra annectens","2024-11-29","06:07","Niff82",NA,"8.374057663,-77.790706773",8.374057663,-77.790706773,"https://inaturalist-open-data.s3.amazonaws.com/photos/455216395/original.jpeg","jpeg","https://www.inaturalist.org/observations/254176122"
"iNaturalist","image","253475519","Lontra annectens","2024-11-03","07:44","Stephen John Davies",NA,"3.88868,-76.3499066667",3.88868,-76.3499066667,"https://inaturalist-open-data.s3.amazonaws.com/photos/453862177/original.jpg","jpeg","https://www.inaturalist.org/observations/253475519"
"iNaturalist","image","253475519","Lontra annectens","2024-11-03","07:44","Stephen John Davies",NA,"3.88868,-76.3499066667",3.88868,-76.3499066667,"https://inaturalist-open-data.s3.amazonaws.com/photos/453862179/original.jpg","jpeg","https://www.inaturalist.org/observations/253475519"
"iNaturalist","image","253139045","Lontra annectens","2024-10-16","12:00","Adan Marín",NA,"10.4391320034,-84.0110612007",10.4391320034,-84.0110612007,"https://inaturalist-open-data.s3.amazonaws.com/photos/453207562/original.jpeg","jpeg","https://www.inaturalist.org/observations/253139045"
"iNaturalist","image","253139045","Lontra annectens","2024-10-16","12:00","Adan Marín",NA,"10.4391320034,-84.0110612007",10.4391320034,-84.0110612007,"https://inaturalist-open-data.s3.amazonaws.com/photos/453207575/original.jpeg","jpeg","https://www.inaturalist.org/observations/253139045"
"iNaturalist","image","253139045","Lontra annectens","2024-10-16","12:00","Adan Marín",NA,"10.4391320034,-84.0110612007",10.4391320034,-84.0110612007,"https://inaturalist-open-data.s3.amazonaws.com/photos/453207580/original.jpeg","jpeg","https://www.inaturalist.org/observations/253139045"
"iNaturalist","image","251088679","Lontra annectens","2024-11-09","08:19","Matthew Gable",NA,"3.606110123,-76.4608820314",3.606110123,-76.4608820314,"https://static.inaturalist.org/photos/449198077/original.jpg","jpeg","https://www.inaturalist.org/observations/251088679"
"iNaturalist","image","251088679","Lontra annectens","2024-11-09","08:19","Matthew Gable",NA,"3.606110123,-76.4608820314",3.606110123,-76.4608820314,"https://static.inaturalist.org/photos/449361613/original.jpg","jpeg","https://www.inaturalist.org/observations/251088679"
"iNaturalist","image","250207132","Lontra annectens","2024-11-02","16:41","Isaontaneda",NA,"0.0256226497,-78.6774894542",0.0256226497,-78.6774894542,"https://inaturalist-open-data.s3.amazonaws.com/photos/447429273/original.jpeg","jpeg","https://www.inaturalist.org/observations/250207132"
"iNaturalist","image","250207132","Lontra annectens","2024-11-02","16:41","Isaontaneda",NA,"0.0256226497,-78.6774894542",0.0256226497,-78.6774894542,"https://inaturalist-open-data.s3.amazonaws.com/photos/447429305/original.jpeg","jpeg","https://www.inaturalist.org/observations/250207132"
"iNaturalist","image","250014998","Lontra annectens","2024-10-24","14:40","Yahirsito69",NA,"20.6922853,-103.3509831",20.6922853,-103.3509831,"https://inaturalist-open-data.s3.amazonaws.com/photos/447041915/original.jpeg","jpeg","https://www.inaturalist.org/observations/250014998"
"iNaturalist","image","249175837","Lontra annectens","2024-10-26","06:28","Brittany m",NA,"10.5361222222,-83.5068305556",10.5361222222,-83.5068305556,"https://inaturalist-open-data.s3.amazonaws.com/photos/445371416/original.jpeg","jpeg","https://www.inaturalist.org/observations/249175837"
"iNaturalist","image","249175837","Lontra annectens","2024-10-26","06:28","Brittany m",NA,"10.5361222222,-83.5068305556",10.5361222222,-83.5068305556,"https://inaturalist-open-data.s3.amazonaws.com/photos/445371443/original.jpeg","jpeg","https://www.inaturalist.org/observations/249175837"
"iNaturalist","image","248835588","Lontra annectens","2024-10-23","20:56","Jordy Arce",NA,"19.8730445888,-103.7643902376",19.8730445888,-103.7643902376,"https://static.inaturalist.org/photos/444703945/original.jpeg","jpeg","https://www.inaturalist.org/observations/248835588"
"iNaturalist","image","247777682","Lontra annectens",NA,NA,"Uriel Sanchez",NA,"15.3071998554,-84.2252998799",15.3071998554,-84.2252998799,"https://static.inaturalist.org/photos/442603819/original.jpeg","jpeg","https://www.inaturalist.org/observations/247777682"
"iNaturalist","image","247777682","Lontra annectens",NA,NA,"Uriel Sanchez",NA,"15.3071998554,-84.2252998799",15.3071998554,-84.2252998799,"https://static.inaturalist.org/photos/442603831/original.jpeg","jpeg","https://www.inaturalist.org/observations/247777682"
"iNaturalist","image","247777682","Lontra annectens",NA,NA,"Uriel Sanchez",NA,"15.3071998554,-84.2252998799",15.3071998554,-84.2252998799,"https://static.inaturalist.org/photos/442603841/original.jpeg","jpeg","https://www.inaturalist.org/observations/247777682"
"iNaturalist","image","247226020","Lontra annectens","2024-09-27","19:15","José Antonio Negrete Moreno",NA,"-1.5349018,-79.7848422",-1.5349018,-79.7848422,"https://static.inaturalist.org/photos/441503205/original.jpeg","jpeg","https://www.inaturalist.org/observations/247226020"
"iNaturalist","image","247226020","Lontra annectens","2024-09-27","19:15","José Antonio Negrete Moreno",NA,"-1.5349018,-79.7848422",-1.5349018,-79.7848422,"https://static.inaturalist.org/photos/441503209/original.jpeg","jpeg","https://www.inaturalist.org/observations/247226020"
"iNaturalist","image","247226020","Lontra annectens","2024-09-27","19:15","José Antonio Negrete Moreno",NA,"-1.5349018,-79.7848422",-1.5349018,-79.7848422,"https://static.inaturalist.org/photos/441503208/original.jpeg","jpeg","https://www.inaturalist.org/observations/247226020"
"iNaturalist","image","247008858","Lontra annectens",NA,NA,"Dana L. Tapia Ortiz",NA,"16.4471679547,-95.0337613374",16.4471679547,-95.0337613374,"https://static.inaturalist.org/photos/441072490/original.jpeg","jpeg","https://www.inaturalist.org/observations/247008858"
"iNaturalist","image","247008858","Lontra annectens",NA,NA,"Dana L. Tapia Ortiz",NA,"16.4471679547,-95.0337613374",16.4471679547,-95.0337613374,"https://static.inaturalist.org/photos/441072511/original.jpeg","jpeg","https://www.inaturalist.org/observations/247008858"
"iNaturalist","image","247008858","Lontra annectens",NA,NA,"Dana L. Tapia Ortiz",NA,"16.4471679547,-95.0337613374",16.4471679547,-95.0337613374,"https://static.inaturalist.org/photos/441072532/original.jpeg","jpeg","https://www.inaturalist.org/observations/247008858"
"iNaturalist","image","247006331","Lontra annectens","2024-06-03","10:51","Dana L. Tapia Ortiz",NA,"16.720721,-95.3467169722",16.720721,-95.3467169722,"https://static.inaturalist.org/photos/441066870/original.jpeg","jpeg","https://www.inaturalist.org/observations/247006331"
"iNaturalist","image","246874874","Lontra annectens","2024-10-10","16:28","Nayeli Padilla",NA,"16.7567083333,-93.1107027778",16.7567083333,-93.1107027778,"https://static.inaturalist.org/photos/440813521/original.jpeg","jpeg","https://www.inaturalist.org/observations/246874874"
"iNaturalist","image","246874874","Lontra annectens","2024-10-10","16:28","Nayeli Padilla",NA,"16.7567083333,-93.1107027778",16.7567083333,-93.1107027778,"https://static.inaturalist.org/photos/440813536/original.jpeg","jpeg","https://www.inaturalist.org/observations/246874874"
"iNaturalist","image","246874874","Lontra annectens","2024-10-10","16:28","Nayeli Padilla",NA,"16.7567083333,-93.1107027778",16.7567083333,-93.1107027778,"https://static.inaturalist.org/photos/440813549/original.jpeg","jpeg","https://www.inaturalist.org/observations/246874874"
"iNaturalist","image","246078859","Lontra annectens","2024-10-06","19:41","Rochsnake Pliskent",NA,"9.0771019258,-83.6678754911",9.0771019258,-83.6678754911,"https://static.inaturalist.org/photos/439235635/original.jpeg","jpeg","https://www.inaturalist.org/observations/246078859"
"iNaturalist","image","246035644","Lontra annectens","2024-05-12","12:25","Alexandre Grave",NA,"1.12972,-79.11208",1.12972,-79.11208,"https://inaturalist-open-data.s3.amazonaws.com/photos/439145119/original.jpeg","jpeg","https://www.inaturalist.org/observations/246035644"
"iNaturalist","image","245477354","Lontra annectens","2024-08-17","08:45","Luis David Pérez Gracida",NA,"18.9045843639,-96.8180876306",18.9045843639,-96.8180876306,"https://inaturalist-open-data.s3.amazonaws.com/photos/438048821/original.jpeg","jpeg","https://www.inaturalist.org/observations/245477354"
"iNaturalist","image","245256926","Lontra annectens","2024-06-08","19:20","Apff Cerro Mohinora",NA,"25.9742680089,-107.0455895321",25.9742680089,-107.0455895321,"https://inaturalist-open-data.s3.amazonaws.com/photos/437616515/original.jpeg","jpeg","https://www.inaturalist.org/observations/245256926"
"iNaturalist","image","245253615","Lontra annectens","2024-06-09","19:58","Apff Cerro Mohinora",NA,"25.9723831435,-107.0449083031",25.9723831435,-107.0449083031,"https://inaturalist-open-data.s3.amazonaws.com/photos/437610033/original.jpeg","jpeg","https://www.inaturalist.org/observations/245253615"
"iNaturalist","image","244909826","Lontra annectens","2024-05-12","12:16","Hugo Foxonet",NA,"1.1239578788,-79.1176067324",1.1239578788,-79.1176067324,"https://static.inaturalist.org/photos/436940018/original.jpeg","jpeg","https://www.inaturalist.org/observations/244909826"
"iNaturalist","image","244716017","Lontra annectens","2024-06-08","08:30","Ana Gabriela Rodríguez",NA,"8.5040069245,-82.2915534402",8.5040069245,-82.2915534402,"https://static.inaturalist.org/photos/436563158/original.jpeg","jpeg","https://www.inaturalist.org/observations/244716017"
"iNaturalist","image","244589467","Lontra annectens","2023-04-19","07:04","Jasen Liu",NA,"10.4313829604,-84.0050810944",10.4313829604,-84.0050810944,"https://inaturalist-open-data.s3.amazonaws.com/photos/436308612/original.jpeg","jpeg","https://www.inaturalist.org/observations/244589467"
"iNaturalist","image","244589467","Lontra annectens","2023-04-19","07:04","Jasen Liu",NA,"10.4313829604,-84.0050810944",10.4313829604,-84.0050810944,"https://inaturalist-open-data.s3.amazonaws.com/photos/436308604/original.jpeg","jpeg","https://www.inaturalist.org/observations/244589467"
"iNaturalist","image","243685551","Lontra annectens","2024-09-23","16:14","Ethan Kistler",NA,"9.2607883333,-83.8618866667",9.2607883333,-83.8618866667,"https://inaturalist-open-data.s3.amazonaws.com/photos/434560917/original.jpeg","jpeg","https://www.inaturalist.org/observations/243685551"
"iNaturalist","image","242302914","Lontra annectens","2024-09-16","17:48","Euclides ""Kilo"" Campos",NA,"9.3542434245,-82.4969025288",9.3542434245,-82.4969025288,"https://static.inaturalist.org/photos/431963539/original.jpg","jpeg","https://www.inaturalist.org/observations/242302914"
"iNaturalist","image","241917227","Lontra annectens","2024-09-14","06:26","Diego Ramírez",NA,"9.1765665881,-83.4431730956",9.1765665881,-83.4431730956,"https://inaturalist-open-data.s3.amazonaws.com/photos/431215686/original.jpeg","jpeg","https://www.inaturalist.org/observations/241917227"
"iNaturalist","image","241411826","Lontra annectens","2006-07-18","09:06","No Rights Reserved",NA,"10.5424838,-83.5023552",10.5424838,-83.5023552,"https://inaturalist-open-data.s3.amazonaws.com/photos/430248677/original.jpeg","jpeg","https://www.inaturalist.org/observations/241411826"
"iNaturalist","image","240770953","Lontra annectens","2024-05-19","09:22","Omar Daniel Leon-Alvarado",NA,"6.6989118106,-73.9209520279",6.6989118106,-73.9209520279,"https://inaturalist-open-data.s3.amazonaws.com/photos/429008236/original.jpeg","jpeg","https://www.inaturalist.org/observations/240770953"
"iNaturalist","image","240770953","Lontra annectens","2024-05-19","09:22","Omar Daniel Leon-Alvarado",NA,"6.6989118106,-73.9209520279",6.6989118106,-73.9209520279,"https://inaturalist-open-data.s3.amazonaws.com/photos/429008291/original.jpeg","jpeg","https://www.inaturalist.org/observations/240770953"
"iNaturalist","image","240770953","Lontra annectens","2024-05-19","09:22","Omar Daniel Leon-Alvarado",NA,"6.6989118106,-73.9209520279",6.6989118106,-73.9209520279,"https://inaturalist-open-data.s3.amazonaws.com/photos/429008279/original.jpeg","jpeg","https://www.inaturalist.org/observations/240770953"
"iNaturalist","image","240770953","Lontra annectens","2024-05-19","09:22","Omar Daniel Leon-Alvarado",NA,"6.6989118106,-73.9209520279",6.6989118106,-73.9209520279,"https://inaturalist-open-data.s3.amazonaws.com/photos/429008296/original.jpeg","jpeg","https://www.inaturalist.org/observations/240770953"
"iNaturalist","image","240128240","Lontra annectens","2017-08-07","09:10","Ralphaba",NA,"10.5316,-83.5069",10.5316,-83.5069,"https://inaturalist-open-data.s3.amazonaws.com/photos/427767432/original.jpg","jpeg","https://www.inaturalist.org/observations/240128240"
"iNaturalist","image","239110049","Lontra annectens","2024-08-31","17:17","Javier",NA,"18.5749023202,-96.6355695203",18.5749023202,-96.6355695203,"https://inaturalist-open-data.s3.amazonaws.com/photos/425805140/original.jpeg","jpeg","https://www.inaturalist.org/observations/239110049"
"iNaturalist","image","238713956","Lontra annectens","2024-08-29","10:39","Emanuel Franco Jaramillo",NA,"6.3249059548,-75.3678230104",6.3249059548,-75.3678230104,"https://static.inaturalist.org/photos/425033311/original.jpeg","jpeg","https://www.inaturalist.org/observations/238713956"
"iNaturalist","image","238713956","Lontra annectens","2024-08-29","10:39","Emanuel Franco Jaramillo",NA,"6.3249059548,-75.3678230104",6.3249059548,-75.3678230104,"https://static.inaturalist.org/photos/425033327/original.jpeg","jpeg","https://www.inaturalist.org/observations/238713956"
"iNaturalist","image","238713956","Lontra annectens","2024-08-29","10:39","Emanuel Franco Jaramillo",NA,"6.3249059548,-75.3678230104",6.3249059548,-75.3678230104,"https://static.inaturalist.org/photos/425033343/original.jpeg","jpeg","https://www.inaturalist.org/observations/238713956"
"iNaturalist","image","238713956","Lontra annectens","2024-08-29","10:39","Emanuel Franco Jaramillo",NA,"6.3249059548,-75.3678230104",6.3249059548,-75.3678230104,"https://static.inaturalist.org/photos/425033353/original.jpeg","jpeg","https://www.inaturalist.org/observations/238713956"
"iNaturalist","image","238713956","Lontra annectens","2024-08-29","10:39","Emanuel Franco Jaramillo",NA,"6.3249059548,-75.3678230104",6.3249059548,-75.3678230104,"https://static.inaturalist.org/photos/425033361/original.jpeg","jpeg","https://www.inaturalist.org/observations/238713956"
"iNaturalist","image","238637055","Lontra annectens","2024-08-19","06:19","Carlos Venegas-Elizondo",NA,"9.855509032,-85.163881782",9.855509032,-85.163881782,"https://inaturalist-open-data.s3.amazonaws.com/photos/424879595/original.jpeg","jpeg","https://www.inaturalist.org/observations/238637055"
"iNaturalist","image","238637055","Lontra annectens","2024-08-19","06:19","Carlos Venegas-Elizondo",NA,"9.855509032,-85.163881782",9.855509032,-85.163881782,"https://inaturalist-open-data.s3.amazonaws.com/photos/424879644/original.jpeg","jpeg","https://www.inaturalist.org/observations/238637055"
"iNaturalist","image","237779369","Lontra annectens","2024-08-24","21:26","David Camilo Navarro Saiz",NA,"6.2928399231,-75.0274945708",6.2928399231,-75.0274945708,"https://static.inaturalist.org/photos/423223491/original.jpeg","jpeg","https://www.inaturalist.org/observations/237779369"
"iNaturalist","image","237779368","Lontra annectens","2024-08-24","21:25","David Camilo Navarro Saiz",NA,"6.2928446595,-75.0274959119",6.2928446595,-75.0274959119,"https://static.inaturalist.org/photos/423223480/original.jpeg","jpeg","https://www.inaturalist.org/observations/237779368"
"iNaturalist","image","237029021","Lontra annectens","2012-03-10","09:09","Dfoxmi",NA,"16.439895573,-88.4639952319",16.439895573,-88.4639952319,"https://inaturalist-open-data.s3.amazonaws.com/photos/421779129/original.jpg","jpeg","https://www.inaturalist.org/observations/237029021"
"iNaturalist","image","236775580","Lontra annectens","2006-02-26","20:42","Puku",NA,"10.5558232449,-83.5151639208",10.5558232449,-83.5151639208,"https://static.inaturalist.org/photos/421285271/original.jpeg","jpeg","https://www.inaturalist.org/observations/236775580"
"iNaturalist","image","236662929","Lontra annectens","2024-08-18","11:35","Edwin Guerrero",NA,"14.6018083333,-90.528275",14.6018083333,-90.528275,"https://static.inaturalist.org/photos/421070086/original.jpeg","jpeg","https://www.inaturalist.org/observations/236662929"
"iNaturalist","image","236662929","Lontra annectens","2024-08-18","11:35","Edwin Guerrero",NA,"14.6018083333,-90.528275",14.6018083333,-90.528275,"https://static.inaturalist.org/photos/421070123/original.jpeg","jpeg","https://www.inaturalist.org/observations/236662929"
"iNaturalist","image","236662929","Lontra annectens","2024-08-18","11:35","Edwin Guerrero",NA,"14.6018083333,-90.528275",14.6018083333,-90.528275,"https://static.inaturalist.org/photos/421070144/original.jpeg","jpeg","https://www.inaturalist.org/observations/236662929"
"iNaturalist","image","236262696","Lontra annectens","2024-08-08","10:30","Psweet",NA,"15.7562444444,-86.9978083333",15.7562444444,-86.9978083333,"https://inaturalist-open-data.s3.amazonaws.com/photos/420305273/original.jpeg","jpeg","https://www.inaturalist.org/observations/236262696"
"iNaturalist","image","235534751","Lontra annectens",NA,NA,"Jose Madrid",NA,"14.858152303,-87.9558030143",14.858152303,-87.9558030143,"https://static.inaturalist.org/photos/418900748/original.jpeg","jpeg","https://www.inaturalist.org/observations/235534751"
"iNaturalist","image","235534751","Lontra annectens",NA,NA,"Jose Madrid",NA,"14.858152303,-87.9558030143",14.858152303,-87.9558030143,"https://static.inaturalist.org/photos/418901173/original.jpeg","jpeg","https://www.inaturalist.org/observations/235534751"
"iNaturalist","image","234958655","Lontra annectens","2024-08-10","10:35","Saúl Villanueva Ríos",NA,"18.4663530556,-96.0268683333",18.4663530556,-96.0268683333,"https://inaturalist-open-data.s3.amazonaws.com/photos/417781514/original.jpeg","jpeg","https://www.inaturalist.org/observations/234958655"
"iNaturalist","image","234924607","Lontra annectens","2024-08-09","07:48","Elias Arcadia",NA,"21.4753024948,-104.8608792946",21.4753024948,-104.8608792946,"https://inaturalist-open-data.s3.amazonaws.com/photos/417716825/original.jpeg","jpeg","https://www.inaturalist.org/observations/234924607"
"iNaturalist","image","233744783","Lontra annectens",NA,NA,"Ripley Patton",NA,"9.3458436878,-82.5191698596",9.3458436878,-82.5191698596,"https://static.inaturalist.org/photos/415442473/original.jpeg","jpeg","https://www.inaturalist.org/observations/233744783"
"iNaturalist","image","233407265","Lontra annectens","2024-05-16","11:06","Joe Poston",NA,"3.8704842478,-76.3482716182",3.8704842478,-76.3482716182,"https://static.inaturalist.org/photos/414795754/original.jpg","jpeg","https://www.inaturalist.org/observations/233407265"
"iNaturalist","image","232161533","Lontra annectens","2024-07-21","07:41","Cello Caruso-Turiello",NA,"8.451209,-83.288142",8.451209,-83.288142,"https://inaturalist-open-data.s3.amazonaws.com/photos/412424236/original.jpg","jpeg","https://www.inaturalist.org/observations/232161533"
"iNaturalist","image","232161533","Lontra annectens","2024-07-21","07:41","Cello Caruso-Turiello",NA,"8.451209,-83.288142",8.451209,-83.288142,"https://inaturalist-open-data.s3.amazonaws.com/photos/412424184/original.jpg","jpeg","https://www.inaturalist.org/observations/232161533"
"iNaturalist","image","231276823","Lontra annectens","2014-08-02","14:26","Luis g Restrepo",NA,"8.117649435,-75.41263605",8.117649435,-75.41263605,"https://inaturalist-open-data.s3.amazonaws.com/photos/410713684/original.jpg","jpeg","https://www.inaturalist.org/observations/231276823"
"iNaturalist","image","231143641","Lontra annectens","2023-12-29","13:41","Elias Arcadia",NA,"21.3577111111,-104.7004583333",21.3577111111,-104.7004583333,"https://inaturalist-open-data.s3.amazonaws.com/photos/410496082/original.jpeg","jpeg","https://www.inaturalist.org/observations/231143641"
"iNaturalist","image","231143641","Lontra annectens","2023-12-29","13:41","Elias Arcadia",NA,"21.3577111111,-104.7004583333",21.3577111111,-104.7004583333,"https://inaturalist-open-data.s3.amazonaws.com/photos/410496106/original.jpeg","jpeg","https://www.inaturalist.org/observations/231143641"
"iNaturalist","image","231143641","Lontra annectens","2023-12-29","13:41","Elias Arcadia",NA,"21.3577111111,-104.7004583333",21.3577111111,-104.7004583333,"https://inaturalist-open-data.s3.amazonaws.com/photos/410496136/original.jpeg","jpeg","https://www.inaturalist.org/observations/231143641"
"iNaturalist","image","231143641","Lontra annectens","2023-12-29","13:41","Elias Arcadia",NA,"21.3577111111,-104.7004583333",21.3577111111,-104.7004583333,"https://inaturalist-open-data.s3.amazonaws.com/photos/410496161/original.jpeg","jpeg","https://www.inaturalist.org/observations/231143641"
"iNaturalist","image","231143641","Lontra annectens","2023-12-29","13:41","Elias Arcadia",NA,"21.3577111111,-104.7004583333",21.3577111111,-104.7004583333,"https://inaturalist-open-data.s3.amazonaws.com/photos/410496189/original.jpeg","jpeg","https://www.inaturalist.org/observations/231143641"
"iNaturalist","image","231099909","Lontra annectens",NA,NA,"Jose Madrid",NA,"14.8581267018,-87.9557269067",14.8581267018,-87.9557269067,"https://static.inaturalist.org/photos/410412184/original.jpeg","jpeg","https://www.inaturalist.org/observations/231099909"
"iNaturalist","image","231099909","Lontra annectens",NA,NA,"Jose Madrid",NA,"14.8581267018,-87.9557269067",14.8581267018,-87.9557269067,"https://static.inaturalist.org/photos/410412237/original.jpeg","jpeg","https://www.inaturalist.org/observations/231099909"
"iNaturalist","image","231035213","Lontra annectens","2024-07-19","08:48","Cello Caruso-Turiello",NA,"8.5755866715,-83.3599866667",8.5755866715,-83.3599866667,"https://inaturalist-open-data.s3.amazonaws.com/photos/410284933/original.jpeg","jpeg","https://www.inaturalist.org/observations/231035213"
"iNaturalist","image","230834473","Lontra annectens","2024-07-21","15:10","Sheyla Cevallos Misco",NA,"-2.229722279,-79.8322223872",-2.229722279,-79.8322223872,"https://inaturalist-open-data.s3.amazonaws.com/photos/409904076/original.jpeg","jpeg","https://www.inaturalist.org/observations/230834473"
"iNaturalist","image","230652721","Lontra annectens","2024-07-20","14:16","Andres Angulo",NA,"23.9170722778,-106.6225585833",23.9170722778,-106.6225585833,"https://static.inaturalist.org/photos/409572399/original.jpeg","jpeg","https://www.inaturalist.org/observations/230652721"
"iNaturalist","image","230652721","Lontra annectens","2024-07-20","14:16","Andres Angulo",NA,"23.9170722778,-106.6225585833",23.9170722778,-106.6225585833,"https://static.inaturalist.org/photos/409572486/original.jpeg","jpeg","https://www.inaturalist.org/observations/230652721"
"iNaturalist","image","230432530","Lontra annectens","2024-07-19","14:44","Tíco Haroutiounian",NA,"8.4512033333,-83.28807",8.4512033333,-83.28807,"https://static.inaturalist.org/photos/409162984/original.jpeg","jpeg","https://www.inaturalist.org/observations/230432530"
"iNaturalist","image","230432530","Lontra annectens","2024-07-19","14:44","Tíco Haroutiounian",NA,"8.4512033333,-83.28807",8.4512033333,-83.28807,"https://static.inaturalist.org/photos/409163026/original.jpeg","jpeg","https://www.inaturalist.org/observations/230432530"
"iNaturalist","image","230421922","Lontra annectens",NA,NA,"Abel Guerrero",NA,"29.7324244774,-108.5794697541",29.7324244774,-108.5794697541,"https://inaturalist-open-data.s3.amazonaws.com/photos/409141067/original.jpeg","jpeg","https://www.inaturalist.org/observations/230421922"
"iNaturalist","image","230421922","Lontra annectens",NA,NA,"Abel Guerrero",NA,"29.7324244774,-108.5794697541",29.7324244774,-108.5794697541,"https://inaturalist-open-data.s3.amazonaws.com/photos/409141088/original.jpeg","jpeg","https://www.inaturalist.org/observations/230421922"
"iNaturalist","image","230421922","Lontra annectens",NA,NA,"Abel Guerrero",NA,"29.7324244774,-108.5794697541",29.7324244774,-108.5794697541,"https://inaturalist-open-data.s3.amazonaws.com/photos/409141115/original.jpeg","jpeg","https://www.inaturalist.org/observations/230421922"
"iNaturalist","image","230101097","Lontra annectens",NA,NA,"Marlon Franco",NA,"15.0394512243,-89.6840230376",15.0394512243,-89.6840230376,"https://static.inaturalist.org/photos/408527378/original.jpeg","jpeg","https://www.inaturalist.org/observations/230101097"
"iNaturalist","image","230101097","Lontra annectens",NA,NA,"Marlon Franco",NA,"15.0394512243,-89.6840230376",15.0394512243,-89.6840230376,"https://static.inaturalist.org/photos/408527399/original.jpeg","jpeg","https://www.inaturalist.org/observations/230101097"
"iNaturalist","image","228960711","Lontra annectens","2024-03-13","23:53","Scott Burnett",NA,"8.61464,-82.95213",8.61464,-82.95213,"https://inaturalist-open-data.s3.amazonaws.com/photos/406357388/original.jpg","jpeg","https://www.inaturalist.org/observations/228960711"
"iNaturalist","image","228848645","Lontra annectens","2024-07-10","10:08","Gustavo Villatoro",NA,"15.0391678421,-89.6838996926",15.0391678421,-89.6838996926,"https://static.inaturalist.org/photos/406152810/original.jpeg","jpeg","https://www.inaturalist.org/observations/228848645"
"iNaturalist","image","228846228","Lontra annectens","2024-07-11","09:52","Gustavo Villatoro",NA,"15.0412970593,-89.6838456938",15.0412970593,-89.6838456938,"https://static.inaturalist.org/photos/406147716/original.jpeg","jpeg","https://www.inaturalist.org/observations/228846228"
"iNaturalist","image","228846228","Lontra annectens","2024-07-11","09:52","Gustavo Villatoro",NA,"15.0412970593,-89.6838456938",15.0412970593,-89.6838456938,"https://static.inaturalist.org/photos/406147719/original.jpeg","jpeg","https://www.inaturalist.org/observations/228846228"
"iNaturalist","image","228263334","Lontra annectens","2024-04-30","10:15","Geomanuel",NA,"17.305575,-96.5090333333",17.305575,-96.5090333333,"https://inaturalist-open-data.s3.amazonaws.com/photos/405034592/original.jpg","jpeg","https://www.inaturalist.org/observations/228263334"
"iNaturalist","image","228263334","Lontra annectens","2024-04-30","10:15","Geomanuel",NA,"17.305575,-96.5090333333",17.305575,-96.5090333333,"https://inaturalist-open-data.s3.amazonaws.com/photos/405040563/original.jpg","jpeg","https://www.inaturalist.org/observations/228263334"
"iNaturalist","image","227937036","Lontra annectens","2024-07-07","17:16","Ivani Martínez",NA,"19.1042376893,-96.1593426573",19.1042376893,-96.1593426573,"https://inaturalist-open-data.s3.amazonaws.com/photos/404424901/original.jpeg","jpeg","https://www.inaturalist.org/observations/227937036"
"iNaturalist","image","223002210","Lontra annectens","2023-04-15","13:39","Marcods",NA,"10.8920211587,-84.7767092334",10.8920211587,-84.7767092334,"https://inaturalist-open-data.s3.amazonaws.com/photos/395083060/original.jpg","jpeg","https://www.inaturalist.org/observations/223002210"
"iNaturalist","image","220622640","Lontra annectens","2009-12-30","05:26","David Caldera",NA,"19.4590296948,-99.0748933329",19.4590296948,-99.0748933329,"https://inaturalist-open-data.s3.amazonaws.com/photos/390632539/original.jpeg","jpeg","https://www.inaturalist.org/observations/220622640"
"iNaturalist","image","220395412","Lontra annectens","2024-06-03","13:51","Shrub_jay",NA,"10.5722712907,-83.5214226548",10.5722712907,-83.5214226548,"https://inaturalist-open-data.s3.amazonaws.com/photos/390205145/original.jpg","jpeg","https://www.inaturalist.org/observations/220395412"
"iNaturalist","image","219802072","Lontra annectens","2023-10-07","10:56","Carlos Venegas-Elizondo",NA,"9.943206282,-85.1727095917",9.943206282,-85.1727095917,"https://inaturalist-open-data.s3.amazonaws.com/photos/389084997/original.jpg","jpeg","https://www.inaturalist.org/observations/219802072"
"iNaturalist","image","219802072","Lontra annectens","2023-10-07","10:56","Carlos Venegas-Elizondo",NA,"9.943206282,-85.1727095917",9.943206282,-85.1727095917,"https://inaturalist-open-data.s3.amazonaws.com/photos/389085020/original.jpg","jpeg","https://www.inaturalist.org/observations/219802072"
"iNaturalist","image","219181531","Lontra annectens","2024-05-10","13:59","Xavier",NA,"10.5937214914,-83.5276574691",10.5937214914,-83.5276574691,"https://static.inaturalist.org/photos/387926786/original.jpg","jpeg","https://www.inaturalist.org/observations/219181531"
"iNaturalist","image","219181531","Lontra annectens","2024-05-10","13:59","Xavier",NA,"10.5937214914,-83.5276574691",10.5937214914,-83.5276574691,"https://static.inaturalist.org/photos/387926816/original.jpg","jpeg","https://www.inaturalist.org/observations/219181531"
"iNaturalist","image","218942270","Lontra annectens","2024-05-28","06:33","Alvaro Monter Pozos",NA,"17.7236432335,-91.950727033",17.7236432335,-91.950727033,"https://inaturalist-open-data.s3.amazonaws.com/photos/387472977/original.jpg","jpeg","https://www.inaturalist.org/observations/218942270"
"iNaturalist","image","218942270","Lontra annectens","2024-05-28","06:33","Alvaro Monter Pozos",NA,"17.7236432335,-91.950727033",17.7236432335,-91.950727033,"https://inaturalist-open-data.s3.amazonaws.com/photos/387472911/original.jpg","jpeg","https://www.inaturalist.org/observations/218942270"
"iNaturalist","image","218942270","Lontra annectens","2024-05-28","06:33","Alvaro Monter Pozos",NA,"17.7236432335,-91.950727033",17.7236432335,-91.950727033,"https://inaturalist-open-data.s3.amazonaws.com/photos/387472978/original.jpg","jpeg","https://www.inaturalist.org/observations/218942270"
"iNaturalist","image","218942270","Lontra annectens","2024-05-28","06:33","Alvaro Monter Pozos",NA,"17.7236432335,-91.950727033",17.7236432335,-91.950727033,"https://inaturalist-open-data.s3.amazonaws.com/photos/387472965/original.jpg","jpeg","https://www.inaturalist.org/observations/218942270"
"iNaturalist","image","218942270","Lontra annectens","2024-05-28","06:33","Alvaro Monter Pozos",NA,"17.7236432335,-91.950727033",17.7236432335,-91.950727033,"https://inaturalist-open-data.s3.amazonaws.com/photos/387473011/original.jpg","jpeg","https://www.inaturalist.org/observations/218942270"
"iNaturalist","image","217859753","Lontra annectens","2023-12-31","12:47","Y. K. L.",NA,"10.4232682,-84.0220298",10.4232682,-84.0220298,"https://inaturalist-open-data.s3.amazonaws.com/photos/385460146/original.jpeg","jpeg","https://www.inaturalist.org/observations/217859753"
"iNaturalist","image","217859753","Lontra annectens","2023-12-31","12:47","Y. K. L.",NA,"10.4232682,-84.0220298",10.4232682,-84.0220298,"https://inaturalist-open-data.s3.amazonaws.com/photos/385460149/original.jpeg","jpeg","https://www.inaturalist.org/observations/217859753"
"iNaturalist","image","217761734","Lontra annectens","2024-03-13","10:31","Boverser",NA,"8.3787774438,-77.6867650442",8.3787774438,-77.6867650442,"https://inaturalist-open-data.s3.amazonaws.com/photos/385268649/original.jpeg","jpeg","https://www.inaturalist.org/observations/217761734"
"iNaturalist","image","215253651","Lontra annectens","2024-05-12","08:26","Cassandra_li",NA,"10.4313333333,-84.0049277833",10.4313333333,-84.0049277833,"https://inaturalist-open-data.s3.amazonaws.com/photos/380550503/original.jpg","jpeg","https://www.inaturalist.org/observations/215253651"
"iNaturalist","image","215253651","Lontra annectens","2024-05-12","08:26","Cassandra_li",NA,"10.4313333333,-84.0049277833",10.4313333333,-84.0049277833,"https://inaturalist-open-data.s3.amazonaws.com/photos/380771521/original.jpg","jpeg","https://www.inaturalist.org/observations/215253651"
"iNaturalist","image","215253651","Lontra annectens","2024-05-12","08:26","Cassandra_li",NA,"10.4313333333,-84.0049277833",10.4313333333,-84.0049277833,"https://inaturalist-open-data.s3.amazonaws.com/photos/380771425/original.jpg","jpeg","https://www.inaturalist.org/observations/215253651"
"iNaturalist","image","215253651","Lontra annectens","2024-05-12","08:26","Cassandra_li",NA,"10.4313333333,-84.0049277833",10.4313333333,-84.0049277833,"https://inaturalist-open-data.s3.amazonaws.com/photos/380771464/original.jpg","jpeg","https://www.inaturalist.org/observations/215253651"
"iNaturalist","image","214604909","Lontra annectens","2024-03-13","10:02","Hr_dragonfly",NA,"8.371799518,-77.7655927862",8.371799518,-77.7655927862,"https://inaturalist-open-data.s3.amazonaws.com/photos/379340740/original.jpg","jpeg","https://www.inaturalist.org/observations/214604909"
"iNaturalist","image","214451323","Lontra annectens","2018-11-20","22:33","Lushi Valverde Mñx",NA,"8.7972551248,-83.4528641974",8.7972551248,-83.4528641974,"https://static.inaturalist.org/photos/379036200/original.jpeg","jpeg","https://www.inaturalist.org/observations/214451323"
"iNaturalist","image","214451323","Lontra annectens","2018-11-20","22:33","Lushi Valverde Mñx",NA,"8.7972551248,-83.4528641974",8.7972551248,-83.4528641974,"https://static.inaturalist.org/photos/379076801/original.jpeg","jpeg","https://www.inaturalist.org/observations/214451323"
"iNaturalist","image","214451323","Lontra annectens","2018-11-20","22:33","Lushi Valverde Mñx",NA,"8.7972551248,-83.4528641974",8.7972551248,-83.4528641974,"https://static.inaturalist.org/photos/379076800/original.jpeg","jpeg","https://www.inaturalist.org/observations/214451323"
"iNaturalist","image","214451323","Lontra annectens","2018-11-20","22:33","Lushi Valverde Mñx",NA,"8.7972551248,-83.4528641974",8.7972551248,-83.4528641974,"https://static.inaturalist.org/photos/379076804/original.jpeg","jpeg","https://www.inaturalist.org/observations/214451323"
"iNaturalist","image","214451323","Lontra annectens","2018-11-20","22:33","Lushi Valverde Mñx",NA,"8.7972551248,-83.4528641974",8.7972551248,-83.4528641974,"https://static.inaturalist.org/photos/379076826/original.jpeg","jpeg","https://www.inaturalist.org/observations/214451323"
"iNaturalist","image","214266172","Lontra annectens","2024-05-05","07:41","Josue Ramos Galdamez",NA,"15.7717916667,-86.8243333333",15.7717916667,-86.8243333333,"https://inaturalist-open-data.s3.amazonaws.com/photos/378711888/original.jpg","jpeg","https://www.inaturalist.org/observations/214266172"
"iNaturalist","image","214071920","Lontra annectens","2024-05-04","06:15","Pablo Bedrossian",NA,"14.9063633333,-87.96862",14.9063633333,-87.96862,"https://static.inaturalist.org/photos/378345446/original.jpeg","jpeg","https://www.inaturalist.org/observations/214071920"
"iNaturalist","image","214071920","Lontra annectens","2024-05-04","06:15","Pablo Bedrossian",NA,"14.9063633333,-87.96862",14.9063633333,-87.96862,"https://static.inaturalist.org/photos/378345699/original.jpeg","jpeg","https://www.inaturalist.org/observations/214071920"
"iNaturalist","image","214071920","Lontra annectens","2024-05-04","06:15","Pablo Bedrossian",NA,"14.9063633333,-87.96862",14.9063633333,-87.96862,"https://static.inaturalist.org/photos/378345710/original.jpeg","jpeg","https://www.inaturalist.org/observations/214071920"
"iNaturalist","image","214071920","Lontra annectens","2024-05-04","06:15","Pablo Bedrossian",NA,"14.9063633333,-87.96862",14.9063633333,-87.96862,"https://static.inaturalist.org/photos/378345734/original.jpeg","jpeg","https://www.inaturalist.org/observations/214071920"
"iNaturalist","image","214071920","Lontra annectens","2024-05-04","06:15","Pablo Bedrossian",NA,"14.9063633333,-87.96862",14.9063633333,-87.96862,"https://static.inaturalist.org/photos/378346057/original.jpeg","jpeg","https://www.inaturalist.org/observations/214071920"
"iNaturalist","image","214071920","Lontra annectens","2024-05-04","06:15","Pablo Bedrossian",NA,"14.9063633333,-87.96862",14.9063633333,-87.96862,"https://static.inaturalist.org/photos/378345973/original.jpeg","jpeg","https://www.inaturalist.org/observations/214071920"
"iNaturalist","image","214071920","Lontra annectens","2024-05-04","06:15","Pablo Bedrossian",NA,"14.9063633333,-87.96862",14.9063633333,-87.96862,"https://static.inaturalist.org/photos/378345931/original.jpeg","jpeg","https://www.inaturalist.org/observations/214071920"
"iNaturalist","image","214071920","Lontra annectens","2024-05-04","06:15","Pablo Bedrossian",NA,"14.9063633333,-87.96862",14.9063633333,-87.96862,"https://static.inaturalist.org/photos/378346089/original.jpeg","jpeg","https://www.inaturalist.org/observations/214071920"
"iNaturalist","image","213618281","Lontra annectens","2024-05-04","23:59","Pncañón Delrioblanco",NA,"18.8651136151,-97.0766911587",18.8651136151,-97.0766911587,"https://inaturalist-open-data.s3.amazonaws.com/photos/377534939/original.jpeg","jpeg","https://www.inaturalist.org/observations/213618281"
"iNaturalist","image","213378781","Lontra annectens","2024-01-09","16:15","Patrick Palines",NA,"8.5393333575,-77.9334414111",8.5393333575,-77.9334414111,"https://inaturalist-open-data.s3.amazonaws.com/photos/377100025/original.jpeg","jpeg","https://www.inaturalist.org/observations/213378781"
"iNaturalist","image","213378781","Lontra annectens","2024-01-09","16:15","Patrick Palines",NA,"8.5393333575,-77.9334414111",8.5393333575,-77.9334414111,"https://inaturalist-open-data.s3.amazonaws.com/photos/377100017/original.jpeg","jpeg","https://www.inaturalist.org/observations/213378781"
"iNaturalist","image","213378781","Lontra annectens","2024-01-09","16:15","Patrick Palines",NA,"8.5393333575,-77.9334414111",8.5393333575,-77.9334414111,"https://inaturalist-open-data.s3.amazonaws.com/photos/377100019/original.jpeg","jpeg","https://www.inaturalist.org/observations/213378781"
"iNaturalist","image","212640178","Lontra annectens","2024-04-27","08:28","Stephanie Navas",NA,"-2.222864692,-79.857682921",-2.222864692,-79.857682921,"https://static.inaturalist.org/photos/375771772/original.jpeg","jpeg","https://www.inaturalist.org/observations/212640178"
"iNaturalist","image","211270312","Lontra annectens","2024-03-28","06:48","Oliver Komar",NA,"14.0001361337,-86.9901702321",14.0001361337,-86.9901702321,"https://inaturalist-open-data.s3.amazonaws.com/photos/373546496/original.jpeg","jpeg","https://www.inaturalist.org/observations/211270312"
"iNaturalist","image","211270312","Lontra annectens","2024-03-28","06:48","Oliver Komar",NA,"14.0001361337,-86.9901702321",14.0001361337,-86.9901702321,"https://inaturalist-open-data.s3.amazonaws.com/photos/373546481/original.jpeg","jpeg","https://www.inaturalist.org/observations/211270312"
"iNaturalist","image","211270312","Lontra annectens","2024-03-28","06:48","Oliver Komar",NA,"14.0001361337,-86.9901702321",14.0001361337,-86.9901702321,"https://inaturalist-open-data.s3.amazonaws.com/photos/373546822/original.jpeg","jpeg","https://www.inaturalist.org/observations/211270312"
"iNaturalist","image","210976751","Lontra annectens","2024-04-28","09:47","F_fleming-Ochoverde",NA,"8.592925,-83.1004195",8.592925,-83.1004195,"https://inaturalist-open-data.s3.amazonaws.com/photos/373073254/original.jpg","jpeg","https://www.inaturalist.org/observations/210976751"
"iNaturalist","image","210635815","Lontra annectens","2024-04-20","23:43","Pncañón Delrioblanco",NA,"18.865278604,-97.075622116",18.865278604,-97.075622116,"https://inaturalist-open-data.s3.amazonaws.com/photos/372542096/original.jpeg","jpeg","https://www.inaturalist.org/observations/210635815"
"iNaturalist","image","210635192","Lontra annectens","2010-06-12","06:58","Zoltshmack",NA,"10.5298026779,-83.5069509804",10.5298026779,-83.5069509804,"https://inaturalist-open-data.s3.amazonaws.com/photos/372540977/original.jpeg","jpeg","https://www.inaturalist.org/observations/210635192"
"iNaturalist","image","210635192","Lontra annectens","2010-06-12","06:58","Zoltshmack",NA,"10.5298026779,-83.5069509804",10.5298026779,-83.5069509804,"https://inaturalist-open-data.s3.amazonaws.com/photos/372540995/original.jpeg","jpeg","https://www.inaturalist.org/observations/210635192"
"iNaturalist","image","209111561","Lontra annectens","2024-04-20","23:39","Osvaldo Balderas San Miguel",NA,"18.8461693098,-97.0511188666",18.8461693098,-97.0511188666,"https://inaturalist-open-data.s3.amazonaws.com/photos/370037812/original.jpeg","jpeg","https://www.inaturalist.org/observations/209111561"
"iNaturalist","image","209080505","Lontra annectens","2024-04-23","10:34","Juan Diego",NA,"6.01373,-75.14295",6.01373,-75.14295,"https://static.inaturalist.org/photos/369984179/original.jpg","jpeg","https://www.inaturalist.org/observations/209080505"
"iNaturalist","image","209080505","Lontra annectens","2024-04-23","10:34","Juan Diego",NA,"6.01373,-75.14295",6.01373,-75.14295,"https://static.inaturalist.org/photos/369984465/original.jpg","jpeg","https://www.inaturalist.org/observations/209080505"
"iNaturalist","image","209080505","Lontra annectens","2024-04-23","10:34","Juan Diego",NA,"6.01373,-75.14295",6.01373,-75.14295,"https://static.inaturalist.org/photos/369984467/original.jpg","jpeg","https://www.inaturalist.org/observations/209080505"
"iNaturalist","image","209080505","Lontra annectens","2024-04-23","10:34","Juan Diego",NA,"6.01373,-75.14295",6.01373,-75.14295,"https://static.inaturalist.org/photos/369984500/original.jpg","jpeg","https://www.inaturalist.org/observations/209080505"
"iNaturalist","image","208488119","Lontra annectens","2024-04-21","07:27","Sergio Escutia",NA,"23.506432171,-106.1920144503",23.506432171,-106.1920144503,"https://static.inaturalist.org/photos/368887884/original.jpg","jpeg","https://www.inaturalist.org/observations/208488119"
"iNaturalist","image","208488119","Lontra annectens","2024-04-21","07:27","Sergio Escutia",NA,"23.506432171,-106.1920144503",23.506432171,-106.1920144503,"https://static.inaturalist.org/photos/368888037/original.jpg","jpeg","https://www.inaturalist.org/observations/208488119"
"iNaturalist","image","208488119","Lontra annectens","2024-04-21","07:27","Sergio Escutia",NA,"23.506432171,-106.1920144503",23.506432171,-106.1920144503,"https://static.inaturalist.org/photos/368917193/original.jpg","jpeg","https://www.inaturalist.org/observations/208488119"
"iNaturalist","image","208488119","Lontra annectens","2024-04-21","07:27","Sergio Escutia",NA,"23.506432171,-106.1920144503",23.506432171,-106.1920144503,"https://static.inaturalist.org/photos/368888744/original.jpg","jpeg","https://www.inaturalist.org/observations/208488119"
"iNaturalist","image","208488119","Lontra annectens","2024-04-21","07:27","Sergio Escutia",NA,"23.506432171,-106.1920144503",23.506432171,-106.1920144503,"https://static.inaturalist.org/photos/368888689/original.jpg","jpeg","https://www.inaturalist.org/observations/208488119"
"iNaturalist","image","208488119","Lontra annectens","2024-04-21","07:27","Sergio Escutia",NA,"23.506432171,-106.1920144503",23.506432171,-106.1920144503,"https://static.inaturalist.org/photos/368888642/original.jpg","jpeg","https://www.inaturalist.org/observations/208488119"
"iNaturalist","image","208488119","Lontra annectens","2024-04-21","07:27","Sergio Escutia",NA,"23.506432171,-106.1920144503",23.506432171,-106.1920144503,"https://static.inaturalist.org/photos/368917248/original.jpg","jpeg","https://www.inaturalist.org/observations/208488119"
"iNaturalist","image","208488119","Lontra annectens","2024-04-21","07:27","Sergio Escutia",NA,"23.506432171,-106.1920144503",23.506432171,-106.1920144503,"https://static.inaturalist.org/photos/368917306/original.jpg","jpeg","https://www.inaturalist.org/observations/208488119"
"iNaturalist","image","208488119","Lontra annectens","2024-04-21","07:27","Sergio Escutia",NA,"23.506432171,-106.1920144503",23.506432171,-106.1920144503,"https://static.inaturalist.org/photos/368917355/original.jpg","jpeg","https://www.inaturalist.org/observations/208488119"
"iNaturalist","image","208488119","Lontra annectens","2024-04-21","07:27","Sergio Escutia",NA,"23.506432171,-106.1920144503",23.506432171,-106.1920144503,"https://static.inaturalist.org/photos/368917400/original.jpg","jpeg","https://www.inaturalist.org/observations/208488119"
"iNaturalist","image","208488119","Lontra annectens","2024-04-21","07:27","Sergio Escutia",NA,"23.506432171,-106.1920144503",23.506432171,-106.1920144503,"https://static.inaturalist.org/photos/368917445/original.jpg","jpeg","https://www.inaturalist.org/observations/208488119"
"iNaturalist","image","208488119","Lontra annectens","2024-04-21","07:27","Sergio Escutia",NA,"23.506432171,-106.1920144503",23.506432171,-106.1920144503,"https://static.inaturalist.org/photos/368917481/original.jpg","jpeg","https://www.inaturalist.org/observations/208488119"
"iNaturalist","image","208478623","Lontra annectens","2024-04-07","13:23","Eric Van Den Berghe",NA,"14.0401625702,-86.9784947987",14.0401625702,-86.9784947987,"https://inaturalist-open-data.s3.amazonaws.com/photos/368868730/original.jpeg","jpeg","https://www.inaturalist.org/observations/208478623"
"iNaturalist","image","208180128","Lontra annectens","2024-04-11","17:18","Ninicardenas",NA,"6.7449444444,-73.5154638889",6.7449444444,-73.5154638889,"https://inaturalist-open-data.s3.amazonaws.com/photos/368307599/original.jpeg","jpeg","https://www.inaturalist.org/observations/208180128"
"iNaturalist","image","206896379","Lontra annectens","2024-02-15","16:45","Philippe Hénault",NA,"9.5819602346,-83.7953031068",9.5819602346,-83.7953031068,"https://inaturalist-open-data.s3.amazonaws.com/photos/365907166/original.jpg","jpeg","https://www.inaturalist.org/observations/206896379"
"iNaturalist","image","206896379","Lontra annectens","2024-02-15","16:45","Philippe Hénault",NA,"9.5819602346,-83.7953031068",9.5819602346,-83.7953031068,"https://inaturalist-open-data.s3.amazonaws.com/photos/365907156/original.jpg","jpeg","https://www.inaturalist.org/observations/206896379"
"iNaturalist","image","206896379","Lontra annectens","2024-02-15","16:45","Philippe Hénault",NA,"9.5819602346,-83.7953031068",9.5819602346,-83.7953031068,"https://inaturalist-open-data.s3.amazonaws.com/photos/365907103/original.jpg","jpeg","https://www.inaturalist.org/observations/206896379"
"iNaturalist","image","206896379","Lontra annectens","2024-02-15","16:45","Philippe Hénault",NA,"9.5819602346,-83.7953031068",9.5819602346,-83.7953031068,"https://inaturalist-open-data.s3.amazonaws.com/photos/365907168/original.jpg","jpeg","https://www.inaturalist.org/observations/206896379"
"iNaturalist","image","206896379","Lontra annectens","2024-02-15","16:45","Philippe Hénault",NA,"9.5819602346,-83.7953031068",9.5819602346,-83.7953031068,"https://inaturalist-open-data.s3.amazonaws.com/photos/365907232/original.jpg","jpeg","https://www.inaturalist.org/observations/206896379"
"iNaturalist","image","206896379","Lontra annectens","2024-02-15","16:45","Philippe Hénault",NA,"9.5819602346,-83.7953031068",9.5819602346,-83.7953031068,"https://inaturalist-open-data.s3.amazonaws.com/photos/365907230/original.jpg","jpeg","https://www.inaturalist.org/observations/206896379"
"iNaturalist","image","205473857","Lontra annectens","2024-03-29","08:39","Julio Alejandro Álvarez Ruiz",NA,"20.7545249934,-103.9899491754",20.7545249934,-103.9899491754,"https://static.inaturalist.org/photos/363322975/original.jpeg","jpeg","https://www.inaturalist.org/observations/205473857"
"iNaturalist","image","205293368","Lontra annectens","2024-04-02","04:15","Alonso Garcia",NA,"10.438249543,-84.0195959061",10.438249543,-84.0195959061,"https://inaturalist-open-data.s3.amazonaws.com/photos/362978818/original.jpeg","jpeg","https://www.inaturalist.org/observations/205293368"
"iNaturalist","image","205293368","Lontra annectens","2024-04-02","04:15","Alonso Garcia",NA,"10.438249543,-84.0195959061",10.438249543,-84.0195959061,"https://inaturalist-open-data.s3.amazonaws.com/photos/362978843/original.jpeg","jpeg","https://www.inaturalist.org/observations/205293368"
"iNaturalist","image","205293368","Lontra annectens","2024-04-02","04:15","Alonso Garcia",NA,"10.438249543,-84.0195959061",10.438249543,-84.0195959061,"https://inaturalist-open-data.s3.amazonaws.com/photos/362978871/original.jpeg","jpeg","https://www.inaturalist.org/observations/205293368"
"iNaturalist","image","205293368","Lontra annectens","2024-04-02","04:15","Alonso Garcia",NA,"10.438249543,-84.0195959061",10.438249543,-84.0195959061,"https://inaturalist-open-data.s3.amazonaws.com/photos/362978910/original.jpeg","jpeg","https://www.inaturalist.org/observations/205293368"
"iNaturalist","image","205027210","Lontra annectens","2024-03-29","08:24","Luis David Pérez Gracida",NA,"19.3325444444,-96.4627027778",19.3325444444,-96.4627027778,"https://inaturalist-open-data.s3.amazonaws.com/photos/362465036/original.jpeg","jpeg","https://www.inaturalist.org/observations/205027210"
"iNaturalist","image","204608291","Lontra annectens","2024-03-20","09:53","Steve Mayo",NA,"10.6866202,-84.1805203",10.6866202,-84.1805203,"https://inaturalist-open-data.s3.amazonaws.com/photos/361676244/original.jpeg","jpeg","https://www.inaturalist.org/observations/204608291"
"iNaturalist","image","204608291","Lontra annectens","2024-03-20","09:53","Steve Mayo",NA,"10.6866202,-84.1805203",10.6866202,-84.1805203,"https://inaturalist-open-data.s3.amazonaws.com/photos/361676835/original.jpeg","jpeg","https://www.inaturalist.org/observations/204608291"
"iNaturalist","image","204608291","Lontra annectens","2024-03-20","09:53","Steve Mayo",NA,"10.6866202,-84.1805203",10.6866202,-84.1805203,"https://inaturalist-open-data.s3.amazonaws.com/photos/361676932/original.jpeg","jpeg","https://www.inaturalist.org/observations/204608291"
"iNaturalist","image","204231627","Lontra annectens","2024-03-10","06:52","David Monroy r",NA,"4.70309,-75.5353",4.70309,-75.5353,"https://inaturalist-open-data.s3.amazonaws.com/photos/360962924/original.jpg","jpeg","https://www.inaturalist.org/observations/204231627"
"iNaturalist","image","204194743","Lontra annectens","2024-03-27","08:08","Edison Díaz",NA,"18.0957852624,-96.1152260005",18.0957852624,-96.1152260005,"https://inaturalist-open-data.s3.amazonaws.com/photos/360886544/original.jpeg","jpeg","https://www.inaturalist.org/observations/204194743"
"iNaturalist","image","203736171","Lontra annectens","2024-02-28","23:52","Jaro Schacht",NA,"6.1150705645,-77.4217215164",6.1150705645,-77.4217215164,"https://inaturalist-open-data.s3.amazonaws.com/photos/360003704/original.jpg","jpeg","https://www.inaturalist.org/observations/203736171"
"iNaturalist","image","203138430","Lontra annectens","2024-03-13","11:25","Linda",NA,"8.548464195,-78.7390822936",8.548464195,-78.7390822936,"https://inaturalist-open-data.s3.amazonaws.com/photos/358858718/original.jpeg","jpeg","https://www.inaturalist.org/observations/203138430"
"iNaturalist","image","202753208","Lontra annectens","2024-01-04","15:07","Dan Macneal",NA,"8.661095731,-83.1402305811",8.661095731,-83.1402305811,"https://inaturalist-open-data.s3.amazonaws.com/photos/358122271/original.jpeg","jpeg","https://www.inaturalist.org/observations/202753208"
"iNaturalist","image","202753208","Lontra annectens","2024-01-04","15:07","Dan Macneal",NA,"8.661095731,-83.1402305811",8.661095731,-83.1402305811,"https://inaturalist-open-data.s3.amazonaws.com/photos/358122279/original.jpeg","jpeg","https://www.inaturalist.org/observations/202753208"
"iNaturalist","image","202748083","Lontra annectens","2024-02-13","13:39","Wolfgang Jansen",NA,"10.5424838,-83.5023552",10.5424838,-83.5023552,"https://static.inaturalist.org/photos/358116571/original.jpg","jpeg","https://www.inaturalist.org/observations/202748083"
"iNaturalist","image","202588655","Lontra annectens","2024-03-15","18:24","Cecillopart",NA,"-2.1081472222,-79.8697527778",-2.1081472222,-79.8697527778,"https://inaturalist-open-data.s3.amazonaws.com/photos/357815917/original.jpeg","jpeg","https://www.inaturalist.org/observations/202588655"
"iNaturalist","image","202473252","Lontra annectens","2024-02-26","07:55","Cscarlson47",NA,"10.5056409836,-84.4775009155",10.5056409836,-84.4775009155,"https://inaturalist-open-data.s3.amazonaws.com/photos/357595204/original.jpeg","jpeg","https://www.inaturalist.org/observations/202473252"
"iNaturalist","image","202404979","Lontra annectens","2012-02-13","15:19","Gernotkunz",NA,"8.4807334545,-83.5968816649",8.4807334545,-83.5968816649,"https://static.inaturalist.org/photos/357465840/original.jpg","jpeg","https://www.inaturalist.org/observations/202404979"
"iNaturalist","image","201870961","Lontra annectens","2024-02-24","16:13","Emilyrd",NA,"10.431385,-84.005081",10.431385,-84.005081,"https://inaturalist-open-data.s3.amazonaws.com/photos/356426132/original.jpg","jpeg","https://www.inaturalist.org/observations/201870961"
"iNaturalist","image","201870961","Lontra annectens","2024-02-24","16:13","Emilyrd",NA,"10.431385,-84.005081",10.431385,-84.005081,"https://inaturalist-open-data.s3.amazonaws.com/photos/356427439/original.jpg","jpeg","https://www.inaturalist.org/observations/201870961"
"iNaturalist","image","201870961","Lontra annectens","2024-02-24","16:13","Emilyrd",NA,"10.431385,-84.005081",10.431385,-84.005081,"https://inaturalist-open-data.s3.amazonaws.com/photos/356427448/original.jpg","jpeg","https://www.inaturalist.org/observations/201870961"
"iNaturalist","image","201831085","Lontra annectens","2024-02-06","15:37","Thephoxinus",NA,"8.6901021718,-83.6708046981",8.6901021718,-83.6708046981,"https://inaturalist-open-data.s3.amazonaws.com/photos/356341794/original.jpeg","jpeg","https://www.inaturalist.org/observations/201831085"
"iNaturalist","image","201697677","Lontra annectens","2024-02-13","10:21","Roman Burgsteiner",NA,"10.4318335689,-84.005281689",10.4318335689,-84.005281689,"https://inaturalist-open-data.s3.amazonaws.com/photos/356086245/original.jpg","jpeg","https://www.inaturalist.org/observations/201697677"
"iNaturalist","image","201632334","Lontra annectens","2024-03-07","11:10","Noahdore",NA,"8.5374020578,-83.2996616584",8.5374020578,-83.2996616584,"https://inaturalist-open-data.s3.amazonaws.com/photos/355961648/original.jpg","jpeg","https://www.inaturalist.org/observations/201632334"
"iNaturalist","image","201046652","Lontra annectens","2024-03-02","08:00","Chupymetal",NA,"19.5372632968,-96.8617778042",19.5372632968,-96.8617778042,"https://inaturalist-open-data.s3.amazonaws.com/photos/354824709/original.jpeg","jpeg","https://www.inaturalist.org/observations/201046652"
"iNaturalist","image","201046652","Lontra annectens","2024-03-02","08:00","Chupymetal",NA,"19.5372632968,-96.8617778042",19.5372632968,-96.8617778042,"https://inaturalist-open-data.s3.amazonaws.com/photos/354825386/original.jpeg","jpeg","https://www.inaturalist.org/observations/201046652"
"iNaturalist","image","200929218","Lontra annectens","2024-03-01","12:05","Aure11976",NA,"9.7550185337,-84.6072786301",9.7550185337,-84.6072786301,"https://static.inaturalist.org/photos/354594510/original.jpeg","jpeg","https://www.inaturalist.org/observations/200929218"
"iNaturalist","image","200325343","Lontra annectens","2024-02-11","09:25","Mkkennedy",NA,"10.4573713068,-84.0036635813",10.4573713068,-84.0036635813,"https://inaturalist-open-data.s3.amazonaws.com/photos/353405653/original.jpeg","jpeg","https://www.inaturalist.org/observations/200325343"
"iNaturalist","image","200325343","Lontra annectens","2024-02-11","09:25","Mkkennedy",NA,"10.4573713068,-84.0036635813",10.4573713068,-84.0036635813,"https://inaturalist-open-data.s3.amazonaws.com/photos/353405650/original.jpeg","jpeg","https://www.inaturalist.org/observations/200325343"
"iNaturalist","image","200325343","Lontra annectens","2024-02-11","09:25","Mkkennedy",NA,"10.4573713068,-84.0036635813",10.4573713068,-84.0036635813,"https://inaturalist-open-data.s3.amazonaws.com/photos/353405671/original.jpeg","jpeg","https://www.inaturalist.org/observations/200325343"
"iNaturalist","image","200325343","Lontra annectens","2024-02-11","09:25","Mkkennedy",NA,"10.4573713068,-84.0036635813",10.4573713068,-84.0036635813,"https://inaturalist-open-data.s3.amazonaws.com/photos/353405673/original.jpeg","jpeg","https://www.inaturalist.org/observations/200325343"
"iNaturalist","image","200325343","Lontra annectens","2024-02-11","09:25","Mkkennedy",NA,"10.4573713068,-84.0036635813",10.4573713068,-84.0036635813,"https://inaturalist-open-data.s3.amazonaws.com/photos/353405674/original.jpeg","jpeg","https://www.inaturalist.org/observations/200325343"
"iNaturalist","image","200325343","Lontra annectens","2024-02-11","09:25","Mkkennedy",NA,"10.4573713068,-84.0036635813",10.4573713068,-84.0036635813,"https://inaturalist-open-data.s3.amazonaws.com/photos/353405699/original.jpeg","jpeg","https://www.inaturalist.org/observations/200325343"
"iNaturalist","image","200325343","Lontra annectens","2024-02-11","09:25","Mkkennedy",NA,"10.4573713068,-84.0036635813",10.4573713068,-84.0036635813,"https://inaturalist-open-data.s3.amazonaws.com/photos/353405700/original.jpeg","jpeg","https://www.inaturalist.org/observations/200325343"
"iNaturalist","image","200325343","Lontra annectens","2024-02-11","09:25","Mkkennedy",NA,"10.4573713068,-84.0036635813",10.4573713068,-84.0036635813,"https://inaturalist-open-data.s3.amazonaws.com/photos/353405728/original.jpeg","jpeg","https://www.inaturalist.org/observations/200325343"
"iNaturalist","image","200006742","Lontra annectens","2008-02-17","16:55","Francis Bourret",NA,"10.541667,-83.503333",10.541667,-83.503333,"https://static.inaturalist.org/photos/352790914/original.jpeg","jpeg","https://www.inaturalist.org/observations/200006742"
"iNaturalist","image","199814908","Lontra annectens","2024-01-16","12:28","Danny Jumbo",NA,"-0.034620946,-78.7734981626",-0.034620946,-78.7734981626,"https://static.inaturalist.org/photos/352427008/original.jpeg","jpeg","https://www.inaturalist.org/observations/199814908"
"iNaturalist","image","199797493","Lontra annectens","2024-02-18","13:44","Sarahbeeok",NA,"8.5502419511,-83.3328462797",8.5502419511,-83.3328462797,"https://inaturalist-open-data.s3.amazonaws.com/photos/357525094/original.jpeg","jpeg","https://www.inaturalist.org/observations/199797493"
"iNaturalist","image","199390752","Lontra annectens","2024-01-21","08:48","Rocio Osuna",NA,"23.9437355306,-106.4470768139",23.9437355306,-106.4470768139,"https://inaturalist-open-data.s3.amazonaws.com/photos/351626968/original.jpeg","jpeg","https://www.inaturalist.org/observations/199390752"
"iNaturalist","image","199366553","Lontra annectens","2024-02-15","09:21","Yu",NA,"9.251521061,-83.8134383091",9.251521061,-83.8134383091,"https://inaturalist-open-data.s3.amazonaws.com/photos/351580473/original.jpeg","jpeg","https://www.inaturalist.org/observations/199366553"
"iNaturalist","image","199366553","Lontra annectens","2024-02-15","09:21","Yu",NA,"9.251521061,-83.8134383091",9.251521061,-83.8134383091,"https://inaturalist-open-data.s3.amazonaws.com/photos/351580485/original.jpeg","jpeg","https://www.inaturalist.org/observations/199366553"
"iNaturalist","image","199319359","Lontra annectens","2024-02-13","17:32","Sandra_bracun",NA,"10.43127,-84.0066388833",10.43127,-84.0066388833,"https://inaturalist-open-data.s3.amazonaws.com/photos/351490127/original.jpg","jpeg","https://www.inaturalist.org/observations/199319359"
"iNaturalist","image","198848648","Lontra annectens","2024-02-09","16:17","Thephoxinus",NA,"10.7779222569,-85.5260154109",10.7779222569,-85.5260154109,"https://inaturalist-open-data.s3.amazonaws.com/photos/350558793/original.jpeg","jpeg","https://www.inaturalist.org/observations/198848648"
"iNaturalist","image","198848648","Lontra annectens","2024-02-09","16:17","Thephoxinus",NA,"10.7779222569,-85.5260154109",10.7779222569,-85.5260154109,"https://inaturalist-open-data.s3.amazonaws.com/photos/350558806/original.jpeg","jpeg","https://www.inaturalist.org/observations/198848648"
"iNaturalist","image","198844941","Lontra annectens","2024-02-09","13:36","Gabriela 🌸",NA,"12.0998532186,-85.3606816381",12.0998532186,-85.3606816381,"https://inaturalist-open-data.s3.amazonaws.com/photos/350551507/original.jpeg","jpeg","https://www.inaturalist.org/observations/198844941"
"iNaturalist","image","198844941","Lontra annectens","2024-02-09","13:36","Gabriela 🌸",NA,"12.0998532186,-85.3606816381",12.0998532186,-85.3606816381,"https://inaturalist-open-data.s3.amazonaws.com/photos/350551717/original.jpeg","jpeg","https://www.inaturalist.org/observations/198844941"
"iNaturalist","image","198844941","Lontra annectens","2024-02-09","13:36","Gabriela 🌸",NA,"12.0998532186,-85.3606816381",12.0998532186,-85.3606816381,"https://inaturalist-open-data.s3.amazonaws.com/photos/350551729/original.jpeg","jpeg","https://www.inaturalist.org/observations/198844941"
"iNaturalist","image","198844941","Lontra annectens","2024-02-09","13:36","Gabriela 🌸",NA,"12.0998532186,-85.3606816381",12.0998532186,-85.3606816381,"https://inaturalist-open-data.s3.amazonaws.com/photos/350551746/original.jpeg","jpeg","https://www.inaturalist.org/observations/198844941"
"iNaturalist","image","198817336","Lontra annectens","2024-02-09","10:41","Www.golfodulceretreat.com",NA,"8.657157,-83.254387",8.657157,-83.254387,"https://static.inaturalist.org/photos/350498810/original.png","png","https://www.inaturalist.org/observations/198817336"
"iNaturalist","image","198748146","Lontra annectens","2024-02-08","11:48","Juan Manuel Carmona",NA,"19.0325936652,-95.9817793965",19.0325936652,-95.9817793965,"https://inaturalist-open-data.s3.amazonaws.com/photos/350362495/original.jpeg","jpeg","https://www.inaturalist.org/observations/198748146"
"iNaturalist","image","198701119","Lontra annectens","2024-02-03","17:48","Ryan F. Mandelbaum",NA,"10.4369423249,-84.0167087183",10.4369423249,-84.0167087183,"https://inaturalist-open-data.s3.amazonaws.com/photos/350275135/original.jpg","jpeg","https://www.inaturalist.org/observations/198701119"
"iNaturalist","image","198445806","Lontra annectens","2024-02-04","12:43","Rob Ornelas",NA,"20.7829902276,-104.9177773356",20.7829902276,-104.9177773356,"https://static.inaturalist.org/photos/349772025/original.jpg","jpeg","https://www.inaturalist.org/observations/198445806"
"iNaturalist","image","198445806","Lontra annectens","2024-02-04","12:43","Rob Ornelas",NA,"20.7829902276,-104.9177773356",20.7829902276,-104.9177773356,"https://static.inaturalist.org/photos/349772035/original.jpg","jpeg","https://www.inaturalist.org/observations/198445806"
"iNaturalist","image","198445806","Lontra annectens","2024-02-04","12:43","Rob Ornelas",NA,"20.7829902276,-104.9177773356",20.7829902276,-104.9177773356,"https://static.inaturalist.org/photos/349772048/original.jpg","jpeg","https://www.inaturalist.org/observations/198445806"
"iNaturalist","image","198150443","Lontra annectens","2017-05-03","11:58","Giff Beaton",NA,"15.7779373197,-87.0229530965",15.7779373197,-87.0229530965,"https://inaturalist-open-data.s3.amazonaws.com/photos/349177648/original.jpg","jpeg","https://www.inaturalist.org/observations/198150443"
"iNaturalist","image","198150443","Lontra annectens","2017-05-03","11:58","Giff Beaton",NA,"15.7779373197,-87.0229530965",15.7779373197,-87.0229530965,"https://inaturalist-open-data.s3.amazonaws.com/photos/349177656/original.jpg","jpeg","https://www.inaturalist.org/observations/198150443"
"iNaturalist","image","198130792","Lontra annectens","2024-01-31","17:37","Leighanna Olaker",NA,"8.5340633333,-83.2967833333",8.5340633333,-83.2967833333,"https://inaturalist-open-data.s3.amazonaws.com/photos/349140030/original.jpg","jpeg","https://www.inaturalist.org/observations/198130792"
"iNaturalist","image","198130792","Lontra annectens","2024-01-31","17:37","Leighanna Olaker",NA,"8.5340633333,-83.2967833333",8.5340633333,-83.2967833333,"https://inaturalist-open-data.s3.amazonaws.com/photos/349140040/original.jpg","jpeg","https://www.inaturalist.org/observations/198130792"
"iNaturalist","image","197802816","Lontra annectens","2024-01-27","17:14","Cesar Lezama",NA,"19.1799030278,-96.9770889167",19.1799030278,-96.9770889167,"https://inaturalist-open-data.s3.amazonaws.com/photos/348475862/original.jpeg","jpeg","https://www.inaturalist.org/observations/197802816"
"iNaturalist","image","197802816","Lontra annectens","2024-01-27","17:14","Cesar Lezama",NA,"19.1799030278,-96.9770889167",19.1799030278,-96.9770889167,"https://inaturalist-open-data.s3.amazonaws.com/photos/348475897/original.jpeg","jpeg","https://www.inaturalist.org/observations/197802816"
"iNaturalist","image","197754996","Lontra annectens","2023-12-16","17:29","Kevin Chen",NA,"10.5366539367,-83.5050010095",10.5366539367,-83.5050010095,"https://inaturalist-open-data.s3.amazonaws.com/photos/348378636/original.jpg","jpeg","https://www.inaturalist.org/observations/197754996"
"iNaturalist","image","197754996","Lontra annectens","2023-12-16","17:29","Kevin Chen",NA,"10.5366539367,-83.5050010095",10.5366539367,-83.5050010095,"https://inaturalist-open-data.s3.amazonaws.com/photos/348378616/original.jpg","jpeg","https://www.inaturalist.org/observations/197754996"
"iNaturalist","image","197713775","Lontra annectens","2024-01-27","12:42","Steven Matute Obando",NA,"10.4402966667,-84.0101388833",10.4402966667,-84.0101388833,"https://static.inaturalist.org/photos/348296541/original.jpg","jpeg","https://www.inaturalist.org/observations/197713775"
"iNaturalist","image","197713775","Lontra annectens","2024-01-27","12:42","Steven Matute Obando",NA,"10.4402966667,-84.0101388833",10.4402966667,-84.0101388833,"https://static.inaturalist.org/photos/348296555/original.jpg","jpeg","https://www.inaturalist.org/observations/197713775"
"iNaturalist","image","197713775","Lontra annectens","2024-01-27","12:42","Steven Matute Obando",NA,"10.4402966667,-84.0101388833",10.4402966667,-84.0101388833,"https://static.inaturalist.org/photos/348296571/original.jpg","jpeg","https://www.inaturalist.org/observations/197713775"
"iNaturalist","image","197470376","Lontra annectens","2020-01-04","11:13","Jose Castaneda",NA,"22.1057604823,-98.1786208927",22.1057604823,-98.1786208927,"https://inaturalist-open-data.s3.amazonaws.com/photos/347808481/original.jpg","jpeg","https://www.inaturalist.org/observations/197470376"
"iNaturalist","image","197470376","Lontra annectens","2020-01-04","11:13","Jose Castaneda",NA,"22.1057604823,-98.1786208927",22.1057604823,-98.1786208927,"https://inaturalist-open-data.s3.amazonaws.com/photos/365595463/original.jpg","jpeg","https://www.inaturalist.org/observations/197470376"
"iNaturalist","image","197311738","Lontra annectens","2018-10-25","14:31","Michal Slaný",NA,"10.4488767,-83.5069226",10.4488767,-83.5069226,"https://inaturalist-open-data.s3.amazonaws.com/photos/347488736/original.jpg","jpeg","https://www.inaturalist.org/observations/197311738"
"iNaturalist","image","196951771","Lontra annectens","2024-01-17","13:14","Juan Manuel Carmona",NA,"19.0360119106,-95.9721713886",19.0360119106,-95.9721713886,"https://inaturalist-open-data.s3.amazonaws.com/photos/346757034/original.jpeg","jpeg","https://www.inaturalist.org/observations/196951771"
"iNaturalist","image","196352931","Lontra annectens","2017-11-10","10:42","Rich Russell",NA,"10.4283486293,-84.0166139606",10.4283486293,-84.0166139606,"https://inaturalist-open-data.s3.amazonaws.com/photos/345661963/original.jpg","jpeg","https://www.inaturalist.org/observations/196352931"
"iNaturalist","image","196132505","Lontra annectens","2023-12-23","16:10","Lucas Eckert",NA,"10.3912781316,-83.9614974129",10.3912781316,-83.9614974129,"https://inaturalist-open-data.s3.amazonaws.com/photos/345223768/original.jpeg","jpeg","https://www.inaturalist.org/observations/196132505"
"iNaturalist","image","195667541","Lontra annectens","2023-10-15","14:56","Michal Slaný",NA,"10.6866202,-84.1805203",10.6866202,-84.1805203,"https://inaturalist-open-data.s3.amazonaws.com/photos/344288811/original.jpg","jpeg","https://www.inaturalist.org/observations/195667541"
"iNaturalist","image","194482700","Lontra annectens","2023-12-20","08:58","Josepineda",NA,"22.1285777778,-103.5166611111",22.1285777778,-103.5166611111,"https://inaturalist-open-data.s3.amazonaws.com/photos/341870678/original.jpg","jpeg","https://www.inaturalist.org/observations/194482700"
"iNaturalist","image","193220052","Lontra annectens","2023-12-06","10:27","Lissinha",NA,"9.8209907934,-83.5393636299",9.8209907934,-83.5393636299,"https://inaturalist-open-data.s3.amazonaws.com/photos/339393894/original.jpg","jpeg","https://www.inaturalist.org/observations/193220052"
"iNaturalist","image","193220052","Lontra annectens","2023-12-06","10:27","Lissinha",NA,"9.8209907934,-83.5393636299",9.8209907934,-83.5393636299,"https://inaturalist-open-data.s3.amazonaws.com/photos/339393910/original.jpg","jpeg","https://www.inaturalist.org/observations/193220052"
"iNaturalist","image","192893188","Lontra annectens","2012-08-27","15:40","Benoît Guillon",NA,"9.1131902475,-79.6535544757",9.1131902475,-79.6535544757,"https://inaturalist-open-data.s3.amazonaws.com/photos/338728021/original.jpg","jpeg","https://www.inaturalist.org/observations/192893188"
"iNaturalist","image","192762934","Lontra annectens","2023-11-28","06:11","Travelling Andrés",NA,"10.5381,-83.5048",10.5381,-83.5048,"https://static.inaturalist.org/photos/338467219/original.jpg","jpeg","https://www.inaturalist.org/observations/192762934"
"iNaturalist","image","192762934","Lontra annectens","2023-11-28","06:11","Travelling Andrés",NA,"10.5381,-83.5048",10.5381,-83.5048,"https://static.inaturalist.org/photos/338467228/original.jpg","jpeg","https://www.inaturalist.org/observations/192762934"
"iNaturalist","image","192659993","Lontra annectens","2023-11-30","09:08","No Rights Reserved",NA,"10.4479777778,-84.009875",10.4479777778,-84.009875,"https://inaturalist-open-data.s3.amazonaws.com/photos/338262561/original.jpeg","jpeg","https://www.inaturalist.org/observations/192659993"
"iNaturalist","image","192659993","Lontra annectens","2023-11-30","09:08","No Rights Reserved",NA,"10.4479777778,-84.009875",10.4479777778,-84.009875,"https://inaturalist-open-data.s3.amazonaws.com/photos/338262616/original.jpeg","jpeg","https://www.inaturalist.org/observations/192659993"
"iNaturalist","image","192659993","Lontra annectens","2023-11-30","09:08","No Rights Reserved",NA,"10.4479777778,-84.009875",10.4479777778,-84.009875,"https://inaturalist-open-data.s3.amazonaws.com/photos/338262670/original.jpeg","jpeg","https://www.inaturalist.org/observations/192659993"
"iNaturalist","image","192659993","Lontra annectens","2023-11-30","09:08","No Rights Reserved",NA,"10.4479777778,-84.009875",10.4479777778,-84.009875,"https://inaturalist-open-data.s3.amazonaws.com/photos/338262715/original.jpeg","jpeg","https://www.inaturalist.org/observations/192659993"
"iNaturalist","image","192521119","Lontra annectens","2023-11-26","09:43","Fabrice82",NA,"20.6712536406,-103.8680703372",20.6712536406,-103.8680703372,"https://inaturalist-open-data.s3.amazonaws.com/photos/337985037/original.jpeg","jpeg","https://www.inaturalist.org/observations/192521119"
"iNaturalist","image","192271763","Lontra annectens","2023-11-26","08:16","Mexfant Maravilloso",NA,"20.6430355,-103.8506109",20.6430355,-103.8506109,"https://inaturalist-open-data.s3.amazonaws.com/photos/337493840/original.jpeg","jpeg","https://www.inaturalist.org/observations/192271763"
"iNaturalist","image","191953985","Lontra annectens",NA,NA,"Jesús Aguilar",NA,"14.7493056279,-92.4423135817",14.7493056279,-92.4423135817,"https://static.inaturalist.org/photos/336869747/original.jpeg","jpeg","https://www.inaturalist.org/observations/191953985"
"iNaturalist","image","191953985","Lontra annectens",NA,NA,"Jesús Aguilar",NA,"14.7493056279,-92.4423135817",14.7493056279,-92.4423135817,"https://static.inaturalist.org/photos/336869761/original.jpeg","jpeg","https://www.inaturalist.org/observations/191953985"
"iNaturalist","image","191777709","Lontra annectens","2023-11-21","05:45","Mckenzie Wing",NA,"8.6422498907,-83.7251222134",8.6422498907,-83.7251222134,"https://static.inaturalist.org/photos/336519578/original.jpeg","jpeg","https://www.inaturalist.org/observations/191777709"
"iNaturalist","image","191777709","Lontra annectens","2023-11-21","05:45","Mckenzie Wing",NA,"8.6422498907,-83.7251222134",8.6422498907,-83.7251222134,"https://static.inaturalist.org/photos/336519615/original.jpeg","jpeg","https://www.inaturalist.org/observations/191777709"
"iNaturalist","image","191777709","Lontra annectens","2023-11-21","05:45","Mckenzie Wing",NA,"8.6422498907,-83.7251222134",8.6422498907,-83.7251222134,"https://static.inaturalist.org/photos/336519639/original.jpeg","jpeg","https://www.inaturalist.org/observations/191777709"
"iNaturalist","image","191448633","Lontra annectens","2023-11-07","15:57","Ale Türkmen",NA,"21.583416497,-104.9978995666",21.583416497,-104.9978995666,"https://inaturalist-open-data.s3.amazonaws.com/photos/335860997/original.gif","gif","https://www.inaturalist.org/observations/191448633"
"iNaturalist","image","191333910","Lontra annectens",NA,NA,"Axel Ulate",NA,"10.0887559617,-84.4774275273",10.0887559617,-84.4774275273,"https://static.inaturalist.org/photos/335631262/original.jpeg","jpeg","https://www.inaturalist.org/observations/191333910"
"iNaturalist","image","191333910","Lontra annectens",NA,NA,"Axel Ulate",NA,"10.0887559617,-84.4774275273",10.0887559617,-84.4774275273,"https://static.inaturalist.org/photos/335631273/original.jpeg","jpeg","https://www.inaturalist.org/observations/191333910"
"iNaturalist","image","191333910","Lontra annectens",NA,NA,"Axel Ulate",NA,"10.0887559617,-84.4774275273",10.0887559617,-84.4774275273,"https://static.inaturalist.org/photos/335631286/original.jpeg","jpeg","https://www.inaturalist.org/observations/191333910"
"iNaturalist","image","191192808","Lontra annectens",NA,NA,"Osvaldo Mendoza",NA,"19.4562927124,-104.3453650922",19.4562927124,-104.3453650922,"https://static.inaturalist.org/photos/335348617/original.jpeg","jpeg","https://www.inaturalist.org/observations/191192808"
"iNaturalist","image","190944225","Lontra annectens","2022-10-30","12:59","Jesús Aguilar",NA,"14.7493056279,-92.4423135817",14.7493056279,-92.4423135817,"https://static.inaturalist.org/photos/334848638/original.jpeg","jpeg","https://www.inaturalist.org/observations/190944225"
"iNaturalist","image","190944225","Lontra annectens","2022-10-30","12:59","Jesús Aguilar",NA,"14.7493056279,-92.4423135817",14.7493056279,-92.4423135817,"https://static.inaturalist.org/photos/334848659/original.jpeg","jpeg","https://www.inaturalist.org/observations/190944225"
"iNaturalist","image","190882882","Lontra annectens","2023-05-02","08:17","Miwi",NA,"10.916487953,-84.804507861",10.916487953,-84.804507861,"https://inaturalist-open-data.s3.amazonaws.com/photos/334728325/original.jpg","jpeg","https://www.inaturalist.org/observations/190882882"
"iNaturalist","image","188967711","Lontra annectens","2023-10-25","17:10","Dylan Smith",NA,"10.5509804,-83.5106827997",10.5509804,-83.5106827997,"https://static.inaturalist.org/photos/330895112/original.jpeg","jpeg","https://www.inaturalist.org/observations/188967711"
"iNaturalist","image","188967711","Lontra annectens","2023-10-25","17:10","Dylan Smith",NA,"10.5509804,-83.5106827997",10.5509804,-83.5106827997,"https://static.inaturalist.org/photos/330895126/original.jpeg","jpeg","https://www.inaturalist.org/observations/188967711"
"iNaturalist","image","188798348","Lontra annectens","2023-10-22","10:19","Juan G. Sánchez",NA,"18.9803801051,-96.0736834983",18.9803801051,-96.0736834983,"https://inaturalist-open-data.s3.amazonaws.com/photos/330547397/original.png","png","https://www.inaturalist.org/observations/188798348"
"iNaturalist","image","188750126","Lontra annectens","2010-03-14","09:33","Sean Werle",NA,"10.3930936844,-84.1175204866",10.3930936844,-84.1175204866,"https://inaturalist-open-data.s3.amazonaws.com/photos/330434269/original.jpg","jpeg","https://www.inaturalist.org/observations/188750126"
"iNaturalist","image","188572022","Lontra annectens","2023-08-19","17:18","Bastien Louboutin",NA,"10.577425,-83.540075",10.577425,-83.540075,"https://inaturalist-open-data.s3.amazonaws.com/photos/330075107/original.jpg","jpeg","https://www.inaturalist.org/observations/188572022"
"iNaturalist","image","188100262","Lontra annectens",NA,NA,"Scott Bowers",NA,"10.470695,-83.472428",10.470695,-83.472428,"https://inaturalist-open-data.s3.amazonaws.com/photos/329112167/original.jpg","jpeg","https://www.inaturalist.org/observations/188100262"
"iNaturalist","image","186687447","Lontra annectens","2023-09-28","16:29","Adrian p Watson",NA,"10.365177,-84.103907",10.365177,-84.103907,"https://inaturalist-open-data.s3.amazonaws.com/photos/326305331/original.jpg","jpeg","https://www.inaturalist.org/observations/186687447"
"iNaturalist","image","186240546","Lontra annectens","2023-09-26","13:18","Sarah Wang",NA,"17.3458665833,-88.5530572778",17.3458665833,-88.5530572778,"https://inaturalist-open-data.s3.amazonaws.com/photos/325427189/original.jpeg","jpeg","https://www.inaturalist.org/observations/186240546"
"iNaturalist","image","186240546","Lontra annectens","2023-09-26","13:18","Sarah Wang",NA,"17.3458665833,-88.5530572778",17.3458665833,-88.5530572778,"https://inaturalist-open-data.s3.amazonaws.com/photos/325427403/original.jpeg","jpeg","https://www.inaturalist.org/observations/186240546"
"iNaturalist","image","186240546","Lontra annectens","2023-09-26","13:18","Sarah Wang",NA,"17.3458665833,-88.5530572778",17.3458665833,-88.5530572778,"https://inaturalist-open-data.s3.amazonaws.com/photos/325427456/original.jpeg","jpeg","https://www.inaturalist.org/observations/186240546"
"iNaturalist","image","186240546","Lontra annectens","2023-09-26","13:18","Sarah Wang",NA,"17.3458665833,-88.5530572778",17.3458665833,-88.5530572778,"https://inaturalist-open-data.s3.amazonaws.com/photos/325427798/original.jpeg","jpeg","https://www.inaturalist.org/observations/186240546"
"iNaturalist","image","186240546","Lontra annectens","2023-09-26","13:18","Sarah Wang",NA,"17.3458665833,-88.5530572778",17.3458665833,-88.5530572778,"https://inaturalist-open-data.s3.amazonaws.com/photos/325428047/original.jpeg","jpeg","https://www.inaturalist.org/observations/186240546"
"iNaturalist","image","186095379","Lontra annectens","2023-10-02","10:25","Johnnyturtle",NA,"9.3708945105,-82.6160593243",9.3708945105,-82.6160593243,"https://inaturalist-open-data.s3.amazonaws.com/photos/325139392/original.jpg","jpeg","https://www.inaturalist.org/observations/186095379"
"iNaturalist","image","185938038","Lontra annectens","2023-09-27","12:55","Leticia Soriano Flores",NA,"17.8224955309,-96.9455038658",17.8224955309,-96.9455038658,"https://inaturalist-open-data.s3.amazonaws.com/photos/324822275/original.jpeg","jpeg","https://www.inaturalist.org/observations/185938038"
"iNaturalist","image","185730537","Lontra annectens","2023-10-01","09:41","Kaleb Kleiss Hoeft",NA,"9.7751496086,-84.5920208842",9.7751496086,-84.5920208842,"https://static.inaturalist.org/photos/324424520/original.jpeg","jpeg","https://www.inaturalist.org/observations/185730537"
"iNaturalist","image","185730537","Lontra annectens","2023-10-01","09:41","Kaleb Kleiss Hoeft",NA,"9.7751496086,-84.5920208842",9.7751496086,-84.5920208842,"https://static.inaturalist.org/photos/324424546/original.jpeg","jpeg","https://www.inaturalist.org/observations/185730537"
"iNaturalist","image","185373083","Lontra annectens","2023-09-13","09:16","Tortuguero Noticias",NA,"10.5540444879,-83.5543244929",10.5540444879,-83.5543244929,"https://static.inaturalist.org/photos/323743021/original.jpg","jpeg","https://www.inaturalist.org/observations/185373083"
"iNaturalist","image","185373083","Lontra annectens","2023-09-13","09:16","Tortuguero Noticias",NA,"10.5540444879,-83.5543244929",10.5540444879,-83.5543244929,"https://static.inaturalist.org/photos/323743051/original.jpg","jpeg","https://www.inaturalist.org/observations/185373083"
"iNaturalist","image","185373083","Lontra annectens","2023-09-13","09:16","Tortuguero Noticias",NA,"10.5540444879,-83.5543244929",10.5540444879,-83.5543244929,"https://static.inaturalist.org/photos/323743067/original.jpg","jpeg","https://www.inaturalist.org/observations/185373083"
"iNaturalist","image","185373083","Lontra annectens","2023-09-13","09:16","Tortuguero Noticias",NA,"10.5540444879,-83.5543244929",10.5540444879,-83.5543244929,"https://static.inaturalist.org/photos/323743082/original.jpg","jpeg","https://www.inaturalist.org/observations/185373083"
"iNaturalist","image","185083426","Lontra annectens","2023-09-26","12:44","Dennortiz",NA,"9.6235916667,-82.61953",9.6235916667,-82.61953,"https://inaturalist-open-data.s3.amazonaws.com/photos/323191047/original.jpg","jpeg","https://www.inaturalist.org/observations/185083426"
"iNaturalist","image","184911185","Lontra annectens","2022-06-06","02:17","Stewart Blackwell",NA,"10.1818927,-83.3789349",10.1818927,-83.3789349,"https://static.inaturalist.org/photos/322755822/original.jpeg","jpeg","https://www.inaturalist.org/observations/184911185"
"iNaturalist","image","184438572","Lontra annectens","2023-09-21","16:32","Cesar Lezama",NA,"19.1602179107,-97.0085157454",19.1602179107,-97.0085157454,"https://inaturalist-open-data.s3.amazonaws.com/photos/321946562/original.jpeg","jpeg","https://www.inaturalist.org/observations/184438572"
"iNaturalist","image","184438572","Lontra annectens","2023-09-21","16:32","Cesar Lezama",NA,"19.1602179107,-97.0085157454",19.1602179107,-97.0085157454,"https://inaturalist-open-data.s3.amazonaws.com/photos/321946577/original.jpeg","jpeg","https://www.inaturalist.org/observations/184438572"
"iNaturalist","image","183539607","Lontra annectens","2023-09-15","06:59","Corvidologist",NA,"10.42042,-84.0016861167",10.42042,-84.0016861167,"https://static.inaturalist.org/photos/320223548/original.jpg","jpeg","https://www.inaturalist.org/observations/183539607"
"iNaturalist","image","183539607","Lontra annectens","2023-09-15","06:59","Corvidologist",NA,"10.42042,-84.0016861167",10.42042,-84.0016861167,"https://static.inaturalist.org/photos/320223613/original.jpg","jpeg","https://www.inaturalist.org/observations/183539607"
"iNaturalist","image","183539607","Lontra annectens","2023-09-15","06:59","Corvidologist",NA,"10.42042,-84.0016861167",10.42042,-84.0016861167,"https://static.inaturalist.org/photos/320223696/original.jpg","jpeg","https://www.inaturalist.org/observations/183539607"
"iNaturalist","image","183004960","Lontra annectens",NA,NA,"Freddy Herrera",NA,"9.9307647908,-84.2665763944",9.9307647908,-84.2665763944,"https://static.inaturalist.org/photos/319193766/original.jpeg","jpeg","https://www.inaturalist.org/observations/183004960"
"iNaturalist","image","181942690","Lontra annectens","2023-08-11","08:39","Isaias_nutria",NA,"13.7327133333,-89.6590283333",13.7327133333,-89.6590283333,"https://inaturalist-open-data.s3.amazonaws.com/photos/317134304/original.jpg","jpeg","https://www.inaturalist.org/observations/181942690"
"iNaturalist","image","181942690","Lontra annectens","2023-08-11","08:39","Isaias_nutria",NA,"13.7327133333,-89.6590283333",13.7327133333,-89.6590283333,"https://inaturalist-open-data.s3.amazonaws.com/photos/317134360/original.jpg","jpeg","https://www.inaturalist.org/observations/181942690"
"iNaturalist","image","181942690","Lontra annectens","2023-08-11","08:39","Isaias_nutria",NA,"13.7327133333,-89.6590283333",13.7327133333,-89.6590283333,"https://inaturalist-open-data.s3.amazonaws.com/photos/317134395/original.jpg","jpeg","https://www.inaturalist.org/observations/181942690"
"iNaturalist","image","181475697","Lontra annectens","2023-09-02","06:14","Tortuguero Noticias",NA,"10.5275486573,-83.511060045",10.5275486573,-83.511060045,"https://static.inaturalist.org/photos/316242339/original.jpg","jpeg","https://www.inaturalist.org/observations/181475697"
"iNaturalist","image","181094971","Lontra annectens","2023-08-30","13:33","Lukas Allington",NA,"9.8922246951,-83.5301403581",9.8922246951,-83.5301403581,"https://static.inaturalist.org/photos/315565741/original.jpeg","jpeg","https://www.inaturalist.org/observations/181094971"
"iNaturalist","image","180642744","Lontra annectens","2023-08-24","13:51","Jingibi",NA,"10.4628,-83.9994916667",10.4628,-83.9994916667,"https://inaturalist-open-data.s3.amazonaws.com/photos/314701732/original.jpeg","jpeg","https://www.inaturalist.org/observations/180642744"
"iNaturalist","image","180642744","Lontra annectens","2023-08-24","13:51","Jingibi",NA,"10.4628,-83.9994916667",10.4628,-83.9994916667,"https://inaturalist-open-data.s3.amazonaws.com/photos/314701827/original.jpeg","jpeg","https://www.inaturalist.org/observations/180642744"
"iNaturalist","image","179858902","Lontra annectens","2023-06-28","13:01","Dina German m",NA,"8.3025948337,-75.6350780957",8.3025948337,-75.6350780957,"https://static.inaturalist.org/photos/313198970/original.png","png","https://www.inaturalist.org/observations/179858902"
"iNaturalist","image","179858901","Lontra annectens","2023-05-28","13:01","Dina German m",NA,"8.3025713407,-75.6351022565",8.3025713407,-75.6351022565,"https://static.inaturalist.org/photos/313198950/original.png","png","https://www.inaturalist.org/observations/179858901"
"iNaturalist","image","177741549","Lontra annectens","2023-06-11","09:36","Milton Galvis",NA,"3.8766897345,-76.3470548979",3.8766897345,-76.3470548979,"https://static.inaturalist.org/photos/309174803/original.jpeg","jpeg","https://www.inaturalist.org/observations/177741549"
"iNaturalist","image","177400897","Lontra annectens","2022-10-19","11:29","Roger A. Morales-Flores",NA,"9.4473580795,-82.4502099961",9.4473580795,-82.4502099961,"https://inaturalist-open-data.s3.amazonaws.com/photos/308566847/original.jpg","jpeg","https://www.inaturalist.org/observations/177400897"
"iNaturalist","image","177400897","Lontra annectens","2022-10-19","11:29","Roger A. Morales-Flores",NA,"9.4473580795,-82.4502099961",9.4473580795,-82.4502099961,"https://inaturalist-open-data.s3.amazonaws.com/photos/308566984/original.jpg","jpeg","https://www.inaturalist.org/observations/177400897"
"iNaturalist","image","177346366","Lontra annectens","2023-08-08","08:28","Kevin Josue Hernandez",NA,"14.819479314,-87.9621948918",14.819479314,-87.9621948918,"https://static.inaturalist.org/photos/308434021/original.jpeg","jpeg","https://www.inaturalist.org/observations/177346366"
"iNaturalist","image","177346366","Lontra annectens","2023-08-08","08:28","Kevin Josue Hernandez",NA,"14.819479314,-87.9621948918",14.819479314,-87.9621948918,"https://static.inaturalist.org/photos/308434112/original.jpeg","jpeg","https://www.inaturalist.org/observations/177346366"
"iNaturalist","image","175777707","Lontra annectens","2023-07-30","12:04","Valeria Castro Llamazares",NA,"17.962554305,-90.8707053959",17.962554305,-90.8707053959,"https://static.inaturalist.org/photos/305514083/original.jpeg","jpeg","https://www.inaturalist.org/observations/175777707"
"iNaturalist","image","175777707","Lontra annectens","2023-07-30","12:04","Valeria Castro Llamazares",NA,"17.962554305,-90.8707053959",17.962554305,-90.8707053959,"https://static.inaturalist.org/photos/305514123/original.jpeg","jpeg","https://www.inaturalist.org/observations/175777707"
"iNaturalist","image","175777707","Lontra annectens","2023-07-30","12:04","Valeria Castro Llamazares",NA,"17.962554305,-90.8707053959",17.962554305,-90.8707053959,"https://static.inaturalist.org/photos/305514153/original.jpeg","jpeg","https://www.inaturalist.org/observations/175777707"
"iNaturalist","image","175777015","Lontra annectens","2023-07-30","11:55","Huaxteca",NA,"17.9626182356,-90.8716151079",17.9626182356,-90.8716151079,"https://inaturalist-open-data.s3.amazonaws.com/photos/305512941/original.jpg","jpeg","https://www.inaturalist.org/observations/175777015"
"iNaturalist","image","175777015","Lontra annectens","2023-07-30","11:55","Huaxteca",NA,"17.9626182356,-90.8716151079",17.9626182356,-90.8716151079,"https://inaturalist-open-data.s3.amazonaws.com/photos/305512970/original.jpg","jpeg","https://www.inaturalist.org/observations/175777015"
"iNaturalist","image","175471336","Lontra annectens","2023-07-23","17:28","Terry",NA,"8.7364577,-82.3234843",8.7364577,-82.3234843,"https://inaturalist-open-data.s3.amazonaws.com/photos/304956751/original.jpeg","jpeg","https://www.inaturalist.org/observations/175471336"
"iNaturalist","image","175471336","Lontra annectens","2023-07-23","17:28","Terry",NA,"8.7364577,-82.3234843",8.7364577,-82.3234843,"https://inaturalist-open-data.s3.amazonaws.com/photos/304956755/original.jpeg","jpeg","https://www.inaturalist.org/observations/175471336"
"iNaturalist","image","174746047","Lontra annectens",NA,NA,"Wilson Cruz",NA,"0.3036065348,-79.3004516512",0.3036065348,-79.3004516512,"https://static.inaturalist.org/photos/303615852/original.jpeg","jpeg","https://www.inaturalist.org/observations/174746047"
"iNaturalist","image","174139465","Lontra annectens","2022-01-16","09:45","Doug Hitchcox",NA,"10.8928854413,-84.7758545743",10.8928854413,-84.7758545743,"https://inaturalist-open-data.s3.amazonaws.com/photos/302491906/original.jpg","jpeg","https://www.inaturalist.org/observations/174139465"
"iNaturalist","image","173107016","Lontra annectens","2022-07-30","13:23","Anna Siegel",NA,"10.4688133333,-83.9993133333",10.4688133333,-83.9993133333,"https://static.inaturalist.org/photos/300584664/original.jpg","jpeg","https://www.inaturalist.org/observations/173107016"
"iNaturalist","image","171998430","Lontra annectens","2023-06-24","14:28","Saban-Sequén",NA,"10.1167250869,-83.3630518243",10.1167250869,-83.3630518243,"https://inaturalist-open-data.s3.amazonaws.com/photos/298522855/original.jpeg","jpeg","https://www.inaturalist.org/observations/171998430"
"iNaturalist","image","171998430","Lontra annectens","2023-06-24","14:28","Saban-Sequén",NA,"10.1167250869,-83.3630518243",10.1167250869,-83.3630518243,"https://inaturalist-open-data.s3.amazonaws.com/photos/298522907/original.jpeg","jpeg","https://www.inaturalist.org/observations/171998430"
"iNaturalist","image","171998430","Lontra annectens","2023-06-24","14:28","Saban-Sequén",NA,"10.1167250869,-83.3630518243",10.1167250869,-83.3630518243,"https://inaturalist-open-data.s3.amazonaws.com/photos/298522966/original.jpeg","jpeg","https://www.inaturalist.org/observations/171998430"
"iNaturalist","image","171998430","Lontra annectens","2023-06-24","14:28","Saban-Sequén",NA,"10.1167250869,-83.3630518243",10.1167250869,-83.3630518243,"https://inaturalist-open-data.s3.amazonaws.com/photos/298523065/original.jpeg","jpeg","https://www.inaturalist.org/observations/171998430"
"iNaturalist","image","171998430","Lontra annectens","2023-06-24","14:28","Saban-Sequén",NA,"10.1167250869,-83.3630518243",10.1167250869,-83.3630518243,"https://inaturalist-open-data.s3.amazonaws.com/photos/298523167/original.jpeg","jpeg","https://www.inaturalist.org/observations/171998430"
"iNaturalist","image","171998430","Lontra annectens","2023-06-24","14:28","Saban-Sequén",NA,"10.1167250869,-83.3630518243",10.1167250869,-83.3630518243,"https://inaturalist-open-data.s3.amazonaws.com/photos/298523245/original.jpeg","jpeg","https://www.inaturalist.org/observations/171998430"
"iNaturalist","image","171998430","Lontra annectens","2023-06-24","14:28","Saban-Sequén",NA,"10.1167250869,-83.3630518243",10.1167250869,-83.3630518243,"https://inaturalist-open-data.s3.amazonaws.com/photos/298523321/original.jpeg","jpeg","https://www.inaturalist.org/observations/171998430"
"iNaturalist","image","171998430","Lontra annectens","2023-06-24","14:28","Saban-Sequén",NA,"10.1167250869,-83.3630518243",10.1167250869,-83.3630518243,"https://inaturalist-open-data.s3.amazonaws.com/photos/298523395/original.jpeg","jpeg","https://www.inaturalist.org/observations/171998430"
"iNaturalist","image","171998430","Lontra annectens","2023-06-24","14:28","Saban-Sequén",NA,"10.1167250869,-83.3630518243",10.1167250869,-83.3630518243,"https://inaturalist-open-data.s3.amazonaws.com/photos/298523452/original.jpeg","jpeg","https://www.inaturalist.org/observations/171998430"
"iNaturalist","image","171568204","Lontra annectens","2022-08-22","14:41","Mathieu_fr",NA,"10.5387974021,-83.5045859429",10.5387974021,-83.5045859429,"https://inaturalist-open-data.s3.amazonaws.com/photos/297722595/original.jpeg","jpeg","https://www.inaturalist.org/observations/171568204"
"iNaturalist","image","170391427","Lontra annectens","2023-06-30","12:46","Saban-Sequén",NA,"10.1213310863,-83.3624583855",10.1213310863,-83.3624583855,"https://inaturalist-open-data.s3.amazonaws.com/photos/295527494/original.jpeg","jpeg","https://www.inaturalist.org/observations/170391427"
"iNaturalist","image","170391427","Lontra annectens","2023-06-30","12:46","Saban-Sequén",NA,"10.1213310863,-83.3624583855",10.1213310863,-83.3624583855,"https://inaturalist-open-data.s3.amazonaws.com/photos/295527534/original.jpeg","jpeg","https://www.inaturalist.org/observations/170391427"
"iNaturalist","image","170391427","Lontra annectens","2023-06-30","12:46","Saban-Sequén",NA,"10.1213310863,-83.3624583855",10.1213310863,-83.3624583855,"https://inaturalist-open-data.s3.amazonaws.com/photos/295527560/original.jpeg","jpeg","https://www.inaturalist.org/observations/170391427"
"iNaturalist","image","170391427","Lontra annectens","2023-06-30","12:46","Saban-Sequén",NA,"10.1213310863,-83.3624583855",10.1213310863,-83.3624583855,"https://inaturalist-open-data.s3.amazonaws.com/photos/295527590/original.jpeg","jpeg","https://www.inaturalist.org/observations/170391427"
"iNaturalist","image","170391427","Lontra annectens","2023-06-30","12:46","Saban-Sequén",NA,"10.1213310863,-83.3624583855",10.1213310863,-83.3624583855,"https://inaturalist-open-data.s3.amazonaws.com/photos/295527637/original.jpeg","jpeg","https://www.inaturalist.org/observations/170391427"
"iNaturalist","image","170391427","Lontra annectens","2023-06-30","12:46","Saban-Sequén",NA,"10.1213310863,-83.3624583855",10.1213310863,-83.3624583855,"https://inaturalist-open-data.s3.amazonaws.com/photos/295527670/original.jpeg","jpeg","https://www.inaturalist.org/observations/170391427"
"iNaturalist","image","170391427","Lontra annectens","2023-06-30","12:46","Saban-Sequén",NA,"10.1213310863,-83.3624583855",10.1213310863,-83.3624583855,"https://inaturalist-open-data.s3.amazonaws.com/photos/295527695/original.jpeg","jpeg","https://www.inaturalist.org/observations/170391427"
"iNaturalist","image","169532986","Lontra annectens","2023-06-24","14:25","Saban-Sequén",NA,"10.116566,-83.3629449722",10.116566,-83.3629449722,"https://inaturalist-open-data.s3.amazonaws.com/photos/293931373/original.jpeg","jpeg","https://www.inaturalist.org/observations/169532986"
"iNaturalist","image","169532986","Lontra annectens","2023-06-24","14:25","Saban-Sequén",NA,"10.116566,-83.3629449722",10.116566,-83.3629449722,"https://inaturalist-open-data.s3.amazonaws.com/photos/293931402/original.jpeg","jpeg","https://www.inaturalist.org/observations/169532986"
"iNaturalist","image","169532986","Lontra annectens","2023-06-24","14:25","Saban-Sequén",NA,"10.116566,-83.3629449722",10.116566,-83.3629449722,"https://inaturalist-open-data.s3.amazonaws.com/photos/293931432/original.jpeg","jpeg","https://www.inaturalist.org/observations/169532986"
"iNaturalist","image","169532986","Lontra annectens","2023-06-24","14:25","Saban-Sequén",NA,"10.116566,-83.3629449722",10.116566,-83.3629449722,"https://inaturalist-open-data.s3.amazonaws.com/photos/293931455/original.jpeg","jpeg","https://www.inaturalist.org/observations/169532986"
"iNaturalist","image","169532986","Lontra annectens","2023-06-24","14:25","Saban-Sequén",NA,"10.116566,-83.3629449722",10.116566,-83.3629449722,"https://inaturalist-open-data.s3.amazonaws.com/photos/293931470/original.jpeg","jpeg","https://www.inaturalist.org/observations/169532986"
"iNaturalist","image","169532986","Lontra annectens","2023-06-24","14:25","Saban-Sequén",NA,"10.116566,-83.3629449722",10.116566,-83.3629449722,"https://inaturalist-open-data.s3.amazonaws.com/photos/293931482/original.jpeg","jpeg","https://www.inaturalist.org/observations/169532986"
"iNaturalist","image","169532986","Lontra annectens","2023-06-24","14:25","Saban-Sequén",NA,"10.116566,-83.3629449722",10.116566,-83.3629449722,"https://inaturalist-open-data.s3.amazonaws.com/photos/293931509/original.jpeg","jpeg","https://www.inaturalist.org/observations/169532986"
"iNaturalist","image","169532986","Lontra annectens","2023-06-24","14:25","Saban-Sequén",NA,"10.116566,-83.3629449722",10.116566,-83.3629449722,"https://inaturalist-open-data.s3.amazonaws.com/photos/293931539/original.jpeg","jpeg","https://www.inaturalist.org/observations/169532986"
"iNaturalist","image","169532986","Lontra annectens","2023-06-24","14:25","Saban-Sequén",NA,"10.116566,-83.3629449722",10.116566,-83.3629449722,"https://inaturalist-open-data.s3.amazonaws.com/photos/293931559/original.jpeg","jpeg","https://www.inaturalist.org/observations/169532986"
"iNaturalist","image","168712786","Lontra annectens","2023-06-17","07:01","Puma23",NA,"9.0307947815,-79.419849515",9.0307947815,-79.419849515,"https://static.inaturalist.org/photos/292423019/original.jpeg","jpeg","https://www.inaturalist.org/observations/168712786"
"iNaturalist","image","168605724","Lontra annectens","2023-06-18","12:08","Sav_vida263",NA,"10.43135,-84.00508055",10.43135,-84.00508055,"https://inaturalist-open-data.s3.amazonaws.com/photos/292226710/original.jpg","jpeg","https://www.inaturalist.org/observations/168605724"
"iNaturalist","image","168605724","Lontra annectens","2023-06-18","12:08","Sav_vida263",NA,"10.43135,-84.00508055",10.43135,-84.00508055,"https://inaturalist-open-data.s3.amazonaws.com/photos/292226734/original.jpg","jpeg","https://www.inaturalist.org/observations/168605724"
"iNaturalist","image","168605724","Lontra annectens","2023-06-18","12:08","Sav_vida263",NA,"10.43135,-84.00508055",10.43135,-84.00508055,"https://inaturalist-open-data.s3.amazonaws.com/photos/292226754/original.jpg","jpeg","https://www.inaturalist.org/observations/168605724"
"iNaturalist","image","166939203","Lontra annectens","2023-06-11","13:33","Claireayer",NA,"17.7520404905,-88.6531457695",17.7520404905,-88.6531457695,"https://inaturalist-open-data.s3.amazonaws.com/photos/289131453/original.jpg","jpeg","https://www.inaturalist.org/observations/166939203"
"iNaturalist","image","166939203","Lontra annectens","2023-06-11","13:33","Claireayer",NA,"17.7520404905,-88.6531457695",17.7520404905,-88.6531457695,"https://inaturalist-open-data.s3.amazonaws.com/photos/289131507/original.jpg","jpeg","https://www.inaturalist.org/observations/166939203"
"iNaturalist","image","166103370","Lontra annectens","2023-06-07","11:14","Tíco Haroutiounian",NA,"10.3549716667,-83.7373633333",10.3549716667,-83.7373633333,"https://static.inaturalist.org/photos/287605948/original.jpg","jpeg","https://www.inaturalist.org/observations/166103370"
"iNaturalist","image","165926592","Lontra annectens","2021-03-12","15:24","No Rights Reserved",NA,"23.9972899722,-106.155708",23.9972899722,-106.155708,"https://inaturalist-open-data.s3.amazonaws.com/photos/287253110/original.jpg","jpeg","https://www.inaturalist.org/observations/165926592"
"iNaturalist","image","165915274","Lontra annectens","2016-02-22","10:56","Maria Judith Carmona",NA,NA,NA,NA,"https://inaturalist-open-data.s3.amazonaws.com/photos/287255176/original.jpeg","jpeg","https://www.inaturalist.org/observations/165915274"
"iNaturalist","image","165915274","Lontra annectens","2016-02-22","10:56","Maria Judith Carmona",NA,NA,NA,NA,"https://inaturalist-open-data.s3.amazonaws.com/photos/287256900/original.jpeg","jpeg","https://www.inaturalist.org/observations/165915274"
"iNaturalist","image","165915274","Lontra annectens","2016-02-22","10:56","Maria Judith Carmona",NA,NA,NA,NA,"https://inaturalist-open-data.s3.amazonaws.com/photos/287256903/original.jpeg","jpeg","https://www.inaturalist.org/observations/165915274"
"iNaturalist","image","165915274","Lontra annectens","2016-02-22","10:56","Maria Judith Carmona",NA,NA,NA,NA,"https://inaturalist-open-data.s3.amazonaws.com/photos/287256914/original.jpeg","jpeg","https://www.inaturalist.org/observations/165915274"
"iNaturalist","image","165915274","Lontra annectens","2016-02-22","10:56","Maria Judith Carmona",NA,NA,NA,NA,"https://inaturalist-open-data.s3.amazonaws.com/photos/287256915/original.jpeg","jpeg","https://www.inaturalist.org/observations/165915274"
"iNaturalist","image","165915274","Lontra annectens","2016-02-22","10:56","Maria Judith Carmona",NA,NA,NA,NA,"https://inaturalist-open-data.s3.amazonaws.com/photos/287256916/original.jpeg","jpeg","https://www.inaturalist.org/observations/165915274"
"iNaturalist","image","165915274","Lontra annectens","2016-02-22","10:56","Maria Judith Carmona",NA,NA,NA,NA,"https://inaturalist-open-data.s3.amazonaws.com/photos/287256917/original.jpeg","jpeg","https://www.inaturalist.org/observations/165915274"
"iNaturalist","image","165915274","Lontra annectens","2016-02-22","10:56","Maria Judith Carmona",NA,NA,NA,NA,"https://inaturalist-open-data.s3.amazonaws.com/photos/287256932/original.jpeg","jpeg","https://www.inaturalist.org/observations/165915274"
"iNaturalist","image","165915274","Lontra annectens","2016-02-22","10:56","Maria Judith Carmona",NA,NA,NA,NA,"https://inaturalist-open-data.s3.amazonaws.com/photos/287256936/original.jpeg","jpeg","https://www.inaturalist.org/observations/165915274"
"iNaturalist","image","165915274","Lontra annectens","2016-02-22","10:56","Maria Judith Carmona",NA,NA,NA,NA,"https://inaturalist-open-data.s3.amazonaws.com/photos/287256947/original.jpeg","jpeg","https://www.inaturalist.org/observations/165915274"
"iNaturalist","image","165915274","Lontra annectens","2016-02-22","10:56","Maria Judith Carmona",NA,NA,NA,NA,"https://inaturalist-open-data.s3.amazonaws.com/photos/287256956/original.jpeg","jpeg","https://www.inaturalist.org/observations/165915274"
"iNaturalist","image","165915274","Lontra annectens","2016-02-22","10:56","Maria Judith Carmona",NA,NA,NA,NA,"https://inaturalist-open-data.s3.amazonaws.com/photos/287256960/original.jpeg","jpeg","https://www.inaturalist.org/observations/165915274"
"iNaturalist","image","165762666","Lontra annectens","2023-06-05","12:31","Ak Hirosh",NA,"10.2898655218,-83.4493984905",10.2898655218,-83.4493984905,"https://static.inaturalist.org/photos/286972672/original.jpg","jpeg","https://www.inaturalist.org/observations/165762666"
"iNaturalist","image","165151292","Lontra annectens","2023-06-02","07:00","Heiner Ziegler",NA,"11.1229630511,-85.5962644093",11.1229630511,-85.5962644093,"https://inaturalist-open-data.s3.amazonaws.com/photos/285845041/original.jpeg","jpeg","https://www.inaturalist.org/observations/165151292"
"iNaturalist","image","164810492","Lontra annectens","2022-07-12","15:18","Kathy Richardson",NA,"-2.1835344214,-79.874660908",-2.1835344214,-79.874660908,"https://inaturalist-open-data.s3.amazonaws.com/photos/285202711/original.jpeg","jpeg","https://www.inaturalist.org/observations/164810492"
"iNaturalist","image","164810492","Lontra annectens","2022-07-12","15:18","Kathy Richardson",NA,"-2.1835344214,-79.874660908",-2.1835344214,-79.874660908,"https://inaturalist-open-data.s3.amazonaws.com/photos/285202733/original.jpeg","jpeg","https://www.inaturalist.org/observations/164810492"
"iNaturalist","image","164810492","Lontra annectens","2022-07-12","15:18","Kathy Richardson",NA,"-2.1835344214,-79.874660908",-2.1835344214,-79.874660908,"https://inaturalist-open-data.s3.amazonaws.com/photos/285202757/original.jpeg","jpeg","https://www.inaturalist.org/observations/164810492"
"iNaturalist","image","164810492","Lontra annectens","2022-07-12","15:18","Kathy Richardson",NA,"-2.1835344214,-79.874660908",-2.1835344214,-79.874660908,"https://inaturalist-open-data.s3.amazonaws.com/photos/285202771/original.jpeg","jpeg","https://www.inaturalist.org/observations/164810492"
"iNaturalist","image","164725111","Lontra annectens","2023-05-30","18:12","Gerson Herrera",NA,"22.2288416667,-97.8531916667",22.2288416667,-97.8531916667,"https://inaturalist-open-data.s3.amazonaws.com/photos/285047456/original.jpeg","jpeg","https://www.inaturalist.org/observations/164725111"
"iNaturalist","image","164725111","Lontra annectens","2023-05-30","18:12","Gerson Herrera",NA,"22.2288416667,-97.8531916667",22.2288416667,-97.8531916667,"https://inaturalist-open-data.s3.amazonaws.com/photos/285047481/original.jpeg","jpeg","https://www.inaturalist.org/observations/164725111"
"iNaturalist","image","163587204","Lontra annectens",NA,NA,"Osni George",NA,"15.7257498258,-86.73603829",15.7257498258,-86.73603829,"https://static.inaturalist.org/photos/282955176/original.jpeg","jpeg","https://www.inaturalist.org/observations/163587204"
"iNaturalist","image","163587204","Lontra annectens",NA,NA,"Osni George",NA,"15.7257498258,-86.73603829",15.7257498258,-86.73603829,"https://static.inaturalist.org/photos/283174436/original.jpeg","jpeg","https://www.inaturalist.org/observations/163587204"
"iNaturalist","image","163587204","Lontra annectens",NA,NA,"Osni George",NA,"15.7257498258,-86.73603829",15.7257498258,-86.73603829,"https://static.inaturalist.org/photos/283174465/original.jpeg","jpeg","https://www.inaturalist.org/observations/163587204"
"iNaturalist","image","162407632","Lontra annectens","2023-02-20","00:42","Hwillis",NA,"10.4232682,-84.0220298",10.4232682,-84.0220298,"https://inaturalist-open-data.s3.amazonaws.com/photos/280813210/original.jpg","jpeg","https://www.inaturalist.org/observations/162407632"
"iNaturalist","image","162407632","Lontra annectens","2023-02-20","00:42","Hwillis",NA,"10.4232682,-84.0220298",10.4232682,-84.0220298,"https://inaturalist-open-data.s3.amazonaws.com/photos/280813536/original.jpg","jpeg","https://www.inaturalist.org/observations/162407632"
"iNaturalist","image","161892812","Lontra annectens","2023-05-13","13:13","Ivani Martínez",NA,"19.1183884503,-96.1171734571",19.1183884503,-96.1171734571,"https://inaturalist-open-data.s3.amazonaws.com/photos/279867524/original.jpg","jpeg","https://www.inaturalist.org/observations/161892812"
"iNaturalist","image","161715408","Lontra annectens","2023-05-14","11:23","Rob Ornelas",NA,"20.4966616667,-105.3056866667",20.4966616667,-105.3056866667,"https://static.inaturalist.org/photos/279545298/original.jpg","jpeg","https://www.inaturalist.org/observations/161715408"
"iNaturalist","image","161715408","Lontra annectens","2023-05-14","11:23","Rob Ornelas",NA,"20.4966616667,-105.3056866667",20.4966616667,-105.3056866667,"https://static.inaturalist.org/photos/279545327/original.jpg","jpeg","https://www.inaturalist.org/observations/161715408"
"iNaturalist","image","161630841","Lontra annectens","2023-03-05","09:55","Oliver Komar",NA,"14.0000226329,-86.9901618307",14.0000226329,-86.9901618307,"https://inaturalist-open-data.s3.amazonaws.com/photos/279391808/original.jpeg","jpeg","https://www.inaturalist.org/observations/161630841"
"iNaturalist","image","161553372","Lontra annectens","2023-05-03","00:03","Diegorubenjuarezvazquez",NA,"19.4625443,-99.1521256",19.4625443,-99.1521256,"https://inaturalist-open-data.s3.amazonaws.com/photos/279255109/original.jpg","jpeg","https://www.inaturalist.org/observations/161553372"
"iNaturalist","image","161456641","Lontra annectens","2023-05-13","08:45","Thejaimeg1",NA,"10.4655533333,-84.0007777783",10.4655533333,-84.0007777783,"https://inaturalist-open-data.s3.amazonaws.com/photos/279073757/original.jpg","jpeg","https://www.inaturalist.org/observations/161456641"
"iNaturalist","image","161456641","Lontra annectens","2023-05-13","08:45","Thejaimeg1",NA,"10.4655533333,-84.0007777783",10.4655533333,-84.0007777783,"https://inaturalist-open-data.s3.amazonaws.com/photos/279073802/original.jpg","jpeg","https://www.inaturalist.org/observations/161456641"
"iNaturalist","image","161435414","Lontra annectens","2023-05-13","08:45","Valerieraedavis",NA,"10.4588304556,-84.0024133399",10.4588304556,-84.0024133399,"https://inaturalist-open-data.s3.amazonaws.com/photos/279036221/original.jpeg","jpeg","https://www.inaturalist.org/observations/161435414"
"iNaturalist","image","161193089","Lontra annectens","2023-04-04","10:28","Tanhar",NA,"8.5110768265,-83.3133905485",8.5110768265,-83.3133905485,"https://inaturalist-open-data.s3.amazonaws.com/photos/278606892/original.jpeg","jpeg","https://www.inaturalist.org/observations/161193089"
"iNaturalist","image","161193089","Lontra annectens","2023-04-04","10:28","Tanhar",NA,"8.5110768265,-83.3133905485",8.5110768265,-83.3133905485,"https://inaturalist-open-data.s3.amazonaws.com/photos/278606952/original.jpeg","jpeg","https://www.inaturalist.org/observations/161193089"
"iNaturalist","image","161193089","Lontra annectens","2023-04-04","10:28","Tanhar",NA,"8.5110768265,-83.3133905485",8.5110768265,-83.3133905485,"https://inaturalist-open-data.s3.amazonaws.com/photos/278606944/original.jpeg","jpeg","https://www.inaturalist.org/observations/161193089"
"iNaturalist","image","160977944","Lontra annectens","2020-02-14","08:37","Benoît Segerer",NA,"14.9334148624,-88.0334620423",14.9334148624,-88.0334620423,"https://inaturalist-open-data.s3.amazonaws.com/photos/278211769/original.jpeg","jpeg","https://www.inaturalist.org/observations/160977944"
"iNaturalist","image","158413124","Lontra annectens","2023-04-30","13:35","Alberto Alcalá",NA,"19.3359332412,-104.3729785981",19.3359332412,-104.3729785981,"https://inaturalist-open-data.s3.amazonaws.com/photos/273775690/original.jpeg","jpeg","https://www.inaturalist.org/observations/158413124"
"iNaturalist","image","156628612","Lontra annectens","2023-04-16","09:09","Rob Ornelas",NA,"20.6345416667,-105.1693633333",20.6345416667,-105.1693633333,"https://static.inaturalist.org/photos/270858970/original.jpg","jpeg","https://www.inaturalist.org/observations/156628612"
"iNaturalist","image","156628612","Lontra annectens","2023-04-16","09:09","Rob Ornelas",NA,"20.6345416667,-105.1693633333",20.6345416667,-105.1693633333,"https://static.inaturalist.org/photos/270859019/original.jpg","jpeg","https://www.inaturalist.org/observations/156628612"
"iNaturalist","image","156294541","Lontra annectens","2023-04-23","13:44","Jorge Adrean Ochoa Chacon",NA,"29.6985705157,-108.4409346273",29.6985705157,-108.4409346273,"https://static.inaturalist.org/photos/270243327/original.jpeg","jpeg","https://www.inaturalist.org/observations/156294541"
"iNaturalist","image","156158295","Lontra annectens","2018-07-08","09:31","Christina S. Baer",NA,"10.427798432,-84.0116442993",10.427798432,-84.0116442993,"https://inaturalist-open-data.s3.amazonaws.com/photos/269990479/original.jpeg","jpeg","https://www.inaturalist.org/observations/156158295"
"iNaturalist","image","156158295","Lontra annectens","2018-07-08","09:31","Christina S. Baer",NA,"10.427798432,-84.0116442993",10.427798432,-84.0116442993,"https://inaturalist-open-data.s3.amazonaws.com/photos/269990665/original.jpeg","jpeg","https://www.inaturalist.org/observations/156158295"
"iNaturalist","image","156158295","Lontra annectens","2018-07-08","09:31","Christina S. Baer",NA,"10.427798432,-84.0116442993",10.427798432,-84.0116442993,"https://inaturalist-open-data.s3.amazonaws.com/photos/269990632/original.jpeg","jpeg","https://www.inaturalist.org/observations/156158295"
"iNaturalist","image","155875320","Lontra annectens","2023-04-19","14:06","Gerardo Landero Gtz",NA,"23.9354803346,-104.3102988973",23.9354803346,-104.3102988973,"https://inaturalist-open-data.s3.amazonaws.com/photos/269701193/original.jpeg","jpeg","https://www.inaturalist.org/observations/155875320"
"iNaturalist","image","155875320","Lontra annectens","2023-04-19","14:06","Gerardo Landero Gtz",NA,"23.9354803346,-104.3102988973",23.9354803346,-104.3102988973,"https://inaturalist-open-data.s3.amazonaws.com/photos/269487641/original.jpeg","jpeg","https://www.inaturalist.org/observations/155875320"
"iNaturalist","image","155875320","Lontra annectens","2023-04-19","14:06","Gerardo Landero Gtz",NA,"23.9354803346,-104.3102988973",23.9354803346,-104.3102988973,"https://inaturalist-open-data.s3.amazonaws.com/photos/269701172/original.jpeg","jpeg","https://www.inaturalist.org/observations/155875320"
"iNaturalist","image","155521520","Lontra annectens","2023-04-08","12:23","Nativas Travel Ecuador",NA,"-3.2735873141,-79.9195410311",-3.2735873141,-79.9195410311,"https://static.inaturalist.org/photos/268840947/original.jpeg","jpeg","https://www.inaturalist.org/observations/155521520"
"iNaturalist","image","155326604","Lontra annectens","2023-04-01","08:39","Hans Holbrook",NA,"10.4312628595,-84.0050617879",10.4312628595,-84.0050617879,"https://inaturalist-open-data.s3.amazonaws.com/photos/268471140/original.jpeg","jpeg","https://www.inaturalist.org/observations/155326604"
"iNaturalist","image","155042074","Lontra annectens","2023-04-14","19:25","Juan Cruzado Cortés",NA,"29.6364749511,-108.5178355873",29.6364749511,-108.5178355873,"https://inaturalist-open-data.s3.amazonaws.com/photos/267950882/original.jpeg","jpeg","https://www.inaturalist.org/observations/155042074"
"iNaturalist","image","155042074","Lontra annectens","2023-04-14","19:25","Juan Cruzado Cortés",NA,"29.6364749511,-108.5178355873",29.6364749511,-108.5178355873,"https://inaturalist-open-data.s3.amazonaws.com/photos/267951174/original.jpeg","jpeg","https://www.inaturalist.org/observations/155042074"
"iNaturalist","image","155042074","Lontra annectens","2023-04-14","19:25","Juan Cruzado Cortés",NA,"29.6364749511,-108.5178355873",29.6364749511,-108.5178355873,"https://inaturalist-open-data.s3.amazonaws.com/photos/267951471/original.jpeg","jpeg","https://www.inaturalist.org/observations/155042074"
"iNaturalist","image","154870646","Lontra annectens","2021-09-16","02:39","Javier Cruz Nieto",NA,"29.091410121,-108.6075772397",29.091410121,-108.6075772397,"https://inaturalist-open-data.s3.amazonaws.com/photos/267635622/original.jpeg","jpeg","https://www.inaturalist.org/observations/154870646"
"iNaturalist","image","154870646","Lontra annectens","2021-09-16","02:39","Javier Cruz Nieto",NA,"29.091410121,-108.6075772397",29.091410121,-108.6075772397,"https://inaturalist-open-data.s3.amazonaws.com/photos/267635646/original.jpeg","jpeg","https://www.inaturalist.org/observations/154870646"
"iNaturalist","image","154870646","Lontra annectens","2021-09-16","02:39","Javier Cruz Nieto",NA,"29.091410121,-108.6075772397",29.091410121,-108.6075772397,"https://inaturalist-open-data.s3.amazonaws.com/photos/267635673/original.jpeg","jpeg","https://www.inaturalist.org/observations/154870646"
"iNaturalist","image","154644020","Lontra annectens","2023-02-28","10:00","David A. Rodríguez Arias",NA,"10.4311845647,-84.0050622798",10.4311845647,-84.0050622798,"https://inaturalist-open-data.s3.amazonaws.com/photos/267227772/original.jpg","jpeg","https://www.inaturalist.org/observations/154644020"
"iNaturalist","image","154500251","Lontra annectens","2023-04-10","13:12","Matteo Cassella",NA,"16.6372844543,-93.1652234715",16.6372844543,-93.1652234715,"https://inaturalist-open-data.s3.amazonaws.com/photos/266964327/original.jpg","jpeg","https://www.inaturalist.org/observations/154500251"
"iNaturalist","image","153758664","Lontra annectens","2002-11-29","19:03","Miryon Montes",NA,"1.8244232203,-76.0503039882",1.8244232203,-76.0503039882,"https://static.inaturalist.org/photos/265604995/original.jpeg","jpeg","https://www.inaturalist.org/observations/153758664"
"iNaturalist","image","153758645","Lontra annectens","2002-11-29","19:03","Miryon Montes",NA,"1.8341580281,-76.0484743863",1.8341580281,-76.0484743863,"https://static.inaturalist.org/photos/265604971/original.jpeg","jpeg","https://www.inaturalist.org/observations/153758645"
"iNaturalist","image","153728561","Lontra annectens",NA,NA,"Christiano_aguirre",NA,"18.8933523415,-100.7320215181",18.8933523415,-100.7320215181,"https://inaturalist-open-data.s3.amazonaws.com/photos/265548805/original.jpeg","jpeg","https://www.inaturalist.org/observations/153728561"
"iNaturalist","image","153728561","Lontra annectens",NA,NA,"Christiano_aguirre",NA,"18.8933523415,-100.7320215181",18.8933523415,-100.7320215181,"https://inaturalist-open-data.s3.amazonaws.com/photos/265549123/original.jpeg","jpeg","https://www.inaturalist.org/observations/153728561"
"iNaturalist","image","153584799","Lontra annectens",NA,NA,"Alejandro Gómez Nísino",NA,"29.7478179737,-108.5259956154",29.7478179737,-108.5259956154,"https://inaturalist-open-data.s3.amazonaws.com/photos/265284296/original.jpeg","jpeg","https://www.inaturalist.org/observations/153584799"
"iNaturalist","image","153584799","Lontra annectens",NA,NA,"Alejandro Gómez Nísino",NA,"29.7478179737,-108.5259956154",29.7478179737,-108.5259956154,"https://inaturalist-open-data.s3.amazonaws.com/photos/265284305/original.jpeg","jpeg","https://www.inaturalist.org/observations/153584799"
"iNaturalist","image","153584799","Lontra annectens",NA,NA,"Alejandro Gómez Nísino",NA,"29.7478179737,-108.5259956154",29.7478179737,-108.5259956154,"https://inaturalist-open-data.s3.amazonaws.com/photos/265284312/original.jpeg","jpeg","https://www.inaturalist.org/observations/153584799"
"iNaturalist","image","153582994","Lontra annectens",NA,NA,"Alejandro Gómez Nísino",NA,"29.7608412477,-108.4362833456",29.7608412477,-108.4362833456,"https://inaturalist-open-data.s3.amazonaws.com/photos/265281089/original.jpeg","jpeg","https://www.inaturalist.org/observations/153582994"
"iNaturalist","image","153582994","Lontra annectens",NA,NA,"Alejandro Gómez Nísino",NA,"29.7608412477,-108.4362833456",29.7608412477,-108.4362833456,"https://inaturalist-open-data.s3.amazonaws.com/photos/265281098/original.jpeg","jpeg","https://www.inaturalist.org/observations/153582994"
"iNaturalist","image","153582994","Lontra annectens",NA,NA,"Alejandro Gómez Nísino",NA,"29.7608412477,-108.4362833456",29.7608412477,-108.4362833456,"https://inaturalist-open-data.s3.amazonaws.com/photos/265281100/original.jpeg","jpeg","https://www.inaturalist.org/observations/153582994"
"iNaturalist","image","152862816","Lontra annectens","2023-03-15","11:15","Marcel Esquivel",NA,"9.3190524895,-83.9072214723",9.3190524895,-83.9072214723,"https://static.inaturalist.org/photos/263936823/original.jpg","jpeg","https://www.inaturalist.org/observations/152862816"
"iNaturalist","image","152823812","Lontra annectens","2023-03-30","06:42","Javier Cruz Nieto",NA,"29.0449721294,-108.282533884",29.0449721294,-108.282533884,"https://inaturalist-open-data.s3.amazonaws.com/photos/263867260/original.jpg","jpeg","https://www.inaturalist.org/observations/152823812"
"iNaturalist","image","152303041","Lontra annectens","2023-02-28","10:56","Joshua Wade Covill",NA,"10.4311923096,-84.0049961289",10.4311923096,-84.0049961289,"https://inaturalist-open-data.s3.amazonaws.com/photos/262900467/original.jpg","jpeg","https://www.inaturalist.org/observations/152303041"
"iNaturalist","image","152303041","Lontra annectens","2023-02-28","10:56","Joshua Wade Covill",NA,"10.4311923096,-84.0049961289",10.4311923096,-84.0049961289,"https://inaturalist-open-data.s3.amazonaws.com/photos/262900483/original.jpg","jpeg","https://www.inaturalist.org/observations/152303041"
"iNaturalist","image","152117441","Lontra annectens","2023-03-20","16:28","Alondra Betancourt",NA,"19.0501305,-96.0777195",19.0501305,-96.0777195,"https://static.inaturalist.org/photos/262560247/original.jpg","jpeg","https://www.inaturalist.org/observations/152117441"
"iNaturalist","image","152117441","Lontra annectens","2023-03-20","16:28","Alondra Betancourt",NA,"19.0501305,-96.0777195",19.0501305,-96.0777195,"https://static.inaturalist.org/photos/262560251/original.jpg","jpeg","https://www.inaturalist.org/observations/152117441"
"iNaturalist","image","152117441","Lontra annectens","2023-03-20","16:28","Alondra Betancourt",NA,"19.0501305,-96.0777195",19.0501305,-96.0777195,"https://static.inaturalist.org/photos/262560258/original.jpg","jpeg","https://www.inaturalist.org/observations/152117441"
"iNaturalist","image","152117441","Lontra annectens","2023-03-20","16:28","Alondra Betancourt",NA,"19.0501305,-96.0777195",19.0501305,-96.0777195,"https://static.inaturalist.org/photos/262560262/original.jpg","jpeg","https://www.inaturalist.org/observations/152117441"
"iNaturalist","image","152117441","Lontra annectens","2023-03-20","16:28","Alondra Betancourt",NA,"19.0501305,-96.0777195",19.0501305,-96.0777195,"https://static.inaturalist.org/photos/262560278/original.jpg","jpeg","https://www.inaturalist.org/observations/152117441"
"iNaturalist","image","152117441","Lontra annectens","2023-03-20","16:28","Alondra Betancourt",NA,"19.0501305,-96.0777195",19.0501305,-96.0777195,"https://static.inaturalist.org/photos/262560282/original.jpg","jpeg","https://www.inaturalist.org/observations/152117441"
"iNaturalist","image","152117441","Lontra annectens","2023-03-20","16:28","Alondra Betancourt",NA,"19.0501305,-96.0777195",19.0501305,-96.0777195,"https://static.inaturalist.org/photos/262560286/original.jpg","jpeg","https://www.inaturalist.org/observations/152117441"
"iNaturalist","image","152117441","Lontra annectens","2023-03-20","16:28","Alondra Betancourt",NA,"19.0501305,-96.0777195",19.0501305,-96.0777195,"https://static.inaturalist.org/photos/262560268/original.jpg","jpeg","https://www.inaturalist.org/observations/152117441"
"iNaturalist","image","151858216","Lontra annectens","2017-03-21","18:37","Bruno Caula",NA,"10.4488767,-83.5069226",10.4488767,-83.5069226,"https://static.inaturalist.org/photos/262084417/original.jpg","jpeg","https://www.inaturalist.org/observations/151858216"
"iNaturalist","image","151674806","Lontra annectens","2019-08-15","13:16","Betorquato",NA,"16.1204145809,-90.9270282318",16.1204145809,-90.9270282318,"https://inaturalist-open-data.s3.amazonaws.com/photos/261734994/original.jpg","jpeg","https://www.inaturalist.org/observations/151674806"
"iNaturalist","image","151674806","Lontra annectens","2019-08-15","13:16","Betorquato",NA,"16.1204145809,-90.9270282318",16.1204145809,-90.9270282318,"https://inaturalist-open-data.s3.amazonaws.com/photos/261735019/original.jpg","jpeg","https://www.inaturalist.org/observations/151674806"
"iNaturalist","image","151503135","Lontra annectens","2022-11-19","12:55","Daniel Ugalde",NA,"20.4122676667,-103.6752624444",20.4122676667,-103.6752624444,"https://static.inaturalist.org/photos/261417276/original.jpeg","jpeg","https://www.inaturalist.org/observations/151503135"
"iNaturalist","image","151503135","Lontra annectens","2022-11-19","12:55","Daniel Ugalde",NA,"20.4122676667,-103.6752624444",20.4122676667,-103.6752624444,"https://static.inaturalist.org/photos/261417300/original.jpeg","jpeg","https://www.inaturalist.org/observations/151503135"
"iNaturalist","image","151503135","Lontra annectens","2022-11-19","12:55","Daniel Ugalde",NA,"20.4122676667,-103.6752624444",20.4122676667,-103.6752624444,"https://static.inaturalist.org/photos/261417324/original.jpeg","jpeg","https://www.inaturalist.org/observations/151503135"
"iNaturalist","image","151449575","Lontra annectens","2023-03-10","10:31","Andrew Newmark",NA,"8.919775,-78.4061416667",8.919775,-78.4061416667,"https://inaturalist-open-data.s3.amazonaws.com/photos/261317899/original.jpg","jpeg","https://www.inaturalist.org/observations/151449575"
"iNaturalist","image","151422600","Lontra annectens","2023-03-12","10:29","Angiebird",NA,"6.0345127,-74.6390201",6.0345127,-74.6390201,"https://inaturalist-open-data.s3.amazonaws.com/photos/261265569/original.jpeg","jpeg","https://www.inaturalist.org/observations/151422600"
"iNaturalist","image","151191894","Lontra annectens",NA,NA,"Danplant",NA,"-5.1660699515,-80.6182702258",-5.1660699515,-80.6182702258,"https://inaturalist-open-data.s3.amazonaws.com/photos/260831667/original.jpeg","jpeg","https://www.inaturalist.org/observations/151191894"
"iNaturalist","image","151191894","Lontra annectens",NA,NA,"Danplant",NA,"-5.1660699515,-80.6182702258",-5.1660699515,-80.6182702258,"https://inaturalist-open-data.s3.amazonaws.com/photos/260831668/original.jpeg","jpeg","https://www.inaturalist.org/observations/151191894"
"iNaturalist","image","151191894","Lontra annectens",NA,NA,"Danplant",NA,"-5.1660699515,-80.6182702258",-5.1660699515,-80.6182702258,"https://inaturalist-open-data.s3.amazonaws.com/photos/260831674/original.jpeg","jpeg","https://www.inaturalist.org/observations/151191894"
"iNaturalist","image","151171143","Lontra annectens","2023-03-12","10:28","Santi Md",NA,"6.03232,-74.6830233333",6.03232,-74.6830233333,"https://inaturalist-open-data.s3.amazonaws.com/photos/260791672/original.jpeg","jpeg","https://www.inaturalist.org/observations/151171143"
"iNaturalist","image","151094382","Lontra annectens","2023-03-12","10:34","Jerson Marín",NA,"6.1755967126,-74.7417751704",6.1755967126,-74.7417751704,"https://inaturalist-open-data.s3.amazonaws.com/photos/260650750/original.jpeg","jpeg","https://www.inaturalist.org/observations/151094382"
"iNaturalist","image","151035351","Lontra annectens","2023-03-12","09:27","Luis Alberto Hernandez Guanipa",NA,"6.0529839233,-74.6698749438",6.0529839233,-74.6698749438,"https://static.inaturalist.org/photos/260538989/original.jpeg","jpeg","https://www.inaturalist.org/observations/151035351"
"iNaturalist","image","150918218","Lontra annectens","2023-03-12","06:20","James Treadwell",NA,"10.4313133333,-84.0049277833",10.4313133333,-84.0049277833,"https://static.inaturalist.org/photos/260319874/original.jpg","jpeg","https://www.inaturalist.org/observations/150918218"
"iNaturalist","image","150918218","Lontra annectens","2023-03-12","06:20","James Treadwell",NA,"10.4313133333,-84.0049277833",10.4313133333,-84.0049277833,"https://static.inaturalist.org/photos/260319905/original.jpg","jpeg","https://www.inaturalist.org/observations/150918218"
"iNaturalist","image","150918218","Lontra annectens","2023-03-12","06:20","James Treadwell",NA,"10.4313133333,-84.0049277833",10.4313133333,-84.0049277833,"https://static.inaturalist.org/photos/260319923/original.jpg","jpeg","https://www.inaturalist.org/observations/150918218"
"iNaturalist","image","150918216","Lontra annectens","2023-03-12","06:23","Parkerdavis23",NA,"10.4311971069,-84.0048554452",10.4311971069,-84.0048554452,"https://inaturalist-open-data.s3.amazonaws.com/photos/260319869/original.jpg","jpeg","https://www.inaturalist.org/observations/150918216"
"iNaturalist","image","150637455","Lontra annectens","2023-02-21","09:52","Quinn Diaz",NA,"10.495340597,-84.1040715321",10.495340597,-84.1040715321,"https://static.inaturalist.org/photos/259788216/original.jpg","jpeg","https://www.inaturalist.org/observations/150637455"
"iNaturalist","image","150523754","Lontra annectens","2023-01-22","09:18","Diego A. Botero-Álvarez",NA,"5.9338267374,-75.3936996248",5.9338267374,-75.3936996248,"https://inaturalist-open-data.s3.amazonaws.com/photos/259567298/original.jpg","jpeg","https://www.inaturalist.org/observations/150523754"
"iNaturalist","image","150523754","Lontra annectens","2023-01-22","09:18","Diego A. Botero-Álvarez",NA,"5.9338267374,-75.3936996248",5.9338267374,-75.3936996248,"https://inaturalist-open-data.s3.amazonaws.com/photos/259567276/original.jpg","jpeg","https://www.inaturalist.org/observations/150523754"
"iNaturalist","image","150026777","Lontra annectens","2023-02-25","10:46","Benjamin Navas",NA,"-2.179192,-79.874785",-2.179192,-79.874785,"https://static.inaturalist.org/photos/258617330/original.jpeg","jpeg","https://www.inaturalist.org/observations/150026777"
"iNaturalist","image","149788474","Lontra annectens","2023-02-26","10:52","Jaime Camacho",NA,"-2.181878733,-79.8736616561",-2.181878733,-79.8736616561,"https://inaturalist-open-data.s3.amazonaws.com/photos/258162275/original.jpeg","jpeg","https://www.inaturalist.org/observations/149788474"
"iNaturalist","image","149557216","Lontra annectens","2022-05-08","05:55","Osa Conservation",NA,"8.800784,-83.259387",8.800784,-83.259387,"https://inaturalist-open-data.s3.amazonaws.com/photos/257731830/original.jpeg","jpeg","https://www.inaturalist.org/observations/149557216"
"iNaturalist","image","149512879","Lontra annectens","2022-05-13","17:12","Practamuin",NA,"22.043548928,-98.816506024",22.043548928,-98.816506024,"https://inaturalist-open-data.s3.amazonaws.com/photos/257648081/original.jpeg","jpeg","https://www.inaturalist.org/observations/149512879"
"iNaturalist","image","149274665","Lontra annectens","2023-02-04","17:09","Sychen",NA,"9.8327050764,-83.532473892",9.8327050764,-83.532473892,"https://inaturalist-open-data.s3.amazonaws.com/photos/257197710/original.jpeg","jpeg","https://www.inaturalist.org/observations/149274665"
"iNaturalist","image","149245489","Lontra annectens","2023-02-20","11:35","Mai Fahmy",NA,"9.15422141,-83.7487970533",9.15422141,-83.7487970533,"https://static.inaturalist.org/photos/257145139/original.jpg","jpeg","https://www.inaturalist.org/observations/149245489"
"iNaturalist","image","149066740","Lontra annectens","2023-02-06","13:48","Gerardo Benjamín Torres Cantú",NA,"18.9267295935,-96.8767239153",18.9267295935,-96.8767239153,"https://static.inaturalist.org/photos/256808255/original.jpeg","jpeg","https://www.inaturalist.org/observations/149066740"
"iNaturalist","image","149066740","Lontra annectens","2023-02-06","13:48","Gerardo Benjamín Torres Cantú",NA,"18.9267295935,-96.8767239153",18.9267295935,-96.8767239153,"https://static.inaturalist.org/photos/256808276/original.jpeg","jpeg","https://www.inaturalist.org/observations/149066740"
"iNaturalist","image","149066740","Lontra annectens","2023-02-06","13:48","Gerardo Benjamín Torres Cantú",NA,"18.9267295935,-96.8767239153",18.9267295935,-96.8767239153,"https://static.inaturalist.org/photos/256808300/original.jpeg","jpeg","https://www.inaturalist.org/observations/149066740"
"iNaturalist","image","148912230","Lontra annectens",NA,NA,"Sellermoon",NA,"10.8851192929,-84.7911641747",10.8851192929,-84.7911641747,"https://inaturalist-open-data.s3.amazonaws.com/photos/256521879/original.jpeg","jpeg","https://www.inaturalist.org/observations/148912230"
"iNaturalist","image","148784346","Lontra annectens","2023-02-11","11:36","Federico Figueroa Cabezas",NA,"10.8922198163,-84.7769929011",10.8922198163,-84.7769929011,"https://inaturalist-open-data.s3.amazonaws.com/photos/256277143/original.jpg","jpeg","https://www.inaturalist.org/observations/148784346"
"iNaturalist","image","148784346","Lontra annectens","2023-02-11","11:36","Federico Figueroa Cabezas",NA,"10.8922198163,-84.7769929011",10.8922198163,-84.7769929011,"https://inaturalist-open-data.s3.amazonaws.com/photos/256277184/original.jpg","jpeg","https://www.inaturalist.org/observations/148784346"
"iNaturalist","image","148784346","Lontra annectens","2023-02-11","11:36","Federico Figueroa Cabezas",NA,"10.8922198163,-84.7769929011",10.8922198163,-84.7769929011,"https://inaturalist-open-data.s3.amazonaws.com/photos/256277178/original.jpg","jpeg","https://www.inaturalist.org/observations/148784346"
"iNaturalist","image","148784346","Lontra annectens","2023-02-11","11:36","Federico Figueroa Cabezas",NA,"10.8922198163,-84.7769929011",10.8922198163,-84.7769929011,"https://inaturalist-open-data.s3.amazonaws.com/photos/256277189/original.jpg","jpeg","https://www.inaturalist.org/observations/148784346"
"iNaturalist","image","148784346","Lontra annectens","2023-02-11","11:36","Federico Figueroa Cabezas",NA,"10.8922198163,-84.7769929011",10.8922198163,-84.7769929011,"https://inaturalist-open-data.s3.amazonaws.com/photos/256277201/original.jpg","jpeg","https://www.inaturalist.org/observations/148784346"
"iNaturalist","image","148486328","Lontra annectens","2023-02-10","14:18","Jjbucio",NA,"18.1547630303,-94.4152299417",18.1547630303,-94.4152299417,"https://inaturalist-open-data.s3.amazonaws.com/photos/255714075/original.jpg","jpeg","https://www.inaturalist.org/observations/148486328"
"iNaturalist","image","148486328","Lontra annectens","2023-02-10","14:18","Jjbucio",NA,"18.1547630303,-94.4152299417",18.1547630303,-94.4152299417,"https://inaturalist-open-data.s3.amazonaws.com/photos/255714081/original.jpg","jpeg","https://www.inaturalist.org/observations/148486328"
"iNaturalist","image","148327598","Lontra annectens","2023-02-02","08:53","Otto Seydel",NA,"15.5369303969,-87.9934924096",15.5369303969,-87.9934924096,"https://inaturalist-open-data.s3.amazonaws.com/photos/255406723/original.jpeg","jpeg","https://www.inaturalist.org/observations/148327598"
"iNaturalist","image","148327598","Lontra annectens","2023-02-02","08:53","Otto Seydel",NA,"15.5369303969,-87.9934924096",15.5369303969,-87.9934924096,"https://inaturalist-open-data.s3.amazonaws.com/photos/255406732/original.jpeg","jpeg","https://www.inaturalist.org/observations/148327598"
"iNaturalist","image","148042958","Lontra annectens","2023-01-28","06:56","Rob Foster",NA,"8.5007701258,-83.3017869557",8.5007701258,-83.3017869557,"https://inaturalist-open-data.s3.amazonaws.com/photos/254860511/original.jpeg","jpeg","https://www.inaturalist.org/observations/148042958"
"iNaturalist","image","148042958","Lontra annectens","2023-01-28","06:56","Rob Foster",NA,"8.5007701258,-83.3017869557",8.5007701258,-83.3017869557,"https://inaturalist-open-data.s3.amazonaws.com/photos/254860547/original.jpeg","jpeg","https://www.inaturalist.org/observations/148042958"
"iNaturalist","image","148042958","Lontra annectens","2023-01-28","06:56","Rob Foster",NA,"8.5007701258,-83.3017869557",8.5007701258,-83.3017869557,"https://inaturalist-open-data.s3.amazonaws.com/photos/254860496/original.jpeg","jpeg","https://www.inaturalist.org/observations/148042958"
"iNaturalist","image","148042958","Lontra annectens","2023-01-28","06:56","Rob Foster",NA,"8.5007701258,-83.3017869557",8.5007701258,-83.3017869557,"https://inaturalist-open-data.s3.amazonaws.com/photos/254860602/original.jpeg","jpeg","https://www.inaturalist.org/observations/148042958"
"iNaturalist","image","148042958","Lontra annectens","2023-01-28","06:56","Rob Foster",NA,"8.5007701258,-83.3017869557",8.5007701258,-83.3017869557,"https://inaturalist-open-data.s3.amazonaws.com/photos/254860616/original.jpeg","jpeg","https://www.inaturalist.org/observations/148042958"
"iNaturalist","image","148042958","Lontra annectens","2023-01-28","06:56","Rob Foster",NA,"8.5007701258,-83.3017869557",8.5007701258,-83.3017869557,"https://inaturalist-open-data.s3.amazonaws.com/photos/254860656/original.jpeg","jpeg","https://www.inaturalist.org/observations/148042958"
"iNaturalist","image","148042958","Lontra annectens","2023-01-28","06:56","Rob Foster",NA,"8.5007701258,-83.3017869557",8.5007701258,-83.3017869557,"https://inaturalist-open-data.s3.amazonaws.com/photos/254860928/original.jpeg","jpeg","https://www.inaturalist.org/observations/148042958"
"iNaturalist","image","148042958","Lontra annectens","2023-01-28","06:56","Rob Foster",NA,"8.5007701258,-83.3017869557",8.5007701258,-83.3017869557,"https://inaturalist-open-data.s3.amazonaws.com/photos/254860946/original.jpeg","jpeg","https://www.inaturalist.org/observations/148042958"
"iNaturalist","image","148042958","Lontra annectens","2023-01-28","06:56","Rob Foster",NA,"8.5007701258,-83.3017869557",8.5007701258,-83.3017869557,"https://inaturalist-open-data.s3.amazonaws.com/photos/254860456/original.jpeg","jpeg","https://www.inaturalist.org/observations/148042958"
"iNaturalist","image","147859320","Lontra annectens","2023-02-01","17:32","Juan Pablo Chaves Rodríguez",NA,"9.8545038969,-83.6245199293",9.8545038969,-83.6245199293,"https://static.inaturalist.org/photos/254508352/original.jpeg","jpeg","https://www.inaturalist.org/observations/147859320"
"iNaturalist","image","147859320","Lontra annectens","2023-02-01","17:32","Juan Pablo Chaves Rodríguez",NA,"9.8545038969,-83.6245199293",9.8545038969,-83.6245199293,"https://static.inaturalist.org/photos/254508362/original.jpeg","jpeg","https://www.inaturalist.org/observations/147859320"
"iNaturalist","image","147859320","Lontra annectens","2023-02-01","17:32","Juan Pablo Chaves Rodríguez",NA,"9.8545038969,-83.6245199293",9.8545038969,-83.6245199293,"https://static.inaturalist.org/photos/254508369/original.jpeg","jpeg","https://www.inaturalist.org/observations/147859320"
"iNaturalist","image","147859320","Lontra annectens","2023-02-01","17:32","Juan Pablo Chaves Rodríguez",NA,"9.8545038969,-83.6245199293",9.8545038969,-83.6245199293,"https://static.inaturalist.org/photos/254508377/original.jpeg","jpeg","https://www.inaturalist.org/observations/147859320"
"iNaturalist","image","147767387","Lontra annectens","2023-01-31","10:28","Jesúsbethancourt",NA,"9.075288,-79.5029021",9.075288,-79.5029021,"https://inaturalist-open-data.s3.amazonaws.com/photos/254327324/original.jpeg","jpeg","https://www.inaturalist.org/observations/147767387"
"iNaturalist","image","147703529","Lontra annectens","2023-01-26","22:58","Lester Fonseca",NA,"10.4488768102,-83.5069228336",10.4488768102,-83.5069228336,"https://inaturalist-open-data.s3.amazonaws.com/photos/254207201/original.jpeg","jpeg","https://www.inaturalist.org/observations/147703529"
"iNaturalist","image","147673327","Lontra annectens","2023-01-29","18:11","Daniel Alva",NA,"20.679386412,-103.8450060649",20.679386412,-103.8450060649,"https://inaturalist-open-data.s3.amazonaws.com/photos/254150817/original.jpg","jpeg","https://www.inaturalist.org/observations/147673327"
"iNaturalist","image","147673327","Lontra annectens","2023-01-29","18:11","Daniel Alva",NA,"20.679386412,-103.8450060649",20.679386412,-103.8450060649,"https://inaturalist-open-data.s3.amazonaws.com/photos/254150839/original.jpg","jpeg","https://www.inaturalist.org/observations/147673327"
"iNaturalist","image","147673327","Lontra annectens","2023-01-29","18:11","Daniel Alva",NA,"20.679386412,-103.8450060649",20.679386412,-103.8450060649,"https://inaturalist-open-data.s3.amazonaws.com/photos/254150857/original.jpg","jpeg","https://www.inaturalist.org/observations/147673327"
"iNaturalist","image","147673327","Lontra annectens","2023-01-29","18:11","Daniel Alva",NA,"20.679386412,-103.8450060649",20.679386412,-103.8450060649,"https://inaturalist-open-data.s3.amazonaws.com/photos/254150883/original.jpg","jpeg","https://www.inaturalist.org/observations/147673327"
"iNaturalist","image","147635989","Lontra annectens","2023-01-29","09:16","Octavio Ruiz Chavarria",NA,"10.4312524794,-84.0048828125",10.4312524794,-84.0048828125,"https://static.inaturalist.org/photos/254077471/original.jpeg","jpeg","https://www.inaturalist.org/observations/147635989"
"iNaturalist","image","147635989","Lontra annectens","2023-01-29","09:16","Octavio Ruiz Chavarria",NA,"10.4312524794,-84.0048828125",10.4312524794,-84.0048828125,"https://static.inaturalist.org/photos/254077503/original.jpeg","jpeg","https://www.inaturalist.org/observations/147635989"
"iNaturalist","image","147635989","Lontra annectens","2023-01-29","09:16","Octavio Ruiz Chavarria",NA,"10.4312524794,-84.0048828125",10.4312524794,-84.0048828125,"https://static.inaturalist.org/photos/254078147/original.jpeg","jpeg","https://www.inaturalist.org/observations/147635989"
"iNaturalist","image","147328040","Lontra annectens","2023-01-25","07:22","Frank Chaves",NA,"8.451355,-83.2881166667",8.451355,-83.2881166667,"https://static.inaturalist.org/photos/253495142/original.jpg","jpeg","https://www.inaturalist.org/observations/147328040"
"iNaturalist","image","147328040","Lontra annectens","2023-01-25","07:22","Frank Chaves",NA,"8.451355,-83.2881166667",8.451355,-83.2881166667,"https://static.inaturalist.org/photos/253495157/original.jpg","jpeg","https://www.inaturalist.org/observations/147328040"
"iNaturalist","image","147328040","Lontra annectens","2023-01-25","07:22","Frank Chaves",NA,"8.451355,-83.2881166667",8.451355,-83.2881166667,"https://static.inaturalist.org/photos/253495160/original.jpg","jpeg","https://www.inaturalist.org/observations/147328040"
"iNaturalist","image","147327574","Lontra annectens","2021-12-07","11:07","Lucho Quintanilla",NA,"13.6787545911,-89.9646276826",13.6787545911,-89.9646276826,"https://inaturalist-open-data.s3.amazonaws.com/photos/253494141/original.jpeg","jpeg","https://www.inaturalist.org/observations/147327574"
"iNaturalist","image","147246839","Lontra annectens","2023-01-23","11:43","J. Carlo Cuevas",NA,"19.6908914625,-104.1383599117",19.6908914625,-104.1383599117,"https://inaturalist-open-data.s3.amazonaws.com/photos/253339400/original.jpeg","jpeg","https://www.inaturalist.org/observations/147246839"
"iNaturalist","image","147246839","Lontra annectens","2023-01-23","11:43","J. Carlo Cuevas",NA,"19.6908914625,-104.1383599117",19.6908914625,-104.1383599117,"https://inaturalist-open-data.s3.amazonaws.com/photos/253339407/original.jpeg","jpeg","https://www.inaturalist.org/observations/147246839"
"iNaturalist","image","147246839","Lontra annectens","2023-01-23","11:43","J. Carlo Cuevas",NA,"19.6908914625,-104.1383599117",19.6908914625,-104.1383599117,"https://inaturalist-open-data.s3.amazonaws.com/photos/253339416/original.jpeg","jpeg","https://www.inaturalist.org/observations/147246839"
"iNaturalist","image","147228107","Lontra annectens","2022-09-21","10:49","Vgv",NA,"16.036389024,-93.6196516417",16.036389024,-93.6196516417,"https://inaturalist-open-data.s3.amazonaws.com/photos/253295736/original.jpg","jpeg","https://www.inaturalist.org/observations/147228107"
"iNaturalist","image","147228107","Lontra annectens","2022-09-21","10:49","Vgv",NA,"16.036389024,-93.6196516417",16.036389024,-93.6196516417,"https://inaturalist-open-data.s3.amazonaws.com/photos/253295749/original.jpg","jpeg","https://www.inaturalist.org/observations/147228107"
"iNaturalist","image","147168615","Lontra annectens","2021-12-17","12:35","Dawisromero",NA,"-3.3035516,-79.9361038",-3.3035516,-79.9361038,"https://inaturalist-open-data.s3.amazonaws.com/photos/253187461/original.jpg","jpeg","https://www.inaturalist.org/observations/147168615"
"iNaturalist","image","146802347","Lontra annectens","2023-01-17","21:23","Cameron Chevalier",NA,"10.4424799225,-84.0108165497",10.4424799225,-84.0108165497,"https://inaturalist-open-data.s3.amazonaws.com/photos/252477714/original.jpg","jpeg","https://www.inaturalist.org/observations/146802347"
"iNaturalist","image","146802347","Lontra annectens","2023-01-17","21:23","Cameron Chevalier",NA,"10.4424799225,-84.0108165497",10.4424799225,-84.0108165497,"https://inaturalist-open-data.s3.amazonaws.com/photos/252477722/original.jpg","jpeg","https://www.inaturalist.org/observations/146802347"
"iNaturalist","image","146802347","Lontra annectens","2023-01-17","21:23","Cameron Chevalier",NA,"10.4424799225,-84.0108165497",10.4424799225,-84.0108165497,"https://inaturalist-open-data.s3.amazonaws.com/photos/252477728/original.jpg","jpeg","https://www.inaturalist.org/observations/146802347"
"iNaturalist","image","146802347","Lontra annectens","2023-01-17","21:23","Cameron Chevalier",NA,"10.4424799225,-84.0108165497",10.4424799225,-84.0108165497,"https://inaturalist-open-data.s3.amazonaws.com/photos/252477731/original.jpg","jpeg","https://www.inaturalist.org/observations/146802347"
"iNaturalist","image","146501483","Lontra annectens","2023-01-13","19:17","Anthony Ramírez Murillo",NA,"10.5258194115,-83.8755026087",10.5258194115,-83.8755026087,"https://inaturalist-open-data.s3.amazonaws.com/photos/251885179/original.jpeg","jpeg","https://www.inaturalist.org/observations/146501483"
"iNaturalist","image","146481772","Lontra annectens","2023-01-13","10:27","Juan Pablo Diaz Gamboa",NA,"4.2535444775,-74.6131793608",4.2535444775,-74.6131793608,"https://inaturalist-open-data.s3.amazonaws.com/photos/251847729/original.jpeg","jpeg","https://www.inaturalist.org/observations/146481772"
"iNaturalist","image","146481772","Lontra annectens","2023-01-13","10:27","Juan Pablo Diaz Gamboa",NA,"4.2535444775,-74.6131793608",4.2535444775,-74.6131793608,"https://inaturalist-open-data.s3.amazonaws.com/photos/251847747/original.jpeg","jpeg","https://www.inaturalist.org/observations/146481772"
"iNaturalist","image","146477022","Lontra annectens","2009-01-09","18:51","Stefan Dominik Brändel",NA,"9.7753956166,-84.9316900856",9.7753956166,-84.9316900856,"https://static.inaturalist.org/photos/251837019/original.jpg","jpeg","https://www.inaturalist.org/observations/146477022"
"iNaturalist","image","146477022","Lontra annectens","2009-01-09","18:51","Stefan Dominik Brändel",NA,"9.7753956166,-84.9316900856",9.7753956166,-84.9316900856,"https://static.inaturalist.org/photos/251837869/original.jpg","jpeg","https://www.inaturalist.org/observations/146477022"
"iNaturalist","image","146417723","Lontra annectens","2023-01-10","11:16","Taylor Miltenberger",NA,"10.4486407333,-83.7822814286",10.4486407333,-83.7822814286,"https://static.inaturalist.org/photos/251723014/original.jpeg","jpeg","https://www.inaturalist.org/observations/146417723"
"iNaturalist","image","146417723","Lontra annectens","2023-01-10","11:16","Taylor Miltenberger",NA,"10.4486407333,-83.7822814286",10.4486407333,-83.7822814286,"https://static.inaturalist.org/photos/251723034/original.jpeg","jpeg","https://www.inaturalist.org/observations/146417723"
"iNaturalist","image","146085767","Lontra annectens","2023-01-07","14:50","Vanessa_braziliensis",NA,"10.5893027424,-83.5295985639",10.5893027424,-83.5295985639,"https://inaturalist-open-data.s3.amazonaws.com/photos/251078190/original.jpeg","jpeg","https://www.inaturalist.org/observations/146085767"
"iNaturalist","image","146085767","Lontra annectens","2023-01-07","14:50","Vanessa_braziliensis",NA,"10.5893027424,-83.5295985639",10.5893027424,-83.5295985639,"https://inaturalist-open-data.s3.amazonaws.com/photos/251078200/original.jpeg","jpeg","https://www.inaturalist.org/observations/146085767"
"iNaturalist","image","146085767","Lontra annectens","2023-01-07","14:50","Vanessa_braziliensis",NA,"10.5893027424,-83.5295985639",10.5893027424,-83.5295985639,"https://inaturalist-open-data.s3.amazonaws.com/photos/251078220/original.jpeg","jpeg","https://www.inaturalist.org/observations/146085767"
"iNaturalist","image","145896140","Lontra annectens","2023-01-04","13:55","Joel Tupac Otero Ospina",NA,"3.4488803452,-76.5596008301",3.4488803452,-76.5596008301,"https://inaturalist-open-data.s3.amazonaws.com/photos/250704573/original.jpeg","jpeg","https://www.inaturalist.org/observations/145896140"
"iNaturalist","image","145896140","Lontra annectens","2023-01-04","13:55","Joel Tupac Otero Ospina",NA,"3.4488803452,-76.5596008301",3.4488803452,-76.5596008301,"https://inaturalist-open-data.s3.amazonaws.com/photos/250704583/original.jpeg","jpeg","https://www.inaturalist.org/observations/145896140"
"iNaturalist","image","145892995","Lontra annectens","2022-10-23","18:14","Dorian Köse",NA,"10.6151887867,-83.5788191661",10.6151887867,-83.5788191661,"https://inaturalist-open-data.s3.amazonaws.com/photos/250698412/original.jpeg","jpeg","https://www.inaturalist.org/observations/145892995"
"iNaturalist","image","145462168","Lontra annectens",NA,NA,"Benjamin Reyes Celis",NA,"17.4065773757,-99.1683677584",17.4065773757,-99.1683677584,"https://inaturalist-open-data.s3.amazonaws.com/photos/249859245/original.jpeg","jpeg","https://www.inaturalist.org/observations/145462168"
"iNaturalist","image","145255218","Lontra annectens",NA,NA,"Alex Lascher-Posner",NA,"10.5943088131,-83.5274836421",10.5943088131,-83.5274836421,"https://inaturalist-open-data.s3.amazonaws.com/photos/249486051/original.jpeg","jpeg","https://www.inaturalist.org/observations/145255218"
"iNaturalist","image","145068704","Lontra annectens","2022-12-05","06:54","Luke Berg",NA,"10.4305865747,-84.0067767545",10.4305865747,-84.0067767545,"https://static.inaturalist.org/photos/249117819/original.jpeg","jpeg","https://www.inaturalist.org/observations/145068704"
"iNaturalist","image","145057431","Lontra annectens","2022-12-04","17:48","Luke Berg",NA,"10.430742883,-84.0063223227",10.430742883,-84.0063223227,"https://static.inaturalist.org/photos/249099151/original.jpeg","jpeg","https://www.inaturalist.org/observations/145057431"
"iNaturalist","image","145026180","Lontra annectens","2022-12-02","09:03","Joy Wang 王穆清",NA,"9.549959655,-83.8082949357",9.549959655,-83.8082949357,"https://static.inaturalist.org/photos/249044422/original.jpg","jpeg","https://www.inaturalist.org/observations/145026180"
"iNaturalist","image","145026180","Lontra annectens","2022-12-02","09:03","Joy Wang 王穆清",NA,"9.549959655,-83.8082949357",9.549959655,-83.8082949357,"https://static.inaturalist.org/photos/249045366/original.jpeg","jpeg","https://www.inaturalist.org/observations/145026180"
"iNaturalist","image","145026180","Lontra annectens","2022-12-02","09:03","Joy Wang 王穆清",NA,"9.549959655,-83.8082949357",9.549959655,-83.8082949357,"https://static.inaturalist.org/photos/249044434/original.jpg","jpeg","https://www.inaturalist.org/observations/145026180"
"iNaturalist","image","145026180","Lontra annectens","2022-12-02","09:03","Joy Wang 王穆清",NA,"9.549959655,-83.8082949357",9.549959655,-83.8082949357,"https://static.inaturalist.org/photos/249044448/original.jpg","jpeg","https://www.inaturalist.org/observations/145026180"
"iNaturalist","image","145026180","Lontra annectens","2022-12-02","09:03","Joy Wang 王穆清",NA,"9.549959655,-83.8082949357",9.549959655,-83.8082949357,"https://static.inaturalist.org/photos/249044439/original.jpg","jpeg","https://www.inaturalist.org/observations/145026180"
"iNaturalist","image","145026180","Lontra annectens","2022-12-02","09:03","Joy Wang 王穆清",NA,"9.549959655,-83.8082949357",9.549959655,-83.8082949357,"https://static.inaturalist.org/photos/249045369/original.jpeg","jpeg","https://www.inaturalist.org/observations/145026180"
"iNaturalist","image","145026180","Lontra annectens","2022-12-02","09:03","Joy Wang 王穆清",NA,"9.549959655,-83.8082949357",9.549959655,-83.8082949357,"https://static.inaturalist.org/photos/249045372/original.jpeg","jpeg","https://www.inaturalist.org/observations/145026180"
"iNaturalist","image","145004882","Lontra annectens","2020-01-20","17:36","Alan Wells",NA,"4.7464083333,-75.6035566667",4.7464083333,-75.6035566667,"https://inaturalist-open-data.s3.amazonaws.com/photos/249002526/original.jpg","jpeg","https://www.inaturalist.org/observations/145004882"
"iNaturalist","image","144853584","Lontra annectens","2015-02-02","18:36","Bradtoms",NA,"9.6355095902,-82.6932541041",9.6355095902,-82.6932541041,"https://static.inaturalist.org/photos/248708545/original.jpeg","jpeg","https://www.inaturalist.org/observations/144853584"
"iNaturalist","image","144304628","Lontra annectens","2022-12-10","10:33","Zarah Sosa",NA,"18.664421307,-88.3848011304",18.664421307,-88.3848011304,"https://inaturalist-open-data.s3.amazonaws.com/photos/247645273/original.jpeg","jpeg","https://www.inaturalist.org/observations/144304628"
"iNaturalist","image","144175933","Lontra annectens","2022-12-10","09:03","Venadajuanz",NA,"19.4817642029,-96.3608601039",19.4817642029,-96.3608601039,"https://static.inaturalist.org/photos/247399655/original.jpeg","jpeg","https://www.inaturalist.org/observations/144175933"
"iNaturalist","image","144175933","Lontra annectens","2022-12-10","09:03","Venadajuanz",NA,"19.4817642029,-96.3608601039",19.4817642029,-96.3608601039,"https://static.inaturalist.org/photos/247399677/original.jpeg","jpeg","https://www.inaturalist.org/observations/144175933"
"iNaturalist","image","144175933","Lontra annectens","2022-12-10","09:03","Venadajuanz",NA,"19.4817642029,-96.3608601039",19.4817642029,-96.3608601039,"https://static.inaturalist.org/photos/247399676/original.jpeg","jpeg","https://www.inaturalist.org/observations/144175933"
"iNaturalist","image","144175933","Lontra annectens","2022-12-10","09:03","Venadajuanz",NA,"19.4817642029,-96.3608601039",19.4817642029,-96.3608601039,"https://static.inaturalist.org/photos/247399701/original.jpeg","jpeg","https://www.inaturalist.org/observations/144175933"
"iNaturalist","image","144175933","Lontra annectens","2022-12-10","09:03","Venadajuanz",NA,"19.4817642029,-96.3608601039",19.4817642029,-96.3608601039,"https://static.inaturalist.org/photos/247399734/original.jpeg","jpeg","https://www.inaturalist.org/observations/144175933"
"iNaturalist","image","144125465","Lontra annectens","2022-12-08","07:50","Tirso Marín Santiago",NA,"17.8154320711,-94.5476401225",17.8154320711,-94.5476401225,"https://static.inaturalist.org/photos/247304906/original.jpeg","jpeg","https://www.inaturalist.org/observations/144125465"
"iNaturalist","image","143914072","Lontra annectens","2022-12-04","07:33","Jorge I. Merchán Mayorga",NA,"11.1853626538,-73.5997242704",11.1853626538,-73.5997242704,"https://inaturalist-open-data.s3.amazonaws.com/photos/246899981/original.jpeg","jpeg","https://www.inaturalist.org/observations/143914072"
"iNaturalist","image","143826237","Lontra annectens",NA,NA,"Docprt",NA,"9.7098111842,-83.7863869844",9.7098111842,-83.7863869844,"https://inaturalist-open-data.s3.amazonaws.com/photos/246726578/original.jpeg","jpeg","https://www.inaturalist.org/observations/143826237"
"iNaturalist","image","143826237","Lontra annectens",NA,NA,"Docprt",NA,"9.7098111842,-83.7863869844",9.7098111842,-83.7863869844,"https://inaturalist-open-data.s3.amazonaws.com/photos/246726585/original.jpeg","jpeg","https://www.inaturalist.org/observations/143826237"
"iNaturalist","image","143826237","Lontra annectens",NA,NA,"Docprt",NA,"9.7098111842,-83.7863869844",9.7098111842,-83.7863869844,"https://inaturalist-open-data.s3.amazonaws.com/photos/246726591/original.jpeg","jpeg","https://www.inaturalist.org/observations/143826237"
"iNaturalist","image","143058654","Lontra annectens","1989-03-20","09:00","Pfaucher",NA,"10.5468512217,-83.5122960833",10.5468512217,-83.5122960833,"https://inaturalist-open-data.s3.amazonaws.com/photos/245330530/original.jpeg","jpeg","https://www.inaturalist.org/observations/143058654"
"iNaturalist","image","143036532","Lontra annectens","2022-11-27","09:32","María Conde",NA,"9.4203603094,-82.5141875995",9.4203603094,-82.5141875995,"https://static.inaturalist.org/photos/245294973/original.jpg","jpeg","https://www.inaturalist.org/observations/143036532"
"iNaturalist","image","143010399","Lontra annectens",NA,NA,"Sean Werle",NA,"10.4164348123,-84.1204174832",10.4164348123,-84.1204174832,"https://inaturalist-open-data.s3.amazonaws.com/photos/245246142/original.jpg","jpeg","https://www.inaturalist.org/observations/143010399"
"iNaturalist","image","142943328","Lontra annectens","2022-11-26","12:27","No Rights Reserved",NA,"20.0865439722,-104.7690139722",20.0865439722,-104.7690139722,"https://inaturalist-open-data.s3.amazonaws.com/photos/245137281/original.jpeg","jpeg","https://www.inaturalist.org/observations/142943328"
"iNaturalist","image","142943328","Lontra annectens","2022-11-26","12:27","No Rights Reserved",NA,"20.0865439722,-104.7690139722",20.0865439722,-104.7690139722,"https://inaturalist-open-data.s3.amazonaws.com/photos/245137318/original.jpeg","jpeg","https://www.inaturalist.org/observations/142943328"
"iNaturalist","image","142612744","Lontra annectens","2022-11-11","10:37","Jordan Broadhead",NA,"9.8556571633,-83.6552944217",9.8556571633,-83.6552944217,"https://inaturalist-open-data.s3.amazonaws.com/photos/244529997/original.jpg","jpeg","https://www.inaturalist.org/observations/142612744"
"iNaturalist","image","142466166","Lontra annectens","2022-11-14","07:59","Juan Andres Sanchez Gaviria",NA,"5.6628100997,-74.7664536997",5.6628100997,-74.7664536997,"https://static.inaturalist.org/photos/244250405/original.jpeg","jpeg","https://www.inaturalist.org/observations/142466166"
"iNaturalist","image","142466166","Lontra annectens","2022-11-14","07:59","Juan Andres Sanchez Gaviria",NA,"5.6628100997,-74.7664536997",5.6628100997,-74.7664536997,"https://static.inaturalist.org/photos/244250448/original.jpeg","jpeg","https://www.inaturalist.org/observations/142466166"
"iNaturalist","image","142334117","Lontra annectens","2022-11-18","20:19","Tomas Vazquez",NA,"22.2508913435,-97.8594323248",22.2508913435,-97.8594323248,"https://static.inaturalist.org/photos/243999772/original.jpeg","jpeg","https://www.inaturalist.org/observations/142334117"
"iNaturalist","image","142166581","Lontra annectens","2020-12-20","12:14","Saul_pinedo",NA,"22.3498327418,-103.4985421559",22.3498327418,-103.4985421559,"https://inaturalist-open-data.s3.amazonaws.com/photos/243693547/original.jpeg","jpeg","https://www.inaturalist.org/observations/142166581"
"iNaturalist","image","142036088","Lontra annectens","2022-11-14","20:54","Manuel Zumbado",NA,"9.9718635,-84.1839338",9.9718635,-84.1839338,"https://static.inaturalist.org/photos/243448532/original.png","png","https://www.inaturalist.org/observations/142036088"
"iNaturalist","image","142036088","Lontra annectens","2022-11-14","20:54","Manuel Zumbado",NA,"9.9718635,-84.1839338",9.9718635,-84.1839338,"https://static.inaturalist.org/photos/243450407/original.png","png","https://www.inaturalist.org/observations/142036088"
"iNaturalist","image","142036088","Lontra annectens","2022-11-14","20:54","Manuel Zumbado",NA,"9.9718635,-84.1839338",9.9718635,-84.1839338,"https://static.inaturalist.org/photos/243450409/original.png","png","https://www.inaturalist.org/observations/142036088"
"iNaturalist","image","142036088","Lontra annectens","2022-11-14","20:54","Manuel Zumbado",NA,"9.9718635,-84.1839338",9.9718635,-84.1839338,"https://static.inaturalist.org/photos/243450410/original.png","png","https://www.inaturalist.org/observations/142036088"
"iNaturalist","image","141416188","Lontra annectens","2022-10-30","01:14","Nicolas Pratlong",NA,"14.8575754,-87.9544907",14.8575754,-87.9544907,"https://inaturalist-open-data.s3.amazonaws.com/photos/242260399/original.jpeg","jpeg","https://www.inaturalist.org/observations/141416188"
"iNaturalist","image","141416188","Lontra annectens","2022-10-30","01:14","Nicolas Pratlong",NA,"14.8575754,-87.9544907",14.8575754,-87.9544907,"https://inaturalist-open-data.s3.amazonaws.com/photos/242260386/original.jpeg","jpeg","https://www.inaturalist.org/observations/141416188"
"iNaturalist","image","141416188","Lontra annectens","2022-10-30","01:14","Nicolas Pratlong",NA,"14.8575754,-87.9544907",14.8575754,-87.9544907,"https://inaturalist-open-data.s3.amazonaws.com/photos/242260369/original.jpeg","jpeg","https://www.inaturalist.org/observations/141416188"
"iNaturalist","image","141348332","Lontra annectens","2021-12-25","14:06","Carlos Venegas-Elizondo",NA,"9.8665166667,-83.6452666667",9.8665166667,-83.6452666667,"https://inaturalist-open-data.s3.amazonaws.com/photos/242126745/original.jpg","jpeg","https://www.inaturalist.org/observations/141348332"
"iNaturalist","image","141340805","Lontra annectens","2022-11-06","08:22","Ruber Enrique Ledesma Ruiz",NA,"8.5464980556,-74.91401",8.5464980556,-74.91401,"https://static.inaturalist.org/photos/242109144/original.jpeg","jpeg","https://www.inaturalist.org/observations/141340805"
"iNaturalist","image","141340805","Lontra annectens","2022-11-06","08:22","Ruber Enrique Ledesma Ruiz",NA,"8.5464980556,-74.91401",8.5464980556,-74.91401,"https://static.inaturalist.org/photos/244848954/original.jpeg","jpeg","https://www.inaturalist.org/observations/141340805"
"iNaturalist","image","141340805","Lontra annectens","2022-11-06","08:22","Ruber Enrique Ledesma Ruiz",NA,"8.5464980556,-74.91401",8.5464980556,-74.91401,"https://static.inaturalist.org/photos/244848968/original.jpeg","jpeg","https://www.inaturalist.org/observations/141340805"
"iNaturalist","image","141238911","Lontra annectens","2022-11-06","00:03","René Villanueva Maldonado",NA,"18.3461084217,-92.514645718",18.3461084217,-92.514645718,"https://static.inaturalist.org/photos/241915895/original.jpeg","jpeg","https://www.inaturalist.org/observations/141238911"
"iNaturalist","image","141238911","Lontra annectens","2022-11-06","00:03","René Villanueva Maldonado",NA,"18.3461084217,-92.514645718",18.3461084217,-92.514645718,"https://static.inaturalist.org/photos/241915904/original.jpeg","jpeg","https://www.inaturalist.org/observations/141238911"
"iNaturalist","image","140524260","Lontra annectens","2022-10-30","08:20","Miryon Montes",NA,"1.8618206773,-76.2078385055",1.8618206773,-76.2078385055,"https://static.inaturalist.org/photos/240556681/original.jpeg","jpeg","https://www.inaturalist.org/observations/140524260"
"iNaturalist","image","140120389","Lontra annectens","2022-10-19","13:44","Efraín Octavio Aguilar Pérez",NA,"19.0429978314,-96.0710331578",19.0429978314,-96.0710331578,"https://inaturalist-open-data.s3.amazonaws.com/photos/239801634/original.jpeg","jpeg","https://www.inaturalist.org/observations/140120389"
"iNaturalist","image","140120389","Lontra annectens","2022-10-19","13:44","Efraín Octavio Aguilar Pérez",NA,"19.0429978314,-96.0710331578",19.0429978314,-96.0710331578,"https://inaturalist-open-data.s3.amazonaws.com/photos/239801791/original.jpeg","jpeg","https://www.inaturalist.org/observations/140120389"
"iNaturalist","image","140120389","Lontra annectens","2022-10-19","13:44","Efraín Octavio Aguilar Pérez",NA,"19.0429978314,-96.0710331578",19.0429978314,-96.0710331578,"https://inaturalist-open-data.s3.amazonaws.com/photos/239801800/original.jpeg","jpeg","https://www.inaturalist.org/observations/140120389"
"iNaturalist","image","140120389","Lontra annectens","2022-10-19","13:44","Efraín Octavio Aguilar Pérez",NA,"19.0429978314,-96.0710331578",19.0429978314,-96.0710331578,"https://inaturalist-open-data.s3.amazonaws.com/photos/239801808/original.jpeg","jpeg","https://www.inaturalist.org/observations/140120389"
"iNaturalist","image","140120389","Lontra annectens","2022-10-19","13:44","Efraín Octavio Aguilar Pérez",NA,"19.0429978314,-96.0710331578",19.0429978314,-96.0710331578,"https://inaturalist-open-data.s3.amazonaws.com/photos/239801848/original.jpeg","jpeg","https://www.inaturalist.org/observations/140120389"
"iNaturalist","image","139800991","Lontra annectens","2022-10-22","13:26","Krosestone",NA,"19.3238384436,-96.4849041329",19.3238384436,-96.4849041329,"https://static.inaturalist.org/photos/239183831/original.jpg","jpeg","https://www.inaturalist.org/observations/139800991"
"iNaturalist","image","139646550","Lontra annectens","2022-10-22","08:39","Mauricio Calderón",NA,"23.9624224724,-104.6877148747",23.9624224724,-104.6877148747,"https://inaturalist-open-data.s3.amazonaws.com/photos/238887844/original.jpeg","jpeg","https://www.inaturalist.org/observations/139646550"
"iNaturalist","image","139397740","Lontra annectens","2022-10-19","13:49","José Ignacio Antonio Javier",NA,"19.032717,-96.067626",19.032717,-96.067626,"https://inaturalist-open-data.s3.amazonaws.com/photos/238415846/original.jpeg","jpeg","https://www.inaturalist.org/observations/139397740"
"iNaturalist","image","139288112","Lontra annectens","2022-01-07","07:25","Rosi Arguedas",NA,"10.8851192929,-84.7911641747",10.8851192929,-84.7911641747,"https://static.inaturalist.org/photos/238209278/original.jpeg","jpeg","https://www.inaturalist.org/observations/139288112"
"iNaturalist","image","139288112","Lontra annectens","2022-01-07","07:25","Rosi Arguedas",NA,"10.8851192929,-84.7911641747",10.8851192929,-84.7911641747,"https://static.inaturalist.org/photos/238209307/original.jpeg","jpeg","https://www.inaturalist.org/observations/139288112"
"iNaturalist","image","139288112","Lontra annectens","2022-01-07","07:25","Rosi Arguedas",NA,"10.8851192929,-84.7911641747",10.8851192929,-84.7911641747,"https://static.inaturalist.org/photos/238209347/original.jpeg","jpeg","https://www.inaturalist.org/observations/139288112"
"iNaturalist","image","139173861","Lontra annectens","2017-01-06","15:34","Chloe Cattell",NA,"10.4336311168,-83.4568474187",10.4336311168,-83.4568474187,"https://static.inaturalist.org/photos/237992258/original.jpg","jpeg","https://www.inaturalist.org/observations/139173861"
"iNaturalist","image","139173861","Lontra annectens","2017-01-06","15:34","Chloe Cattell",NA,"10.4336311168,-83.4568474187",10.4336311168,-83.4568474187,"https://static.inaturalist.org/photos/237992271/original.jpg","jpeg","https://www.inaturalist.org/observations/139173861"
"iNaturalist","image","138225336","Lontra annectens","2022-10-08","12:49","Anthony Batista",NA,"9.24109,-79.55665",9.24109,-79.55665,"https://inaturalist-open-data.s3.amazonaws.com/photos/236215952/original.jpg","jpeg","https://www.inaturalist.org/observations/138225336"
"iNaturalist","image","138214284","Lontra annectens","2022-07-10","09:30","César Andrés Argüello Pinto",NA,"6.1369842321,-73.0983100086",6.1369842321,-73.0983100086,"https://inaturalist-open-data.s3.amazonaws.com/photos/236194807/original.jpeg","jpeg","https://www.inaturalist.org/observations/138214284"
"iNaturalist","image","137930868","Lontra annectens","2022-10-06","08:12","Emmanuel Miramontes",NA,"20.9010466667,-104.5384",20.9010466667,-104.5384,"https://inaturalist-open-data.s3.amazonaws.com/photos/235658283/original.jpeg","jpeg","https://www.inaturalist.org/observations/137930868"
"iNaturalist","image","137094219","Lontra annectens","2022-09-21","17:45","Zahir Santillan",NA,"19.0485866317,-96.074294127",19.0485866317,-96.074294127,"https://inaturalist-open-data.s3.amazonaws.com/photos/234076413/original.jpg","jpeg","https://www.inaturalist.org/observations/137094219"
"iNaturalist","image","137094219","Lontra annectens","2022-09-21","17:45","Zahir Santillan",NA,"19.0485866317,-96.074294127",19.0485866317,-96.074294127,"https://inaturalist-open-data.s3.amazonaws.com/photos/234076388/original.jpg","jpeg","https://www.inaturalist.org/observations/137094219"
"iNaturalist","image","137094219","Lontra annectens","2022-09-21","17:45","Zahir Santillan",NA,"19.0485866317,-96.074294127",19.0485866317,-96.074294127,"https://inaturalist-open-data.s3.amazonaws.com/photos/234076359/original.jpg","jpeg","https://www.inaturalist.org/observations/137094219"
"iNaturalist","image","136694066","Lontra annectens","2022-09-27","10:02","Añela Ancona Balam",NA,"21.161908,-86.8515279",21.161908,-86.8515279,"https://static.inaturalist.org/photos/233337155/original.jpeg","jpeg","https://www.inaturalist.org/observations/136694066"
"iNaturalist","image","136389405","Lontra annectens","2022-09-21","17:32","Danae Hernandez",NA,"19.0240692892,-96.0694656372",19.0240692892,-96.0694656372,"https://static.inaturalist.org/photos/232766502/original.jpg","jpeg","https://www.inaturalist.org/observations/136389405"
"iNaturalist","image","136361553","Lontra annectens","2022-09-11","19:30","Luis David Pérez Gracida",NA,"18.9040199401,-96.8087394745",18.9040199401,-96.8087394745,"https://inaturalist-open-data.s3.amazonaws.com/photos/232712616/original.png","png","https://www.inaturalist.org/observations/136361553"
"iNaturalist","image","136361394","Lontra annectens","2022-09-09","19:29","Luis David Pérez Gracida",NA,"18.9033907552,-96.8091374949",18.9033907552,-96.8091374949,"https://inaturalist-open-data.s3.amazonaws.com/photos/232712430/original.png","png","https://www.inaturalist.org/observations/136361394"
"iNaturalist","image","136360658","Lontra annectens","2022-09-02","19:22","Luis David Pérez Gracida",NA,"18.9033198355,-96.8092861549",18.9033198355,-96.8092861549,"https://inaturalist-open-data.s3.amazonaws.com/photos/232710993/original.png","png","https://www.inaturalist.org/observations/136360658"
"iNaturalist","image","136360451","Lontra annectens","2022-08-28","19:20","Luis David Pérez Gracida",NA,"18.9034545895,-96.8092385431",18.9034545895,-96.8092385431,"https://inaturalist-open-data.s3.amazonaws.com/photos/232710588/original.png","png","https://www.inaturalist.org/observations/136360451"
"iNaturalist","image","136359926","Lontra annectens","2022-08-19","19:15","Luis David Pérez Gracida",NA,"18.9033055311,-96.8096794692",18.9033055311,-96.8096794692,"https://inaturalist-open-data.s3.amazonaws.com/photos/232709548/original.png","png","https://www.inaturalist.org/observations/136359926"
"iNaturalist","image","136359747","Lontra annectens","2022-08-19","19:13","Luis David Pérez Gracida",NA,"18.9039474692,-96.809648516",18.9039474692,-96.809648516,"https://inaturalist-open-data.s3.amazonaws.com/photos/232709143/original.png","png","https://www.inaturalist.org/observations/136359747"
"iNaturalist","image","136048664","Lontra annectens","2022-09-21","13:19","Cristian Londoño",NA,"4.8009205737,-75.8878600225",4.8009205737,-75.8878600225,"https://inaturalist-open-data.s3.amazonaws.com/photos/232182966/original.jpeg","jpeg","https://www.inaturalist.org/observations/136048664"
"iNaturalist","image","136048664","Lontra annectens","2022-09-21","13:19","Cristian Londoño",NA,"4.8009205737,-75.8878600225",4.8009205737,-75.8878600225,"https://inaturalist-open-data.s3.amazonaws.com/photos/232210940/original.jpeg","jpeg","https://www.inaturalist.org/observations/136048664"
"iNaturalist","image","135614246","Lontra annectens","2022-09-17","17:50","Carlos Mora",NA,"19.1380653232,-96.1471033841",19.1380653232,-96.1471033841,"https://static.inaturalist.org/photos/231329379/original.jpeg","jpeg","https://www.inaturalist.org/observations/135614246"
"iNaturalist","image","135614246","Lontra annectens","2022-09-17","17:50","Carlos Mora",NA,"19.1380653232,-96.1471033841",19.1380653232,-96.1471033841,"https://static.inaturalist.org/photos/231329406/original.jpeg","jpeg","https://www.inaturalist.org/observations/135614246"
"iNaturalist","image","135614246","Lontra annectens","2022-09-17","17:50","Carlos Mora",NA,"19.1380653232,-96.1471033841",19.1380653232,-96.1471033841,"https://static.inaturalist.org/photos/231329425/original.jpeg","jpeg","https://www.inaturalist.org/observations/135614246"
"iNaturalist","image","135614246","Lontra annectens","2022-09-17","17:50","Carlos Mora",NA,"19.1380653232,-96.1471033841",19.1380653232,-96.1471033841,"https://static.inaturalist.org/photos/231329445/original.jpeg","jpeg","https://www.inaturalist.org/observations/135614246"
"iNaturalist","image","135614246","Lontra annectens","2022-09-17","17:50","Carlos Mora",NA,"19.1380653232,-96.1471033841",19.1380653232,-96.1471033841,"https://static.inaturalist.org/photos/231329463/original.jpeg","jpeg","https://www.inaturalist.org/observations/135614246"
"iNaturalist","image","135614246","Lontra annectens","2022-09-17","17:50","Carlos Mora",NA,"19.1380653232,-96.1471033841",19.1380653232,-96.1471033841,"https://static.inaturalist.org/photos/231329479/original.jpeg","jpeg","https://www.inaturalist.org/observations/135614246"
"iNaturalist","image","135614246","Lontra annectens","2022-09-17","17:50","Carlos Mora",NA,"19.1380653232,-96.1471033841",19.1380653232,-96.1471033841,"https://static.inaturalist.org/photos/231329497/original.jpeg","jpeg","https://www.inaturalist.org/observations/135614246"
"iNaturalist","image","135614246","Lontra annectens","2022-09-17","17:50","Carlos Mora",NA,"19.1380653232,-96.1471033841",19.1380653232,-96.1471033841,"https://static.inaturalist.org/photos/231329514/original.jpeg","jpeg","https://www.inaturalist.org/observations/135614246"
"iNaturalist","image","135459678","Lontra annectens","2022-09-03","13:45","Pablo Gómez",NA,"9.9038570122,-83.6835808307",9.9038570122,-83.6835808307,"https://inaturalist-open-data.s3.amazonaws.com/photos/231038458/original.jpeg","jpeg","https://www.inaturalist.org/observations/135459678"
"iNaturalist","image","135459678","Lontra annectens","2022-09-03","13:45","Pablo Gómez",NA,"9.9038570122,-83.6835808307",9.9038570122,-83.6835808307,"https://inaturalist-open-data.s3.amazonaws.com/photos/231038491/original.jpeg","jpeg","https://www.inaturalist.org/observations/135459678"
"iNaturalist","image","135459678","Lontra annectens","2022-09-03","13:45","Pablo Gómez",NA,"9.9038570122,-83.6835808307",9.9038570122,-83.6835808307,"https://inaturalist-open-data.s3.amazonaws.com/photos/231038545/original.jpeg","jpeg","https://www.inaturalist.org/observations/135459678"
"iNaturalist","image","135459678","Lontra annectens","2022-09-03","13:45","Pablo Gómez",NA,"9.9038570122,-83.6835808307",9.9038570122,-83.6835808307,"https://inaturalist-open-data.s3.amazonaws.com/photos/231038580/original.jpeg","jpeg","https://www.inaturalist.org/observations/135459678"
"iNaturalist","image","135459678","Lontra annectens","2022-09-03","13:45","Pablo Gómez",NA,"9.9038570122,-83.6835808307",9.9038570122,-83.6835808307,"https://inaturalist-open-data.s3.amazonaws.com/photos/231038620/original.jpeg","jpeg","https://www.inaturalist.org/observations/135459678"
"iNaturalist","image","135459678","Lontra annectens","2022-09-03","13:45","Pablo Gómez",NA,"9.9038570122,-83.6835808307",9.9038570122,-83.6835808307,"https://inaturalist-open-data.s3.amazonaws.com/photos/231038665/original.jpeg","jpeg","https://www.inaturalist.org/observations/135459678"
"iNaturalist","image","135459678","Lontra annectens","2022-09-03","13:45","Pablo Gómez",NA,"9.9038570122,-83.6835808307",9.9038570122,-83.6835808307,"https://inaturalist-open-data.s3.amazonaws.com/photos/231038710/original.jpeg","jpeg","https://www.inaturalist.org/observations/135459678"
"iNaturalist","image","135314920","Lontra annectens","2022-09-08","17:30","Adriana Alvarado",NA,"19.048436489,-96.0739672557",19.048436489,-96.0739672557,"https://static.inaturalist.org/photos/230772865/original.jpeg","jpeg","https://www.inaturalist.org/observations/135314920"
"iNaturalist","image","135140374","Lontra annectens","2022-08-17","12:20","Luis David Pérez Gracida",NA,"18.9035975915,-96.8094241693",18.9035975915,-96.8094241693,"https://inaturalist-open-data.s3.amazonaws.com/photos/230453482/original.png","png","https://www.inaturalist.org/observations/135140374"
"iNaturalist","image","135140180","Lontra annectens","2022-08-12","12:18","Luis David Pérez Gracida",NA,"18.9032245294,-96.8093890464",18.9032245294,-96.8093890464,"https://inaturalist-open-data.s3.amazonaws.com/photos/230453163/original.png","png","https://www.inaturalist.org/observations/135140180"
"iNaturalist","image","135114204","Lontra annectens","2018-03-02","06:35","Maryse",NA,"8.6890260821,-83.4759491897",8.6890260821,-83.4759491897,"https://inaturalist-open-data.s3.amazonaws.com/photos/230410042/original.jpg","jpeg","https://www.inaturalist.org/observations/135114204"
"iNaturalist","image","135114204","Lontra annectens","2018-03-02","06:35","Maryse",NA,"8.6890260821,-83.4759491897",8.6890260821,-83.4759491897,"https://inaturalist-open-data.s3.amazonaws.com/photos/230410126/original.jpg","jpeg","https://www.inaturalist.org/observations/135114204"
"iNaturalist","image","134645718","Lontra annectens","2022-09-11","10:24","Ariherron",NA,"8.452321635,-83.2900558979",8.452321635,-83.2900558979,"https://inaturalist-open-data.s3.amazonaws.com/photos/229539595/original.jpg","jpeg","https://www.inaturalist.org/observations/134645718"
"iNaturalist","image","134597875","Lontra annectens","2022-06-26","11:26","Proyectojaguar",NA,"22.991117,-105.840547",22.991117,-105.840547,"https://inaturalist-open-data.s3.amazonaws.com/photos/229450103/original.jpeg","jpeg","https://www.inaturalist.org/observations/134597875"
"iNaturalist","image","134111601","Lontra annectens","2021-05-31","01:01","Jorge L. Peña",NA,"1.8875633204,-76.0867424034",1.8875633204,-76.0867424034,"https://inaturalist-open-data.s3.amazonaws.com/photos/228541923/original.jpg","jpeg","https://www.inaturalist.org/observations/134111601"
"iNaturalist","image","134111601","Lontra annectens","2021-05-31","01:01","Jorge L. Peña",NA,"1.8875633204,-76.0867424034",1.8875633204,-76.0867424034,"https://inaturalist-open-data.s3.amazonaws.com/photos/228541951/original.jpg","jpeg","https://www.inaturalist.org/observations/134111601"
"iNaturalist","image","133806138","Lontra annectens","2022-09-05","08:37","Jonaluna",NA,"2.1184222778,-75.7395110833",2.1184222778,-75.7395110833,"https://static.inaturalist.org/photos/229709388/original.jpeg","jpeg","https://www.inaturalist.org/observations/133806138"
"iNaturalist","image","133806138","Lontra annectens","2022-09-05","08:37","Jonaluna",NA,"2.1184222778,-75.7395110833",2.1184222778,-75.7395110833,"https://static.inaturalist.org/photos/229709409/original.jpeg","jpeg","https://www.inaturalist.org/observations/133806138"
"iNaturalist","image","133806138","Lontra annectens","2022-09-05","08:37","Jonaluna",NA,"2.1184222778,-75.7395110833",2.1184222778,-75.7395110833,"https://static.inaturalist.org/photos/229709446/original.jpeg","jpeg","https://www.inaturalist.org/observations/133806138"
"iNaturalist","image","133806138","Lontra annectens","2022-09-05","08:37","Jonaluna",NA,"2.1184222778,-75.7395110833",2.1184222778,-75.7395110833,"https://static.inaturalist.org/photos/229709481/original.jpeg","jpeg","https://www.inaturalist.org/observations/133806138"
"iNaturalist","image","133723998","Lontra annectens","2022-09-04","16:09","Paul Molina Salas",NA,"18.87093788,-96.9004286081",18.87093788,-96.9004286081,"https://static.inaturalist.org/photos/227821813/original.jpeg","jpeg","https://www.inaturalist.org/observations/133723998"
"iNaturalist","image","132344688","Lontra annectens","2022-08-25","15:25","Carlos Mora",NA,"19.1367086951,-96.1470249295",19.1367086951,-96.1470249295,"https://static.inaturalist.org/photos/225361516/original.jpeg","jpeg","https://www.inaturalist.org/observations/132344688"
"iNaturalist","image","132344688","Lontra annectens","2022-08-25","15:25","Carlos Mora",NA,"19.1367086951,-96.1470249295",19.1367086951,-96.1470249295,"https://static.inaturalist.org/photos/225361539/original.jpeg","jpeg","https://www.inaturalist.org/observations/132344688"
"iNaturalist","image","132344688","Lontra annectens","2022-08-25","15:25","Carlos Mora",NA,"19.1367086951,-96.1470249295",19.1367086951,-96.1470249295,"https://static.inaturalist.org/photos/225361557/original.jpeg","jpeg","https://www.inaturalist.org/observations/132344688"
"iNaturalist","image","132344688","Lontra annectens","2022-08-25","15:25","Carlos Mora",NA,"19.1367086951,-96.1470249295",19.1367086951,-96.1470249295,"https://static.inaturalist.org/photos/225361580/original.jpeg","jpeg","https://www.inaturalist.org/observations/132344688"
"iNaturalist","image","132344688","Lontra annectens","2022-08-25","15:25","Carlos Mora",NA,"19.1367086951,-96.1470249295",19.1367086951,-96.1470249295,"https://static.inaturalist.org/photos/225361595/original.jpeg","jpeg","https://www.inaturalist.org/observations/132344688"
"iNaturalist","image","131948415","Lontra annectens","2022-05-30","18:19","Luis David Pérez Gracida",NA,"18.9039573892,-96.8089503989",18.9039573892,-96.8089503989,"https://inaturalist-open-data.s3.amazonaws.com/photos/224625769/original.png","png","https://www.inaturalist.org/observations/131948415"
"iNaturalist","image","131948068","Lontra annectens","2022-05-29","18:50","Luis David Pérez Gracida",NA,"18.9043894524,-96.8088175185",18.9043894524,-96.8088175185,"https://inaturalist-open-data.s3.amazonaws.com/photos/224624993/original.jpeg","jpeg","https://www.inaturalist.org/observations/131948068"
"iNaturalist","image","131947853","Lontra annectens","2022-06-01","18:13","Luis David Pérez Gracida",NA,"18.9062818937,-96.8081778476",18.9062818937,-96.8081778476,"https://inaturalist-open-data.s3.amazonaws.com/photos/224624673/original.png","png","https://www.inaturalist.org/observations/131947853"
"iNaturalist","image","131932304","Lontra annectens","2022-04-21","15:49","Luis David Pérez Gracida",NA,"18.9035799464,-96.8094353632",18.9035799464,-96.8094353632,"https://inaturalist-open-data.s3.amazonaws.com/photos/224594876/original.png","png","https://www.inaturalist.org/observations/131932304"
"iNaturalist","image","131910726","Lontra annectens","2022-03-04","12:42","Luis David Pérez Gracida",NA,"18.9035938033,-96.809612954",18.9035938033,-96.809612954,"https://inaturalist-open-data.s3.amazonaws.com/photos/224553615/original.png","png","https://www.inaturalist.org/observations/131910726"
"iNaturalist","image","131904084","Lontra annectens","2022-08-17","11:46","Luis David Pérez Gracida",NA,"18.9034857591,-96.8097049115",18.9034857591,-96.8097049115,"https://inaturalist-open-data.s3.amazonaws.com/photos/224541549/original.png","png","https://www.inaturalist.org/observations/131904084"
"iNaturalist","image","131076808","Lontra annectens","2022-07-30","10:56","Sga Vc",NA,"6.8564184129,-73.7185543602",6.8564184129,-73.7185543602,"https://inaturalist-open-data.s3.amazonaws.com/photos/223007914/original.jpg","jpeg","https://www.inaturalist.org/observations/131076808"
"iNaturalist","image","130990301","Lontra annectens","2022-08-15","16:25","Leilani Gonzalez",NA,"9.1166668052,-79.0166672319",9.1166668052,-79.0166672319,"https://inaturalist-open-data.s3.amazonaws.com/photos/222846194/original.jpeg","jpeg","https://www.inaturalist.org/observations/130990301"
"iNaturalist","image","130747798","Lontra annectens","2022-06-07","14:52","John Lenagan",NA,"-0.0527179009,-78.7827294121",-0.0527179009,-78.7827294121,"https://static.inaturalist.org/photos/222400696/original.jpeg","jpeg","https://www.inaturalist.org/observations/130747798"
"iNaturalist","image","130747798","Lontra annectens","2022-06-07","14:52","John Lenagan",NA,"-0.0527179009,-78.7827294121",-0.0527179009,-78.7827294121,"https://static.inaturalist.org/photos/620114385/original.jpg","jpeg","https://www.inaturalist.org/observations/130747798"
"iNaturalist","image","130747798","Lontra annectens","2022-06-07","14:52","John Lenagan",NA,"-0.0527179009,-78.7827294121",-0.0527179009,-78.7827294121,"https://static.inaturalist.org/photos/620114645/original.jpg","jpeg","https://www.inaturalist.org/observations/130747798"
"iNaturalist","image","130420964","Lontra annectens","2015-09-29","15:14","Siegfried Baesler",NA,"10.5299442988,-83.5103558275",10.5299442988,-83.5103558275,"https://static.inaturalist.org/photos/221795260/original.jpeg","jpeg","https://www.inaturalist.org/observations/130420964"
"iNaturalist","image","130401948","Lontra annectens","2022-07-30","16:52","Msinger",NA,"10.46572,-84.0007638883",10.46572,-84.0007638883,"https://inaturalist-open-data.s3.amazonaws.com/photos/221761317/original.jpg","jpeg","https://www.inaturalist.org/observations/130401948"
"iNaturalist","image","130400675","Lontra annectens","2021-11-06","11:28","Luis David Pérez Gracida",NA,"18.9066310389,-96.8117908061",18.9066310389,-96.8117908061,"https://inaturalist-open-data.s3.amazonaws.com/photos/221758567/original.jpg","jpeg","https://www.inaturalist.org/observations/130400675"
"iNaturalist","image","130379660","Lontra annectens","2022-02-20","09:10","Miryon Montes",NA,"1.825648368,-76.0478259623",1.825648368,-76.0478259623,"https://static.inaturalist.org/photos/221756087/original.jpeg","jpeg","https://www.inaturalist.org/observations/130379660"
"iNaturalist","image","130200450","Lontra annectens","2019-04-20","08:43","Jorge L. Peña",NA,"3.2650445314,-74.6846174937",3.2650445314,-74.6846174937,"https://inaturalist-open-data.s3.amazonaws.com/photos/221385576/original.jpeg","jpeg","https://www.inaturalist.org/observations/130200450"
"iNaturalist","image","130107531","Lontra annectens","2022-08-07","18:40","Carinacr",NA,"20.4819864669,-97.0142394304",20.4819864669,-97.0142394304,"https://inaturalist-open-data.s3.amazonaws.com/photos/221211174/original.jpeg","jpeg","https://www.inaturalist.org/observations/130107531"
"iNaturalist","image","130107531","Lontra annectens","2022-08-07","18:40","Carinacr",NA,"20.4819864669,-97.0142394304",20.4819864669,-97.0142394304,"https://inaturalist-open-data.s3.amazonaws.com/photos/221211225/original.jpeg","jpeg","https://www.inaturalist.org/observations/130107531"
"iNaturalist","image","130107531","Lontra annectens","2022-08-07","18:40","Carinacr",NA,"20.4819864669,-97.0142394304",20.4819864669,-97.0142394304,"https://inaturalist-open-data.s3.amazonaws.com/photos/221211249/original.jpeg","jpeg","https://www.inaturalist.org/observations/130107531"
"iNaturalist","image","130107531","Lontra annectens","2022-08-07","18:40","Carinacr",NA,"20.4819864669,-97.0142394304",20.4819864669,-97.0142394304,"https://inaturalist-open-data.s3.amazonaws.com/photos/221211275/original.jpeg","jpeg","https://www.inaturalist.org/observations/130107531"
"iNaturalist","image","130107531","Lontra annectens","2022-08-07","18:40","Carinacr",NA,"20.4819864669,-97.0142394304",20.4819864669,-97.0142394304,"https://inaturalist-open-data.s3.amazonaws.com/photos/221211303/original.jpeg","jpeg","https://www.inaturalist.org/observations/130107531"
"iNaturalist","image","130107531","Lontra annectens","2022-08-07","18:40","Carinacr",NA,"20.4819864669,-97.0142394304",20.4819864669,-97.0142394304,"https://inaturalist-open-data.s3.amazonaws.com/photos/221211323/original.jpeg","jpeg","https://www.inaturalist.org/observations/130107531"
"iNaturalist","image","129587509","Lontra annectens","2022-06-05","10:22","Miryon Montes",NA,"1.8344753719,-76.0483905673",1.8344753719,-76.0483905673,"https://static.inaturalist.org/photos/220242915/original.jpeg","jpeg","https://www.inaturalist.org/observations/129587509"
"iNaturalist","image","129195444","Lontra annectens","2021-11-05","17:47","Roger A. Morales-Flores",NA,"9.4681634314,-82.4517377838",9.4681634314,-82.4517377838,"https://inaturalist-open-data.s3.amazonaws.com/photos/219523038/original.jpeg","jpeg","https://www.inaturalist.org/observations/129195444"
"iNaturalist","image","129195444","Lontra annectens","2021-11-05","17:47","Roger A. Morales-Flores",NA,"9.4681634314,-82.4517377838",9.4681634314,-82.4517377838,"https://inaturalist-open-data.s3.amazonaws.com/photos/219523070/original.jpeg","jpeg","https://www.inaturalist.org/observations/129195444"
"iNaturalist","image","129195444","Lontra annectens","2021-11-05","17:47","Roger A. Morales-Flores",NA,"9.4681634314,-82.4517377838",9.4681634314,-82.4517377838,"https://inaturalist-open-data.s3.amazonaws.com/photos/219523093/original.jpeg","jpeg","https://www.inaturalist.org/observations/129195444"
"iNaturalist","image","129195444","Lontra annectens","2021-11-05","17:47","Roger A. Morales-Flores",NA,"9.4681634314,-82.4517377838",9.4681634314,-82.4517377838,"https://inaturalist-open-data.s3.amazonaws.com/photos/219523123/original.jpeg","jpeg","https://www.inaturalist.org/observations/129195444"
"iNaturalist","image","128664241","Lontra annectens","2017-10-24","02:21","Jorge L. Peña",NA,"1.8727082443,-76.1285468399",1.8727082443,-76.1285468399,"https://inaturalist-open-data.s3.amazonaws.com/photos/218535532/original.jpeg","jpeg","https://www.inaturalist.org/observations/128664241"
"iNaturalist","image","128307785","Lontra annectens","2022-07-17","10:53","Fernan Parrales",NA,"13.4617484287,-86.7006592825",13.4617484287,-86.7006592825,"https://static.inaturalist.org/photos/217929339/original.jpeg","jpeg","https://www.inaturalist.org/observations/128307785"
"iNaturalist","image","128307785","Lontra annectens","2022-07-17","10:53","Fernan Parrales",NA,"13.4617484287,-86.7006592825",13.4617484287,-86.7006592825,"https://static.inaturalist.org/photos/217929392/original.jpeg","jpeg","https://www.inaturalist.org/observations/128307785"
"iNaturalist","image","128204061","Lontra annectens","2020-08-13","07:48","Silvia Figueroa",NA,"14.3122985392,-89.5352838913",14.3122985392,-89.5352838913,"https://static.inaturalist.org/photos/217742789/original.jpeg","jpeg","https://www.inaturalist.org/observations/128204061"
"iNaturalist","image","125495051","Lontra annectens","2022-07-09","14:15","Juantd",NA,"15.7882598552,-96.0514836196",15.7882598552,-96.0514836196,"https://inaturalist-open-data.s3.amazonaws.com/photos/212821376/original.jpeg","jpeg","https://www.inaturalist.org/observations/125495051"
"iNaturalist","image","123958582","Lontra annectens","2022-06-28","09:30","Sebastiaanbosma",NA,"10.5934829324,-83.5277538747",10.5934829324,-83.5277538747,"https://inaturalist-open-data.s3.amazonaws.com/photos/210055738/original.jpeg","jpeg","https://www.inaturalist.org/observations/123958582"
"iNaturalist","image","123864636","Lontra annectens","2022-03-13","13:24","Luis David Pérez Gracida",NA,"18.8988321184,-96.8050042245",18.8988321184,-96.8050042245,"https://inaturalist-open-data.s3.amazonaws.com/photos/209882582/original.png","png","https://www.inaturalist.org/observations/123864636"
"iNaturalist","image","123707165","Lontra annectens","2022-04-07","11:19","Luis David Pérez Gracida",NA,"18.898766407,-96.8050320616",18.898766407,-96.8050320616,"https://inaturalist-open-data.s3.amazonaws.com/photos/209595337/original.png","png","https://www.inaturalist.org/observations/123707165"
"iNaturalist","image","123650285","Lontra annectens","2022-06-12","20:54","Elias Arcadia",NA,"21.3433618407,-104.7144166008",21.3433618407,-104.7144166008,"https://inaturalist-open-data.s3.amazonaws.com/photos/209492344/original.jpeg","jpeg","https://www.inaturalist.org/observations/123650285"
"iNaturalist","image","123469125","Lontra annectens","2022-05-07","09:41","Miryon Montes",NA,"1.8258370327,-76.048245728",1.8258370327,-76.048245728,"https://static.inaturalist.org/photos/209168490/original.jpeg","jpeg","https://www.inaturalist.org/observations/123469125"
"iNaturalist","image","123169705","Lontra annectens","2015-05-23","15:56","Pam",NA,"8.445032101,-83.4641306644",8.445032101,-83.4641306644,"https://inaturalist-open-data.s3.amazonaws.com/photos/208627924/original.jpeg","jpeg","https://www.inaturalist.org/observations/123169705"
"iNaturalist","image","123169705","Lontra annectens","2015-05-23","15:56","Pam",NA,"8.445032101,-83.4641306644",8.445032101,-83.4641306644,"https://inaturalist-open-data.s3.amazonaws.com/photos/208627956/original.jpeg","jpeg","https://www.inaturalist.org/observations/123169705"
"iNaturalist","image","122563753","Lontra annectens","2022-03-11","16:15","Tomas Fernandez",NA,"10.6709824074,-85.4647399485",10.6709824074,-85.4647399485,"https://static.inaturalist.org/photos/207523265/original.jpeg","jpeg","https://www.inaturalist.org/observations/122563753"
"iNaturalist","image","122563753","Lontra annectens","2022-03-11","16:15","Tomas Fernandez",NA,"10.6709824074,-85.4647399485",10.6709824074,-85.4647399485,"https://static.inaturalist.org/photos/207523307/original.jpeg","jpeg","https://www.inaturalist.org/observations/122563753"
"iNaturalist","image","122563753","Lontra annectens","2022-03-11","16:15","Tomas Fernandez",NA,"10.6709824074,-85.4647399485",10.6709824074,-85.4647399485,"https://static.inaturalist.org/photos/207523343/original.jpeg","jpeg","https://www.inaturalist.org/observations/122563753"
"iNaturalist","image","122563753","Lontra annectens","2022-03-11","16:15","Tomas Fernandez",NA,"10.6709824074,-85.4647399485",10.6709824074,-85.4647399485,"https://static.inaturalist.org/photos/207523373/original.jpeg","jpeg","https://www.inaturalist.org/observations/122563753"
"iNaturalist","image","122563753","Lontra annectens","2022-03-11","16:15","Tomas Fernandez",NA,"10.6709824074,-85.4647399485",10.6709824074,-85.4647399485,"https://static.inaturalist.org/photos/207523398/original.jpeg","jpeg","https://www.inaturalist.org/observations/122563753"
"iNaturalist","image","120533626","Lontra annectens","2022-06-05","07:54","Fundación Biodiversa Colombia",NA,"6.7962524609,-74.2211613971",6.7962524609,-74.2211613971,"https://inaturalist-open-data.s3.amazonaws.com/photos/203820014/original.jpeg","jpeg","https://www.inaturalist.org/observations/120533626"
"iNaturalist","image","120533626","Lontra annectens","2022-06-05","07:54","Fundación Biodiversa Colombia",NA,"6.7962524609,-74.2211613971",6.7962524609,-74.2211613971,"https://inaturalist-open-data.s3.amazonaws.com/photos/203819940/original.jpeg","jpeg","https://www.inaturalist.org/observations/120533626"
"iNaturalist","image","120533626","Lontra annectens","2022-06-05","07:54","Fundación Biodiversa Colombia",NA,"6.7962524609,-74.2211613971",6.7962524609,-74.2211613971,"https://inaturalist-open-data.s3.amazonaws.com/photos/203819994/original.jpeg","jpeg","https://www.inaturalist.org/observations/120533626"
"iNaturalist","image","120533626","Lontra annectens","2022-06-05","07:54","Fundación Biodiversa Colombia",NA,"6.7962524609,-74.2211613971",6.7962524609,-74.2211613971,"https://inaturalist-open-data.s3.amazonaws.com/photos/203819975/original.jpeg","jpeg","https://www.inaturalist.org/observations/120533626"
"iNaturalist","image","120533626","Lontra annectens","2022-06-05","07:54","Fundación Biodiversa Colombia",NA,"6.7962524609,-74.2211613971",6.7962524609,-74.2211613971,"https://inaturalist-open-data.s3.amazonaws.com/photos/203819961/original.jpeg","jpeg","https://www.inaturalist.org/observations/120533626"
"iNaturalist","image","120533626","Lontra annectens","2022-06-05","07:54","Fundación Biodiversa Colombia",NA,"6.7962524609,-74.2211613971",6.7962524609,-74.2211613971,"https://inaturalist-open-data.s3.amazonaws.com/photos/203822208/original.jpeg","jpeg","https://www.inaturalist.org/observations/120533626"
"iNaturalist","image","119712702","Lontra annectens","2022-05-18","03:58","Eric Van Den Berghe",NA,"14.000495223,-86.9933527581",14.000495223,-86.9933527581,"https://inaturalist-open-data.s3.amazonaws.com/photos/202401846/original.jpg","jpeg","https://www.inaturalist.org/observations/119712702"
"iNaturalist","image","119460594","Lontra annectens","2019-10-28","06:38","Leuli",NA,"10.5360388889,-83.5066833333",10.5360388889,-83.5066833333,"https://inaturalist-open-data.s3.amazonaws.com/photos/201941116/original.jpeg","jpeg","https://www.inaturalist.org/observations/119460594"
"iNaturalist","image","117552065","Lontra annectens","2022-05-11","12:59","Victoria Ayala",NA,"13.9995397999,-86.9933013307",13.9995397999,-86.9933013307,"https://inaturalist-open-data.s3.amazonaws.com/photos/198543670/original.jpg","jpeg","https://www.inaturalist.org/observations/117552065"
"iNaturalist","image","116176651","Lontra annectens","2022-05-07","11:29","Pablo Bedrossian",NA,"15.5369005,-87.9934924",15.5369005,-87.9934924,"https://static.inaturalist.org/photos/196078905/original.jpeg","jpeg","https://www.inaturalist.org/observations/116176651"
"iNaturalist","image","113820707","Lontra annectens","2022-04-30","10:09","Manu1006",NA,"4.8033518,-75.8110854",4.8033518,-75.8110854,"https://inaturalist-open-data.s3.amazonaws.com/photos/195293179/original.jpeg","jpeg","https://www.inaturalist.org/observations/113820707"
"iNaturalist","image","112751638","Lontra annectens","2022-04-22","16:42","Robert Puschendorf",NA,"10.4269681322,-84.0027029835",10.4269681322,-84.0027029835,"https://static.inaturalist.org/photos/190466369/original.jpg","jpeg","https://www.inaturalist.org/observations/112751638"
"iNaturalist","image","111994984","Lontra annectens",NA,NA,"Mauro Giraldo",NA,"4.731333071,-75.5763975531",4.731333071,-75.5763975531,"https://static.inaturalist.org/photos/189131230/original.jpeg","jpeg","https://www.inaturalist.org/observations/111994984"
"iNaturalist","image","111480657","Lontra annectens","2022-04-06","15:06","Edgar Castañeda",NA,"11.1099155735,-83.9445727724",11.1099155735,-83.9445727724,"https://inaturalist-open-data.s3.amazonaws.com/photos/188198841/original.jpeg","jpeg","https://www.inaturalist.org/observations/111480657"
"iNaturalist","image","111480657","Lontra annectens","2022-04-06","15:06","Edgar Castañeda",NA,"11.1099155735,-83.9445727724",11.1099155735,-83.9445727724,"https://inaturalist-open-data.s3.amazonaws.com/photos/188198850/original.jpeg","jpeg","https://www.inaturalist.org/observations/111480657"
"iNaturalist","image","111423627","Lontra annectens","2022-03-24","07:10","Osa Conservation",NA,"8.451953,-83.287975",8.451953,-83.287975,"https://inaturalist-open-data.s3.amazonaws.com/photos/188094041/original.jpeg","jpeg","https://www.inaturalist.org/observations/111423627"
"iNaturalist","image","111271829","Lontra annectens","2022-04-12","14:49","Vane Fallas Salmeron",NA,"10.053223567,-84.5024991408",10.053223567,-84.5024991408,"https://static.inaturalist.org/photos/187822946/original.jpeg","jpeg","https://www.inaturalist.org/observations/111271829"
"iNaturalist","image","111093595","Lontra annectens","2022-04-11","09:07","Mauricio Sánchez Eugenio",NA,"19.0710773356,-96.130241999",19.0710773356,-96.130241999,"https://inaturalist-open-data.s3.amazonaws.com/photos/187498701/original.jpeg","jpeg","https://www.inaturalist.org/observations/111093595"
"iNaturalist","image","111093595","Lontra annectens","2022-04-11","09:07","Mauricio Sánchez Eugenio",NA,"19.0710773356,-96.130241999",19.0710773356,-96.130241999,"https://inaturalist-open-data.s3.amazonaws.com/photos/187558912/original.jpeg","jpeg","https://www.inaturalist.org/observations/111093595"
"iNaturalist","image","111093595","Lontra annectens","2022-04-11","09:07","Mauricio Sánchez Eugenio",NA,"19.0710773356,-96.130241999",19.0710773356,-96.130241999,"https://inaturalist-open-data.s3.amazonaws.com/photos/187558925/original.jpeg","jpeg","https://www.inaturalist.org/observations/111093595"
"iNaturalist","image","111093595","Lontra annectens","2022-04-11","09:07","Mauricio Sánchez Eugenio",NA,"19.0710773356,-96.130241999",19.0710773356,-96.130241999,"https://inaturalist-open-data.s3.amazonaws.com/photos/187558930/original.jpeg","jpeg","https://www.inaturalist.org/observations/111093595"
"iNaturalist","image","111093595","Lontra annectens","2022-04-11","09:07","Mauricio Sánchez Eugenio",NA,"19.0710773356,-96.130241999",19.0710773356,-96.130241999,"https://inaturalist-open-data.s3.amazonaws.com/photos/187558938/original.jpeg","jpeg","https://www.inaturalist.org/observations/111093595"
"iNaturalist","image","111093595","Lontra annectens","2022-04-11","09:07","Mauricio Sánchez Eugenio",NA,"19.0710773356,-96.130241999",19.0710773356,-96.130241999,"https://inaturalist-open-data.s3.amazonaws.com/photos/187558950/original.jpeg","jpeg","https://www.inaturalist.org/observations/111093595"
"iNaturalist","image","110802292","Lontra annectens","2022-04-08","16:38","Andrés Jara",NA,"8.451399,-83.288075",8.451399,-83.288075,"https://static.inaturalist.org/photos/186974028/original.jpeg","jpeg","https://www.inaturalist.org/observations/110802292"
"iNaturalist","image","110722474","Lontra annectens","2022-04-06","10:53","Edgar Castañeda",NA,"11.0481479722,-83.8869179722",11.0481479722,-83.8869179722,"https://inaturalist-open-data.s3.amazonaws.com/photos/186829630/original.jpeg","jpeg","https://www.inaturalist.org/observations/110722474"
"iNaturalist","image","110722474","Lontra annectens","2022-04-06","10:53","Edgar Castañeda",NA,"11.0481479722,-83.8869179722",11.0481479722,-83.8869179722,"https://inaturalist-open-data.s3.amazonaws.com/photos/186829688/original.jpeg","jpeg","https://www.inaturalist.org/observations/110722474"
"iNaturalist","image","110722474","Lontra annectens","2022-04-06","10:53","Edgar Castañeda",NA,"11.0481479722,-83.8869179722",11.0481479722,-83.8869179722,"https://inaturalist-open-data.s3.amazonaws.com/photos/186829726/original.jpeg","jpeg","https://www.inaturalist.org/observations/110722474"
"iNaturalist","image","110722474","Lontra annectens","2022-04-06","10:53","Edgar Castañeda",NA,"11.0481479722,-83.8869179722",11.0481479722,-83.8869179722,"https://inaturalist-open-data.s3.amazonaws.com/photos/186829765/original.jpeg","jpeg","https://www.inaturalist.org/observations/110722474"
"iNaturalist","image","110538134","Lontra annectens","2022-03-21","08:52","Omar Javier López Gómez",NA,"1.8664458392,-75.8230305733",1.8664458392,-75.8230305733,"https://inaturalist-open-data.s3.amazonaws.com/photos/186464250/original.jpg","jpeg","https://www.inaturalist.org/observations/110538134"
"iNaturalist","image","110538134","Lontra annectens","2022-03-21","08:52","Omar Javier López Gómez",NA,"1.8664458392,-75.8230305733",1.8664458392,-75.8230305733,"https://inaturalist-open-data.s3.amazonaws.com/photos/186464243/original.jpg","jpeg","https://www.inaturalist.org/observations/110538134"
"iNaturalist","image","110234896","Lontra annectens","2022-04-02","13:33","Alberto Alcalá",NA,"19.2792662997,-104.3147526",19.2792662997,-104.3147526,"https://inaturalist-open-data.s3.amazonaws.com/photos/185923101/original.jpeg","jpeg","https://www.inaturalist.org/observations/110234896"
"iNaturalist","image","110234896","Lontra annectens","2022-04-02","13:33","Alberto Alcalá",NA,"19.2792662997,-104.3147526",19.2792662997,-104.3147526,"https://inaturalist-open-data.s3.amazonaws.com/photos/185923865/original.jpeg","jpeg","https://www.inaturalist.org/observations/110234896"
"iNaturalist","image","110234896","Lontra annectens","2022-04-02","13:33","Alberto Alcalá",NA,"19.2792662997,-104.3147526",19.2792662997,-104.3147526,"https://inaturalist-open-data.s3.amazonaws.com/photos/185923967/original.jpeg","jpeg","https://www.inaturalist.org/observations/110234896"
"iNaturalist","image","110126912","Lontra annectens",NA,NA,"Jonaluna",NA,"11.1303848115,-73.0271466449",11.1303848115,-73.0271466449,"https://static.inaturalist.org/photos/185724590/original.jpeg","jpeg","https://www.inaturalist.org/observations/110126912"
"iNaturalist","image","110126912","Lontra annectens",NA,NA,"Jonaluna",NA,"11.1303848115,-73.0271466449",11.1303848115,-73.0271466449,"https://static.inaturalist.org/photos/185724618/original.jpeg","jpeg","https://www.inaturalist.org/observations/110126912"
"iNaturalist","image","110066058","Lontra annectens","2022-03-30","07:54","Elias Arcadia",NA,"21.3580739361,-104.7080322728",21.3580739361,-104.7080322728,"https://inaturalist-open-data.s3.amazonaws.com/photos/185615113/original.jpeg","jpeg","https://www.inaturalist.org/observations/110066058"
"iNaturalist","image","110066058","Lontra annectens","2022-03-30","07:54","Elias Arcadia",NA,"21.3580739361,-104.7080322728",21.3580739361,-104.7080322728,"https://inaturalist-open-data.s3.amazonaws.com/photos/185615139/original.jpeg","jpeg","https://www.inaturalist.org/observations/110066058"
"iNaturalist","image","110066058","Lontra annectens","2022-03-30","07:54","Elias Arcadia",NA,"21.3580739361,-104.7080322728",21.3580739361,-104.7080322728,"https://inaturalist-open-data.s3.amazonaws.com/photos/185615173/original.jpeg","jpeg","https://www.inaturalist.org/observations/110066058"
"iNaturalist","image","110066058","Lontra annectens","2022-03-30","07:54","Elias Arcadia",NA,"21.3580739361,-104.7080322728",21.3580739361,-104.7080322728,"https://inaturalist-open-data.s3.amazonaws.com/photos/185615195/original.jpeg","jpeg","https://www.inaturalist.org/observations/110066058"
"iNaturalist","image","110066058","Lontra annectens","2022-03-30","07:54","Elias Arcadia",NA,"21.3580739361,-104.7080322728",21.3580739361,-104.7080322728,"https://inaturalist-open-data.s3.amazonaws.com/photos/185615206/original.jpeg","jpeg","https://www.inaturalist.org/observations/110066058"
"iNaturalist","image","110029374","Lontra annectens","2022-03-30","09:31","Paula Peña-Amaya",NA,"11.0202,-74.8907305556",11.0202,-74.8907305556,"https://inaturalist-open-data.s3.amazonaws.com/photos/185539209/original.jpg","jpeg","https://www.inaturalist.org/observations/110029374"
"iNaturalist","image","110029374","Lontra annectens","2022-03-30","09:31","Paula Peña-Amaya",NA,"11.0202,-74.8907305556",11.0202,-74.8907305556,"https://inaturalist-open-data.s3.amazonaws.com/photos/185539176/original.jpg","jpeg","https://www.inaturalist.org/observations/110029374"
"iNaturalist","image","110029374","Lontra annectens","2022-03-30","09:31","Paula Peña-Amaya",NA,"11.0202,-74.8907305556",11.0202,-74.8907305556,"https://inaturalist-open-data.s3.amazonaws.com/photos/185539195/original.jpg","jpeg","https://www.inaturalist.org/observations/110029374"
"iNaturalist","image","109429046","Lontra annectens","2022-02-15","06:57","Cameron Eckert",NA,"9.0383066667,-78.7592083333",9.0383066667,-78.7592083333,"https://inaturalist-open-data.s3.amazonaws.com/photos/184431845/original.jpg","jpeg","https://www.inaturalist.org/observations/109429046"
"iNaturalist","image","109429046","Lontra annectens","2022-02-15","06:57","Cameron Eckert",NA,"9.0383066667,-78.7592083333",9.0383066667,-78.7592083333,"https://inaturalist-open-data.s3.amazonaws.com/photos/184432104/original.jpg","jpeg","https://www.inaturalist.org/observations/109429046"
"iNaturalist","image","109240932","Lontra annectens","2022-03-21","11:59","Guillermo Gassos",NA,"19.027577,-96.063978",19.027577,-96.063978,"https://inaturalist-open-data.s3.amazonaws.com/photos/184080346/original.jpeg","jpeg","https://www.inaturalist.org/observations/109240932"
"iNaturalist","image","109240932","Lontra annectens","2022-03-21","11:59","Guillermo Gassos",NA,"19.027577,-96.063978",19.027577,-96.063978,"https://inaturalist-open-data.s3.amazonaws.com/photos/184097690/original.jpeg","jpeg","https://www.inaturalist.org/observations/109240932"
"iNaturalist","image","109240932","Lontra annectens","2022-03-21","11:59","Guillermo Gassos",NA,"19.027577,-96.063978",19.027577,-96.063978,"https://inaturalist-open-data.s3.amazonaws.com/photos/184097704/original.jpeg","jpeg","https://www.inaturalist.org/observations/109240932"
"iNaturalist","image","109169152","Lontra annectens","2022-03-17","13:27","Yabal Alfaro Castillo",NA,"17.3201034634,-100.6848769066",17.3201034634,-100.6848769066,"https://inaturalist-open-data.s3.amazonaws.com/photos/183945332/original.jpg","jpeg","https://www.inaturalist.org/observations/109169152"
"iNaturalist","image","109169152","Lontra annectens","2022-03-17","13:27","Yabal Alfaro Castillo",NA,"17.3201034634,-100.6848769066",17.3201034634,-100.6848769066,"https://inaturalist-open-data.s3.amazonaws.com/photos/183945396/original.jpg","jpeg","https://www.inaturalist.org/observations/109169152"
"iNaturalist","image","109169152","Lontra annectens","2022-03-17","13:27","Yabal Alfaro Castillo",NA,"17.3201034634,-100.6848769066",17.3201034634,-100.6848769066,"https://inaturalist-open-data.s3.amazonaws.com/photos/183945411/original.jpg","jpeg","https://www.inaturalist.org/observations/109169152"
"iNaturalist","image","109169152","Lontra annectens","2022-03-17","13:27","Yabal Alfaro Castillo",NA,"17.3201034634,-100.6848769066",17.3201034634,-100.6848769066,"https://inaturalist-open-data.s3.amazonaws.com/photos/183945421/original.jpg","jpeg","https://www.inaturalist.org/observations/109169152"
"iNaturalist","image","109169152","Lontra annectens","2022-03-17","13:27","Yabal Alfaro Castillo",NA,"17.3201034634,-100.6848769066",17.3201034634,-100.6848769066,"https://inaturalist-open-data.s3.amazonaws.com/photos/183945416/original.jpg","jpeg","https://www.inaturalist.org/observations/109169152"
"iNaturalist","image","109169152","Lontra annectens","2022-03-17","13:27","Yabal Alfaro Castillo",NA,"17.3201034634,-100.6848769066",17.3201034634,-100.6848769066,"https://inaturalist-open-data.s3.amazonaws.com/photos/183945443/original.jpg","jpeg","https://www.inaturalist.org/observations/109169152"
"iNaturalist","image","109169152","Lontra annectens","2022-03-17","13:27","Yabal Alfaro Castillo",NA,"17.3201034634,-100.6848769066",17.3201034634,-100.6848769066,"https://inaturalist-open-data.s3.amazonaws.com/photos/183945454/original.jpg","jpeg","https://www.inaturalist.org/observations/109169152"
"iNaturalist","image","109169152","Lontra annectens","2022-03-17","13:27","Yabal Alfaro Castillo",NA,"17.3201034634,-100.6848769066",17.3201034634,-100.6848769066,"https://inaturalist-open-data.s3.amazonaws.com/photos/183945548/original.jpg","jpeg","https://www.inaturalist.org/observations/109169152"
"iNaturalist","image","109055522","Lontra annectens","2022-03-16","01:30","Charley Hesse",NA,"9.4031776,-83.6708343",9.4031776,-83.6708343,"https://inaturalist-open-data.s3.amazonaws.com/photos/183731392/original.jpeg","jpeg","https://www.inaturalist.org/observations/109055522"
"iNaturalist","image","109055522","Lontra annectens","2022-03-16","01:30","Charley Hesse",NA,"9.4031776,-83.6708343",9.4031776,-83.6708343,"https://inaturalist-open-data.s3.amazonaws.com/photos/183732192/original.jpeg","jpeg","https://www.inaturalist.org/observations/109055522"
"iNaturalist","image","108988966","Lontra annectens",NA,NA,"Andrea Mackie",NA,"17.499517,-92.01495",17.499517,-92.01495,"https://static.inaturalist.org/photos/183606114/original.jpeg","jpeg","https://www.inaturalist.org/observations/108988966"
"iNaturalist","image","108828177","Lontra annectens","2022-03-14","06:52","Lianne Woudstra",NA,"10.606261,-83.5358244",10.606261,-83.5358244,"https://static.inaturalist.org/photos/183307877/original.jpg","jpeg","https://www.inaturalist.org/observations/108828177"
"iNaturalist","image","108694706","Lontra annectens","2017-08-20","12:06","Isaac Poggi",NA,"-2.1441799262,-79.8687557504",-2.1441799262,-79.8687557504,"https://static.inaturalist.org/photos/183055950/original.jpeg","jpeg","https://www.inaturalist.org/observations/108694706"
"iNaturalist","image","108586356","Lontra annectens","2022-03-10","08:42","Sofía Abad",NA,"-0.801601,-79.461149",-0.801601,-79.461149,"https://static.inaturalist.org/photos/182853198/original.jpg","jpeg","https://www.inaturalist.org/observations/108586356"
"iNaturalist","image","108586356","Lontra annectens","2022-03-10","08:42","Sofía Abad",NA,"-0.801601,-79.461149",-0.801601,-79.461149,"https://static.inaturalist.org/photos/182853306/original.jpg","jpeg","https://www.inaturalist.org/observations/108586356"
"iNaturalist","image","108586356","Lontra annectens","2022-03-10","08:42","Sofía Abad",NA,"-0.801601,-79.461149",-0.801601,-79.461149,"https://static.inaturalist.org/photos/182853362/original.jpg","jpeg","https://www.inaturalist.org/observations/108586356"
"iNaturalist","image","108340684","Lontra annectens","2022-03-03","09:54","Luis David Pérez Gracida",NA,"18.898992918,-96.80492118",18.898992918,-96.80492118,"https://inaturalist-open-data.s3.amazonaws.com/photos/182390321/original.jpeg","jpeg","https://www.inaturalist.org/observations/108340684"
"iNaturalist","image","108221595","Lontra annectens","2022-03-06","16:01","Jaaziel Rivera",NA,"8.9812336315,-83.2516067103",8.9812336315,-83.2516067103,"https://static.inaturalist.org/photos/182168635/original.jpeg","jpeg","https://www.inaturalist.org/observations/108221595"
"iNaturalist","image","107798485","Lontra annectens","2022-02-19","10:04","Francisco Dubón",NA,"15.7815878925,-84.7585057857",15.7815878925,-84.7585057857,"https://inaturalist-open-data.s3.amazonaws.com/photos/181370994/original.jpeg","jpeg","https://www.inaturalist.org/observations/107798485"
"iNaturalist","image","107744344","Lontra annectens",NA,NA,"Ashley Esquivel",NA,"10.4306228512,-84.0069710836",10.4306228512,-84.0069710836,"https://static.inaturalist.org/photos/181274021/original.jpeg","jpeg","https://www.inaturalist.org/observations/107744344"
"iNaturalist","image","107672769","Lontra annectens","2018-01-31","05:30","Andrea Gantzer",NA,"9.7351489911,-82.8262064145",9.7351489911,-82.8262064145,"https://inaturalist-open-data.s3.amazonaws.com/photos/181140347/original.jpeg","jpeg","https://www.inaturalist.org/observations/107672769"
"iNaturalist","image","107672769","Lontra annectens","2018-01-31","05:30","Andrea Gantzer",NA,"9.7351489911,-82.8262064145",9.7351489911,-82.8262064145,"https://inaturalist-open-data.s3.amazonaws.com/photos/181140703/original.jpeg","jpeg","https://www.inaturalist.org/observations/107672769"
"iNaturalist","image","107612780","Lontra annectens","2022-02-26","19:45","Isabella Ramos",NA,"10.4540714468,-84.0193860233",10.4540714468,-84.0193860233,"https://inaturalist-open-data.s3.amazonaws.com/photos/181026936/original.jpeg","jpeg","https://www.inaturalist.org/observations/107612780"
"iNaturalist","image","107567640","Lontra annectens","2022-02-27","09:57","Jorge L. Peña",NA,"1.8472259037,-76.0423601555",1.8472259037,-76.0423601555,"https://inaturalist-open-data.s3.amazonaws.com/photos/180940478/original.jpeg","jpeg","https://www.inaturalist.org/observations/107567640"
"iNaturalist","image","107564889","Lontra annectens","2022-02-26","08:39","Ariela Solis",NA,"10.47225,-84.0098027833",10.47225,-84.0098027833,"https://static.inaturalist.org/photos/180934895/original.jpg","jpeg","https://www.inaturalist.org/observations/107564889"
"iNaturalist","image","107564889","Lontra annectens","2022-02-26","08:39","Ariela Solis",NA,"10.47225,-84.0098027833",10.47225,-84.0098027833,"https://static.inaturalist.org/photos/180934919/original.jpg","jpeg","https://www.inaturalist.org/observations/107564889"
"iNaturalist","image","107554797","Lontra annectens","2022-02-26","14:31","Juan Carlos Jiménez Villalobos",NA,"10.4299633792,-84.0061828494",10.4299633792,-84.0061828494,"https://inaturalist-open-data.s3.amazonaws.com/photos/180916563/original.jpeg","jpeg","https://www.inaturalist.org/observations/107554797"
"iNaturalist","image","107554797","Lontra annectens","2022-02-26","14:31","Juan Carlos Jiménez Villalobos",NA,"10.4299633792,-84.0061828494",10.4299633792,-84.0061828494,"https://inaturalist-open-data.s3.amazonaws.com/photos/180916577/original.jpeg","jpeg","https://www.inaturalist.org/observations/107554797"
"iNaturalist","image","107554797","Lontra annectens","2022-02-26","14:31","Juan Carlos Jiménez Villalobos",NA,"10.4299633792,-84.0061828494",10.4299633792,-84.0061828494,"https://inaturalist-open-data.s3.amazonaws.com/photos/180916586/original.jpeg","jpeg","https://www.inaturalist.org/observations/107554797"
"iNaturalist","image","107554797","Lontra annectens","2022-02-26","14:31","Juan Carlos Jiménez Villalobos",NA,"10.4299633792,-84.0061828494",10.4299633792,-84.0061828494,"https://inaturalist-open-data.s3.amazonaws.com/photos/180917150/original.jpeg","jpeg","https://www.inaturalist.org/observations/107554797"
"iNaturalist","image","107554797","Lontra annectens","2022-02-26","14:31","Juan Carlos Jiménez Villalobos",NA,"10.4299633792,-84.0061828494",10.4299633792,-84.0061828494,"https://inaturalist-open-data.s3.amazonaws.com/photos/180917155/original.jpeg","jpeg","https://www.inaturalist.org/observations/107554797"
"iNaturalist","image","107554797","Lontra annectens","2022-02-26","14:31","Juan Carlos Jiménez Villalobos",NA,"10.4299633792,-84.0061828494",10.4299633792,-84.0061828494,"https://inaturalist-open-data.s3.amazonaws.com/photos/180917164/original.jpeg","jpeg","https://www.inaturalist.org/observations/107554797"
"iNaturalist","image","107554797","Lontra annectens","2022-02-26","14:31","Juan Carlos Jiménez Villalobos",NA,"10.4299633792,-84.0061828494",10.4299633792,-84.0061828494,"https://inaturalist-open-data.s3.amazonaws.com/photos/180917172/original.jpeg","jpeg","https://www.inaturalist.org/observations/107554797"
"iNaturalist","image","107553883","Lontra annectens","2022-02-26","14:34","Lizbeth Bravo",NA,"10.4722175556,-84.0097885",10.4722175556,-84.0097885,"https://static.inaturalist.org/photos/180914977/original.jpeg","jpeg","https://www.inaturalist.org/observations/107553883"
"iNaturalist","image","107536311","Lontra annectens","2022-02-26","14:39","Maikel Navarro",NA,"10.4515402469,-84.0067005157",10.4515402469,-84.0067005157,"https://static.inaturalist.org/photos/180884173/original.jpeg","jpeg","https://www.inaturalist.org/observations/107536311"
"iNaturalist","image","107523531","Lontra annectens","2022-02-26","09:36","Yonaira_hibbert",NA,"10.484677,-83.937412",10.484677,-83.937412,"https://inaturalist-open-data.s3.amazonaws.com/photos/180858976/original.jpg","jpeg","https://www.inaturalist.org/observations/107523531"
"iNaturalist","image","107521205","Lontra annectens","2022-02-26","14:34","Aaron Ramirez Campos",NA,"10.4515402469,-84.0067005157",10.4515402469,-84.0067005157,"https://static.inaturalist.org/photos/180854146/original.jpeg","jpeg","https://www.inaturalist.org/observations/107521205"
"iNaturalist","image","107521205","Lontra annectens","2022-02-26","14:34","Aaron Ramirez Campos",NA,"10.4515402469,-84.0067005157",10.4515402469,-84.0067005157,"https://static.inaturalist.org/photos/180854156/original.jpeg","jpeg","https://www.inaturalist.org/observations/107521205"
"iNaturalist","image","107521205","Lontra annectens","2022-02-26","14:34","Aaron Ramirez Campos",NA,"10.4515402469,-84.0067005157",10.4515402469,-84.0067005157,"https://static.inaturalist.org/photos/180854166/original.jpeg","jpeg","https://www.inaturalist.org/observations/107521205"
"iNaturalist","image","107521205","Lontra annectens","2022-02-26","14:34","Aaron Ramirez Campos",NA,"10.4515402469,-84.0067005157",10.4515402469,-84.0067005157,"https://static.inaturalist.org/photos/180854174/original.jpeg","jpeg","https://www.inaturalist.org/observations/107521205"
"iNaturalist","image","107521205","Lontra annectens","2022-02-26","14:34","Aaron Ramirez Campos",NA,"10.4515402469,-84.0067005157",10.4515402469,-84.0067005157,"https://static.inaturalist.org/photos/180854192/original.jpeg","jpeg","https://www.inaturalist.org/observations/107521205"
"iNaturalist","image","106834239","Lontra annectens","2022-02-13","16:16","Jonaluna",NA,"2.1661025313,-75.6710828841",2.1661025313,-75.6710828841,"https://static.inaturalist.org/photos/179557393/original.jpeg","jpeg","https://www.inaturalist.org/observations/106834239"
"iNaturalist","image","106834239","Lontra annectens","2022-02-13","16:16","Jonaluna",NA,"2.1661025313,-75.6710828841",2.1661025313,-75.6710828841,"https://static.inaturalist.org/photos/179557406/original.jpeg","jpeg","https://www.inaturalist.org/observations/106834239"
"iNaturalist","image","106500810","Lontra annectens",NA,NA,"Vallarta Botanical Garden",NA,"20.4672779898,-105.2940805256",20.4672779898,-105.2940805256,"https://inaturalist-open-data.s3.amazonaws.com/photos/178916617/original.jpeg","jpeg","https://www.inaturalist.org/observations/106500810"
"iNaturalist","image","106334915","Lontra annectens","2022-01-19","15:27","Michael Bakker Paiva",NA,"0.1781321577,-78.9315471531",0.1781321577,-78.9315471531,"https://inaturalist-open-data.s3.amazonaws.com/photos/178601716/original.jpeg","jpeg","https://www.inaturalist.org/observations/106334915"
"iNaturalist","image","106334915","Lontra annectens","2022-01-19","15:27","Michael Bakker Paiva",NA,"0.1781321577,-78.9315471531",0.1781321577,-78.9315471531,"https://inaturalist-open-data.s3.amazonaws.com/photos/178602033/original.jpg","jpeg","https://www.inaturalist.org/observations/106334915"
"iNaturalist","image","106334915","Lontra annectens","2022-01-19","15:27","Michael Bakker Paiva",NA,"0.1781321577,-78.9315471531",0.1781321577,-78.9315471531,"https://inaturalist-open-data.s3.amazonaws.com/photos/178602025/original.jpg","jpeg","https://www.inaturalist.org/observations/106334915"
"iNaturalist","image","106044047","Lontra annectens","2022-01-18","08:40","Brian Gratwicke",NA,"9.119608,-79.713136",9.119608,-79.713136,"https://inaturalist-open-data.s3.amazonaws.com/photos/178062582/original.jpg","jpeg","https://www.inaturalist.org/observations/106044047"
"iNaturalist","image","105723611","Lontra annectens","2022-01-13","09:21","Don Marsille",NA,"14.5206169508,-91.1392496005",14.5206169508,-91.1392496005,"https://inaturalist-open-data.s3.amazonaws.com/photos/177453242/original.jpg","jpeg","https://www.inaturalist.org/observations/105723611"
"iNaturalist","image","105723611","Lontra annectens","2022-01-13","09:21","Don Marsille",NA,"14.5206169508,-91.1392496005",14.5206169508,-91.1392496005,"https://inaturalist-open-data.s3.amazonaws.com/photos/177453255/original.jpg","jpeg","https://www.inaturalist.org/observations/105723611"
"iNaturalist","image","105723609","Lontra annectens","2022-01-13","09:12","Don Marsille",NA,"14.5204774497,-91.1392496005",14.5204774497,-91.1392496005,"https://inaturalist-open-data.s3.amazonaws.com/photos/177453202/original.jpg","jpeg","https://www.inaturalist.org/observations/105723609"
"iNaturalist","image","105723609","Lontra annectens","2022-01-13","09:12","Don Marsille",NA,"14.5204774497,-91.1392496005",14.5204774497,-91.1392496005,"https://inaturalist-open-data.s3.amazonaws.com/photos/177453216/original.jpg","jpeg","https://www.inaturalist.org/observations/105723609"
"iNaturalist","image","105723609","Lontra annectens","2022-01-13","09:12","Don Marsille",NA,"14.5204774497,-91.1392496005",14.5204774497,-91.1392496005,"https://inaturalist-open-data.s3.amazonaws.com/photos/177453225/original.jpg","jpeg","https://www.inaturalist.org/observations/105723609"
"iNaturalist","image","105517141","Lontra annectens","2022-01-15","08:34","Josh Van Der Meulen",NA,"3.8825866036,-76.3486159444",3.8825866036,-76.3486159444,"https://inaturalist-open-data.s3.amazonaws.com/photos/177055793/original.jpg","jpeg","https://www.inaturalist.org/observations/105517141"
"iNaturalist","image","105359709","Lontra annectens","2022-01-13","10:23","Tlaloc27",NA,"10.4732337584,-84.7599420191",10.4732337584,-84.7599420191,"https://inaturalist-open-data.s3.amazonaws.com/photos/176763186/original.jpg","jpeg","https://www.inaturalist.org/observations/105359709"
"iNaturalist","image","105359709","Lontra annectens","2022-01-13","10:23","Tlaloc27",NA,"10.4732337584,-84.7599420191",10.4732337584,-84.7599420191,"https://inaturalist-open-data.s3.amazonaws.com/photos/176763195/original.jpg","jpeg","https://www.inaturalist.org/observations/105359709"
"iNaturalist","image","105340240","Lontra annectens","2022-01-13","15:14","Pete Siminski",NA,"14.5229246,-91.136243",14.5229246,-91.136243,"https://inaturalist-open-data.s3.amazonaws.com/photos/176725652/original.jpeg","jpeg","https://www.inaturalist.org/observations/105340240"
"iNaturalist","image","105340240","Lontra annectens","2022-01-13","15:14","Pete Siminski",NA,"14.5229246,-91.136243",14.5229246,-91.136243,"https://inaturalist-open-data.s3.amazonaws.com/photos/176725771/original.jpeg","jpeg","https://www.inaturalist.org/observations/105340240"
"iNaturalist","image","105340240","Lontra annectens","2022-01-13","15:14","Pete Siminski",NA,"14.5229246,-91.136243",14.5229246,-91.136243,"https://inaturalist-open-data.s3.amazonaws.com/photos/176725809/original.jpeg","jpeg","https://www.inaturalist.org/observations/105340240"
"iNaturalist","image","105268732","Lontra annectens","2022-01-15","17:59","Julius Stölzle",NA,"10.5865804591,-83.5310192306",10.5865804591,-83.5310192306,"https://inaturalist-open-data.s3.amazonaws.com/photos/176588193/original.png","png","https://www.inaturalist.org/observations/105268732"
"iNaturalist","image","104937399","Lontra annectens","2022-01-10","17:13","Kyle Klotz",NA,"10.4368169014,-83.7876351438",10.4368169014,-83.7876351438,"https://static.inaturalist.org/photos/175950796/original.jpeg","jpeg","https://www.inaturalist.org/observations/104937399"
"iNaturalist","image","104770555","Lontra annectens","2021-11-22","11:34","Luis F. Ramírez",NA,"25.4592367475,-105.1484487297",25.4592367475,-105.1484487297,"https://inaturalist-open-data.s3.amazonaws.com/photos/175630839/original.jpeg","jpeg","https://www.inaturalist.org/observations/104770555"
"iNaturalist","image","104770555","Lontra annectens","2021-11-22","11:34","Luis F. Ramírez",NA,"25.4592367475,-105.1484487297",25.4592367475,-105.1484487297,"https://inaturalist-open-data.s3.amazonaws.com/photos/175630969/original.jpeg","jpeg","https://www.inaturalist.org/observations/104770555"
"iNaturalist","image","104709397","Lontra annectens","2021-12-08","09:54","Miguel Ángel L. Cuéllar",NA,"19.6392808235,-104.5749086756",19.6392808235,-104.5749086756,"https://static.inaturalist.org/photos/175511869/original.jpg","jpeg","https://www.inaturalist.org/observations/104709397"
"iNaturalist","image","104430818","Lontra annectens","2021-12-29","21:19","Rainer Stoll",NA,"9.7283390047,-84.5180063322",9.7283390047,-84.5180063322,"https://static.inaturalist.org/photos/176299484/original.jpeg","jpeg","https://www.inaturalist.org/observations/104430818"
"iNaturalist","image","104402783","Lontra annectens","2016-08-10","23:12","Aloys Pichard",NA,"10.5391084566,-83.515401431",10.5391084566,-83.515401431,"https://inaturalist-open-data.s3.amazonaws.com/photos/174930240/original.jpeg","jpeg","https://www.inaturalist.org/observations/104402783"
"iNaturalist","image","104351276","Lontra annectens",NA,NA,"Eder_herpnandez",NA,"15.1015574605,-92.5938013941",15.1015574605,-92.5938013941,"https://inaturalist-open-data.s3.amazonaws.com/photos/174835345/original.jpeg","jpeg","https://www.inaturalist.org/observations/104351276"
"iNaturalist","image","104351276","Lontra annectens",NA,NA,"Eder_herpnandez",NA,"15.1015574605,-92.5938013941",15.1015574605,-92.5938013941,"https://inaturalist-open-data.s3.amazonaws.com/photos/174835362/original.jpeg","jpeg","https://www.inaturalist.org/observations/104351276"
"iNaturalist","image","103927485","Lontra annectens","2018-01-09","14:05","Alan1234",NA,"10.4435232719,-83.7869276705",10.4435232719,-83.7869276705,"https://inaturalist-open-data.s3.amazonaws.com/photos/174066221/original.jpeg","jpeg","https://www.inaturalist.org/observations/103927485"
"iNaturalist","image","103864141","Lontra annectens","2021-11-22","12:50","Dryas_iulia",NA,"10.5924813889,-83.5269430556",10.5924813889,-83.5269430556,"https://inaturalist-open-data.s3.amazonaws.com/photos/173942234/original.jpeg","jpeg","https://www.inaturalist.org/observations/103864141"
"iNaturalist","image","103830815","Lontra annectens","2018-08-24","09:22","Juan Romero",NA,"-2.1444676965,-79.8691587642",-2.1444676965,-79.8691587642,"https://static.inaturalist.org/photos/173876910/original.jpg","jpeg","https://www.inaturalist.org/observations/103830815"
"iNaturalist","image","103784721","Lontra annectens","2021-12-27","12:48","Paul Foster",NA,"10.3627138889,-84.1020888889",10.3627138889,-84.1020888889,"https://inaturalist-open-data.s3.amazonaws.com/photos/173784688/original.jpeg","jpeg","https://www.inaturalist.org/observations/103784721"
"iNaturalist","image","103334000","Lontra annectens","2021-03-21","11:44","Galo Chiriboga j",NA,"-0.3646316126,-79.2700582473",-0.3646316126,-79.2700582473,"https://inaturalist-open-data.s3.amazonaws.com/photos/172917764/original.png","png","https://www.inaturalist.org/observations/103334000"
"iNaturalist","image","103334000","Lontra annectens","2021-03-21","11:44","Galo Chiriboga j",NA,"-0.3646316126,-79.2700582473",-0.3646316126,-79.2700582473,"https://inaturalist-open-data.s3.amazonaws.com/photos/172917753/original.png","png","https://www.inaturalist.org/observations/103334000"
"iNaturalist","image","103334000","Lontra annectens","2021-03-21","11:44","Galo Chiriboga j",NA,"-0.3646316126,-79.2700582473",-0.3646316126,-79.2700582473,"https://inaturalist-open-data.s3.amazonaws.com/photos/172917741/original.png","png","https://www.inaturalist.org/observations/103334000"
"iNaturalist","image","103115564","Lontra annectens","2021-12-14","08:39","Kevin Serrano",NA,"14.0743022384,-88.8314721733",14.0743022384,-88.8314721733,"https://static.inaturalist.org/photos/172513282/original.jpeg","jpeg","https://www.inaturalist.org/observations/103115564"
"iNaturalist","image","103115564","Lontra annectens","2021-12-14","08:39","Kevin Serrano",NA,"14.0743022384,-88.8314721733",14.0743022384,-88.8314721733,"https://static.inaturalist.org/photos/172513298/original.jpeg","jpeg","https://www.inaturalist.org/observations/103115564"
"iNaturalist","image","103115564","Lontra annectens","2021-12-14","08:39","Kevin Serrano",NA,"14.0743022384,-88.8314721733",14.0743022384,-88.8314721733,"https://static.inaturalist.org/photos/172513313/original.jpeg","jpeg","https://www.inaturalist.org/observations/103115564"
"iNaturalist","image","103078827","Lontra annectens","2021-11-22","19:55","Jonas Konicek",NA,"10.5790187542,-83.548439257",10.5790187542,-83.548439257,"https://inaturalist-open-data.s3.amazonaws.com/photos/172443307/original.jpg","jpeg","https://www.inaturalist.org/observations/103078827"
"iNaturalist","image","103078827","Lontra annectens","2021-11-22","19:55","Jonas Konicek",NA,"10.5790187542,-83.548439257",10.5790187542,-83.548439257,"https://inaturalist-open-data.s3.amazonaws.com/photos/172443296/original.jpg","jpeg","https://www.inaturalist.org/observations/103078827"
"iNaturalist","image","103078827","Lontra annectens","2021-11-22","19:55","Jonas Konicek",NA,"10.5790187542,-83.548439257",10.5790187542,-83.548439257,"https://inaturalist-open-data.s3.amazonaws.com/photos/172443302/original.jpg","jpeg","https://www.inaturalist.org/observations/103078827"
"iNaturalist","image","103078827","Lontra annectens","2021-11-22","19:55","Jonas Konicek",NA,"10.5790187542,-83.548439257",10.5790187542,-83.548439257,"https://inaturalist-open-data.s3.amazonaws.com/photos/172443316/original.jpg","jpeg","https://www.inaturalist.org/observations/103078827"
"iNaturalist","image","103058685","Lontra annectens","2021-11-28","10:14","Alejandro Arango",NA,"6.4150710549,-75.1527590677",6.4150710549,-75.1527590677,"https://inaturalist-open-data.s3.amazonaws.com/photos/172404080/original.jpeg","jpeg","https://www.inaturalist.org/observations/103058685"
"iNaturalist","image","103049172","Lontra annectens","2021-12-11","07:13","Bryan Ausinheiler",NA,"9.2984035246,-79.7669005756",9.2984035246,-79.7669005756,"https://static.inaturalist.org/photos/172385029/original.jpeg","jpeg","https://www.inaturalist.org/observations/103049172"
"iNaturalist","image","102611411","Lontra annectens","2021-12-04","09:45","Luis David Pérez Gracida",NA,"18.899304,-96.806745",18.899304,-96.806745,"https://inaturalist-open-data.s3.amazonaws.com/photos/171568838/original.jpeg","jpeg","https://www.inaturalist.org/observations/102611411"
"iNaturalist","image","102594816","Lontra annectens","2007-08-14","06:54","Jamie Simmons",NA,"10.5834714412,-83.534202575",10.5834714412,-83.534202575,"https://inaturalist-open-data.s3.amazonaws.com/photos/171537234/original.jpg","jpeg","https://www.inaturalist.org/observations/102594816"
"iNaturalist","image","102151908","Lontra annectens","2018-01-08","12:20","Kyle Klotz",NA,"10.4419822225,-83.7875402717",10.4419822225,-83.7875402717,"https://static.inaturalist.org/photos/170703734/original.jpg","jpeg","https://www.inaturalist.org/observations/102151908"
"iNaturalist","image","102044843","Lontra annectens","2021-11-27","19:10","Liz_toribio",NA,"9.1702352907,-79.5477627894",9.1702352907,-79.5477627894,"https://inaturalist-open-data.s3.amazonaws.com/photos/170507352/original.jpg","jpeg","https://www.inaturalist.org/observations/102044843"
"iNaturalist","image","101972779","Lontra annectens","2021-11-09","10:18","Arles García",NA,"15.781100576,-87.1381869167",15.781100576,-87.1381869167,"https://inaturalist-open-data.s3.amazonaws.com/photos/170371665/original.jpeg","jpeg","https://www.inaturalist.org/observations/101972779"
"iNaturalist","image","101950069","Lontra annectens","2021-11-23","14:21","Angel Omar Salinas Andrade",NA,"23.9049212509,-104.2050459926",23.9049212509,-104.2050459926,"https://inaturalist-open-data.s3.amazonaws.com/photos/170328972/original.jpeg","jpeg","https://www.inaturalist.org/observations/101950069"
"iNaturalist","image","101950069","Lontra annectens","2021-11-23","14:21","Angel Omar Salinas Andrade",NA,"23.9049212509,-104.2050459926",23.9049212509,-104.2050459926,"https://inaturalist-open-data.s3.amazonaws.com/photos/170328984/original.jpeg","jpeg","https://www.inaturalist.org/observations/101950069"
"iNaturalist","image","101950069","Lontra annectens","2021-11-23","14:21","Angel Omar Salinas Andrade",NA,"23.9049212509,-104.2050459926",23.9049212509,-104.2050459926,"https://inaturalist-open-data.s3.amazonaws.com/photos/170329010/original.jpeg","jpeg","https://www.inaturalist.org/observations/101950069"
"iNaturalist","image","101942375","Lontra annectens","2021-11-14","20:56","Allison Kreis",NA,"28.968005,-109.190828",28.968005,-109.190828,"https://inaturalist-open-data.s3.amazonaws.com/photos/170315895/original.png","png","https://www.inaturalist.org/observations/101942375"
"iNaturalist","image","101942373","Lontra annectens","2021-11-14","20:56","Allison Kreis",NA,"28.9680381454,-109.190830824",28.9680381454,-109.190830824,"https://inaturalist-open-data.s3.amazonaws.com/photos/170315867/original.png","png","https://www.inaturalist.org/observations/101942373"
"iNaturalist","image","101861782","Lontra annectens","2021-11-22","11:53","Julius Stölzle",NA,"10.5913255561,-83.5286238048",10.5913255561,-83.5286238048,"https://inaturalist-open-data.s3.amazonaws.com/photos/170164890/original.png","png","https://www.inaturalist.org/observations/101861782"
"iNaturalist","image","101861782","Lontra annectens","2021-11-22","11:53","Julius Stölzle",NA,"10.5913255561,-83.5286238048",10.5913255561,-83.5286238048,"https://inaturalist-open-data.s3.amazonaws.com/photos/170164900/original.png","png","https://www.inaturalist.org/observations/101861782"
"iNaturalist","image","101861782","Lontra annectens","2021-11-22","11:53","Julius Stölzle",NA,"10.5913255561,-83.5286238048",10.5913255561,-83.5286238048,"https://inaturalist-open-data.s3.amazonaws.com/photos/170164682/original.jpeg","jpeg","https://www.inaturalist.org/observations/101861782"
"iNaturalist","image","101712824","Lontra annectens","2021-11-21","14:47","Mary_deaquino",NA,"-0.0813410884,-78.7698945098",-0.0813410884,-78.7698945098,"https://inaturalist-open-data.s3.amazonaws.com/photos/169888904/original.jpg","jpeg","https://www.inaturalist.org/observations/101712824"
"iNaturalist","image","101625714","Lontra annectens","2021-11-16","11:40","Bryan Ausinheiler",NA,"9.11917072,-79.71291802",9.11917072,-79.71291802,"https://static.inaturalist.org/photos/169732361/original.jpeg","jpeg","https://www.inaturalist.org/observations/101625714"
"iNaturalist","image","101625714","Lontra annectens","2021-11-16","11:40","Bryan Ausinheiler",NA,"9.11917072,-79.71291802",9.11917072,-79.71291802,"https://static.inaturalist.org/photos/169732385/original.jpeg","jpeg","https://www.inaturalist.org/observations/101625714"
"iNaturalist","image","101625714","Lontra annectens","2021-11-16","11:40","Bryan Ausinheiler",NA,"9.11917072,-79.71291802",9.11917072,-79.71291802,"https://static.inaturalist.org/photos/169732405/original.jpeg","jpeg","https://www.inaturalist.org/observations/101625714"
"iNaturalist","image","101574410","Lontra annectens","2021-11-20","11:38","Luis David Pérez Gracida",NA,"18.8995749722,-96.806532",18.8995749722,-96.806532,"https://inaturalist-open-data.s3.amazonaws.com/photos/169647989/original.jpeg","jpeg","https://www.inaturalist.org/observations/101574410"
"iNaturalist","image","101574410","Lontra annectens","2021-11-20","11:38","Luis David Pérez Gracida",NA,"18.8995749722,-96.806532",18.8995749722,-96.806532,"https://inaturalist-open-data.s3.amazonaws.com/photos/169648025/original.jpeg","jpeg","https://www.inaturalist.org/observations/101574410"
"iNaturalist","image","101574354","Lontra annectens","2021-11-20","11:48","Luis David Pérez Gracida",NA,"18.8993089722,-96.806711",18.8993089722,-96.806711,"https://inaturalist-open-data.s3.amazonaws.com/photos/169647879/original.jpeg","jpeg","https://www.inaturalist.org/observations/101574354"
"iNaturalist","image","101574354","Lontra annectens","2021-11-20","11:48","Luis David Pérez Gracida",NA,"18.8993089722,-96.806711",18.8993089722,-96.806711,"https://inaturalist-open-data.s3.amazonaws.com/photos/169647890/original.jpeg","jpeg","https://www.inaturalist.org/observations/101574354"
"iNaturalist","image","101574354","Lontra annectens","2021-11-20","11:48","Luis David Pérez Gracida",NA,"18.8993089722,-96.806711",18.8993089722,-96.806711,"https://inaturalist-open-data.s3.amazonaws.com/photos/169647925/original.jpeg","jpeg","https://www.inaturalist.org/observations/101574354"
"iNaturalist","image","101574302","Lontra annectens","2021-11-20","12:19","Luis David Pérez Gracida",NA,"18.8988779722,-96.8088769722",18.8988779722,-96.8088769722,"https://inaturalist-open-data.s3.amazonaws.com/photos/169647712/original.jpeg","jpeg","https://www.inaturalist.org/observations/101574302"
"iNaturalist","image","101574302","Lontra annectens","2021-11-20","12:19","Luis David Pérez Gracida",NA,"18.8988779722,-96.8088769722",18.8988779722,-96.8088769722,"https://inaturalist-open-data.s3.amazonaws.com/photos/169647761/original.jpeg","jpeg","https://www.inaturalist.org/observations/101574302"
"iNaturalist","image","101574302","Lontra annectens","2021-11-20","12:19","Luis David Pérez Gracida",NA,"18.8988779722,-96.8088769722",18.8988779722,-96.8088769722,"https://inaturalist-open-data.s3.amazonaws.com/photos/169647778/original.jpeg","jpeg","https://www.inaturalist.org/observations/101574302"
"iNaturalist","image","101574200","Lontra annectens","2021-11-20","11:54","Luis David Pérez Gracida",NA,"18.8991579722,-96.806674",18.8991579722,-96.806674,"https://inaturalist-open-data.s3.amazonaws.com/photos/169647492/original.jpeg","jpeg","https://www.inaturalist.org/observations/101574200"
"iNaturalist","image","101574200","Lontra annectens","2021-11-20","11:54","Luis David Pérez Gracida",NA,"18.8991579722,-96.806674",18.8991579722,-96.806674,"https://inaturalist-open-data.s3.amazonaws.com/photos/169647513/original.jpeg","jpeg","https://www.inaturalist.org/observations/101574200"
"iNaturalist","image","101574065","Lontra annectens","2021-11-20","12:34","Luis David Pérez Gracida",NA,"18.9004119722,-96.8089329722",18.9004119722,-96.8089329722,"https://inaturalist-open-data.s3.amazonaws.com/photos/169647255/original.jpeg","jpeg","https://www.inaturalist.org/observations/101574065"
"iNaturalist","image","101574065","Lontra annectens","2021-11-20","12:34","Luis David Pérez Gracida",NA,"18.9004119722,-96.8089329722",18.9004119722,-96.8089329722,"https://inaturalist-open-data.s3.amazonaws.com/photos/169647270/original.jpeg","jpeg","https://www.inaturalist.org/observations/101574065"
"iNaturalist","image","101574065","Lontra annectens","2021-11-20","12:34","Luis David Pérez Gracida",NA,"18.9004119722,-96.8089329722",18.9004119722,-96.8089329722,"https://inaturalist-open-data.s3.amazonaws.com/photos/169647287/original.jpeg","jpeg","https://www.inaturalist.org/observations/101574065"
"iNaturalist","image","101574065","Lontra annectens","2021-11-20","12:34","Luis David Pérez Gracida",NA,"18.9004119722,-96.8089329722",18.9004119722,-96.8089329722,"https://inaturalist-open-data.s3.amazonaws.com/photos/169647300/original.jpeg","jpeg","https://www.inaturalist.org/observations/101574065"
"iNaturalist","image","101573956","Lontra annectens","2021-11-20","12:46","Luis David Pérez Gracida",NA,"18.900306,-96.8090339722",18.900306,-96.8090339722,"https://inaturalist-open-data.s3.amazonaws.com/photos/169647026/original.jpeg","jpeg","https://www.inaturalist.org/observations/101573956"
"iNaturalist","image","101573956","Lontra annectens","2021-11-20","12:46","Luis David Pérez Gracida",NA,"18.900306,-96.8090339722",18.900306,-96.8090339722,"https://inaturalist-open-data.s3.amazonaws.com/photos/169647036/original.jpeg","jpeg","https://www.inaturalist.org/observations/101573956"
"iNaturalist","image","101573956","Lontra annectens","2021-11-20","12:46","Luis David Pérez Gracida",NA,"18.900306,-96.8090339722",18.900306,-96.8090339722,"https://inaturalist-open-data.s3.amazonaws.com/photos/169647056/original.jpeg","jpeg","https://www.inaturalist.org/observations/101573956"
"iNaturalist","image","101573956","Lontra annectens","2021-11-20","12:46","Luis David Pérez Gracida",NA,"18.900306,-96.8090339722",18.900306,-96.8090339722,"https://inaturalist-open-data.s3.amazonaws.com/photos/169647081/original.jpeg","jpeg","https://www.inaturalist.org/observations/101573956"
"iNaturalist","image","101573956","Lontra annectens","2021-11-20","12:46","Luis David Pérez Gracida",NA,"18.900306,-96.8090339722",18.900306,-96.8090339722,"https://inaturalist-open-data.s3.amazonaws.com/photos/169647095/original.jpeg","jpeg","https://www.inaturalist.org/observations/101573956"
"iNaturalist","image","101463776","Lontra annectens","2021-11-19","08:11","Yeysonandrade",NA,"14.856015079,-87.9545239359",14.856015079,-87.9545239359,"https://inaturalist-open-data.s3.amazonaws.com/photos/169459216/original.jpeg","jpeg","https://www.inaturalist.org/observations/101463776"
"iNaturalist","image","101463776","Lontra annectens","2021-11-19","08:11","Yeysonandrade",NA,"14.856015079,-87.9545239359",14.856015079,-87.9545239359,"https://inaturalist-open-data.s3.amazonaws.com/photos/169459232/original.jpeg","jpeg","https://www.inaturalist.org/observations/101463776"
"iNaturalist","image","101463776","Lontra annectens","2021-11-19","08:11","Yeysonandrade",NA,"14.856015079,-87.9545239359",14.856015079,-87.9545239359,"https://inaturalist-open-data.s3.amazonaws.com/photos/169459243/original.jpeg","jpeg","https://www.inaturalist.org/observations/101463776"
"iNaturalist","image","101403924","Lontra annectens","2021-11-13","12:27","Josepineda",NA,"22.225392465,-103.4935577704",22.225392465,-103.4935577704,"https://inaturalist-open-data.s3.amazonaws.com/photos/169348738/original.jpg","jpeg","https://www.inaturalist.org/observations/101403924"
"iNaturalist","image","101231112","Lontra annectens","2021-11-14","23:45","Fernando Buenrostro",NA,"20.3596812765,-103.9679112285",20.3596812765,-103.9679112285,"https://static.inaturalist.org/photos/169032381/original.jpeg","jpeg","https://www.inaturalist.org/observations/101231112"
"iNaturalist","image","101231112","Lontra annectens","2021-11-14","23:45","Fernando Buenrostro",NA,"20.3596812765,-103.9679112285",20.3596812765,-103.9679112285,"https://static.inaturalist.org/photos/169032481/original.jpeg","jpeg","https://www.inaturalist.org/observations/101231112"
"iNaturalist","image","101169890","Lontra annectens",NA,NA,"Benjamin Navas",NA,"-2.1928295007,-79.8795479536",-2.1928295007,-79.8795479536,"https://static.inaturalist.org/photos/168922028/original.jpeg","jpeg","https://www.inaturalist.org/observations/101169890"
"iNaturalist","image","101161405","Lontra annectens","2011-02-04","07:11","Luis Herrera Hn",NA,"15.8622360893,-87.6096403355",15.8622360893,-87.6096403355,"https://static.inaturalist.org/photos/168901323/original.jpeg","jpeg","https://www.inaturalist.org/observations/101161405"
"iNaturalist","image","101050242","Lontra annectens","2021-11-06","10:18","Kcarrol2",NA,"10.8897287,-84.7840067",10.8897287,-84.7840067,"https://inaturalist-open-data.s3.amazonaws.com/photos/168711572/original.jpeg","jpeg","https://www.inaturalist.org/observations/101050242"
"iNaturalist","image","100820949","Lontra annectens","2021-11-07","09:47","Oliver Komar",NA,"13.9999649157,-86.9901009676",13.9999649157,-86.9901009676,"https://inaturalist-open-data.s3.amazonaws.com/photos/168310309/original.jpeg","jpeg","https://www.inaturalist.org/observations/100820949"
"iNaturalist","image","100820949","Lontra annectens","2021-11-07","09:47","Oliver Komar",NA,"13.9999649157,-86.9901009676",13.9999649157,-86.9901009676,"https://inaturalist-open-data.s3.amazonaws.com/photos/168310323/original.jpeg","jpeg","https://www.inaturalist.org/observations/100820949"
"iNaturalist","image","100566475","Lontra annectens","2021-10-09","17:46","Paula Pineda",NA,"19.1039719108,-96.1596203058",19.1039719108,-96.1596203058,"https://inaturalist-open-data.s3.amazonaws.com/photos/167867685/original.jpeg","jpeg","https://www.inaturalist.org/observations/100566475"
"iNaturalist","image","100455547","Lontra annectens","2021-11-06","11:31","Luis David Pérez Gracida",NA,"18.9048219722,-96.811441",18.9048219722,-96.811441,"https://inaturalist-open-data.s3.amazonaws.com/photos/167666038/original.jpeg","jpeg","https://www.inaturalist.org/observations/100455547"
"iNaturalist","image","100454701","Lontra annectens","2021-11-06","11:28","Luis David Pérez Gracida",NA,"18.9047449722,-96.8116509722",18.9047449722,-96.8116509722,"https://inaturalist-open-data.s3.amazonaws.com/photos/167664254/original.jpeg","jpeg","https://www.inaturalist.org/observations/100454701"
"iNaturalist","image","100341512","Lontra annectens","2021-11-04","05:23","Chris Estrada",NA,"15.8262030413,-89.8964446038",15.8262030413,-89.8964446038,"https://static.inaturalist.org/photos/167457982/original.jpeg","jpeg","https://www.inaturalist.org/observations/100341512"
"iNaturalist","image","100252508","Lontra annectens","2021-11-04","10:40","Francisco Juárez",NA,"10.3772693966,-83.9740015348",10.3772693966,-83.9740015348,"https://static.inaturalist.org/photos/167293108/original.jpeg","jpeg","https://www.inaturalist.org/observations/100252508"
"iNaturalist","image","100252508","Lontra annectens","2021-11-04","10:40","Francisco Juárez",NA,"10.3772693966,-83.9740015348",10.3772693966,-83.9740015348,"https://static.inaturalist.org/photos/167293131/original.jpeg","jpeg","https://www.inaturalist.org/observations/100252508"
"iNaturalist","image","100252508","Lontra annectens","2021-11-04","10:40","Francisco Juárez",NA,"10.3772693966,-83.9740015348",10.3772693966,-83.9740015348,"https://static.inaturalist.org/photos/167293181/original.jpeg","jpeg","https://www.inaturalist.org/observations/100252508"
"iNaturalist","image","100160369","Lontra annectens",NA,NA,"Daniel Garza Tobón",NA,"22.3015359624,-97.9448855201",22.3015359624,-97.9448855201,"https://static.inaturalist.org/photos/167129830/original.jpg","jpeg","https://www.inaturalist.org/observations/100160369"
"iNaturalist","image","99588846","Lontra annectens","2021-10-27","12:47","Jorge Eduardo Torres Suárez",NA,"17.4287023,-96.2223665",17.4287023,-96.2223665,"https://inaturalist-open-data.s3.amazonaws.com/photos/166047242/original.jpeg","jpeg","https://www.inaturalist.org/observations/99588846"
"iNaturalist","image","97506602","Lontra annectens","2021-10-07","12:21","J. Fernando Pío León",NA,"24.5271440494,-106.7719512371",24.5271440494,-106.7719512371,"https://inaturalist-open-data.s3.amazonaws.com/photos/162175769/original.jpeg","jpeg","https://www.inaturalist.org/observations/97506602"
"iNaturalist","image","97506602","Lontra annectens","2021-10-07","12:21","J. Fernando Pío León",NA,"24.5271440494,-106.7719512371",24.5271440494,-106.7719512371,"https://inaturalist-open-data.s3.amazonaws.com/photos/162175791/original.jpeg","jpeg","https://www.inaturalist.org/observations/97506602"
"iNaturalist","image","95206750","Lontra annectens","2021-09-16","09:34","La Rata Mutante",NA,"15.8039311008,-96.0513653",15.8039311008,-96.0513653,"https://inaturalist-open-data.s3.amazonaws.com/photos/158025915/original.jpeg","jpeg","https://www.inaturalist.org/observations/95206750"
"iNaturalist","image","95206750","Lontra annectens","2021-09-16","09:34","La Rata Mutante",NA,"15.8039311008,-96.0513653",15.8039311008,-96.0513653,"https://inaturalist-open-data.s3.amazonaws.com/photos/158024211/original.jpeg","jpeg","https://www.inaturalist.org/observations/95206750"
"iNaturalist","image","94513172","Lontra annectens","2017-11-10","09:48","Bruno Drolet",NA,"10.4413088393,-84.0104301969",10.4413088393,-84.0104301969,"https://inaturalist-open-data.s3.amazonaws.com/photos/156788705/original.jpeg","jpeg","https://www.inaturalist.org/observations/94513172"
"iNaturalist","image","94513172","Lontra annectens","2017-11-10","09:48","Bruno Drolet",NA,"10.4413088393,-84.0104301969",10.4413088393,-84.0104301969,"https://inaturalist-open-data.s3.amazonaws.com/photos/156788979/original.jpeg","jpeg","https://www.inaturalist.org/observations/94513172"
"iNaturalist","image","94513172","Lontra annectens","2017-11-10","09:48","Bruno Drolet",NA,"10.4413088393,-84.0104301969",10.4413088393,-84.0104301969,"https://inaturalist-open-data.s3.amazonaws.com/photos/156789158/original.jpeg","jpeg","https://www.inaturalist.org/observations/94513172"
"iNaturalist","image","93115434","Lontra annectens","2021-08-11","14:19","Leticia Soriano Flores",NA,"17.8887269073,-96.9942664257",17.8887269073,-96.9942664257,"https://inaturalist-open-data.s3.amazonaws.com/photos/154281553/original.jpeg","jpeg","https://www.inaturalist.org/observations/93115434"
"iNaturalist","image","92637649","Lontra annectens","2021-08-26","16:30","Francisco José Valladares",NA,"-2.1946115275,-79.8795942217",-2.1946115275,-79.8795942217,"https://static.inaturalist.org/photos/153417225/original.jpeg","jpeg","https://www.inaturalist.org/observations/92637649"
"iNaturalist","image","92637649","Lontra annectens","2021-08-26","16:30","Francisco José Valladares",NA,"-2.1946115275,-79.8795942217",-2.1946115275,-79.8795942217,"https://static.inaturalist.org/photos/153417232/original.jpeg","jpeg","https://www.inaturalist.org/observations/92637649"
"iNaturalist","image","92637649","Lontra annectens","2021-08-26","16:30","Francisco José Valladares",NA,"-2.1946115275,-79.8795942217",-2.1946115275,-79.8795942217,"https://static.inaturalist.org/photos/153417236/original.jpeg","jpeg","https://www.inaturalist.org/observations/92637649"
"iNaturalist","image","91494110","Lontra annectens","2021-08-15","14:44","Sergio Escutia",NA,"23.9204416667,-106.3213055556",23.9204416667,-106.3213055556,"https://static.inaturalist.org/photos/151350539/original.jpg","jpeg","https://www.inaturalist.org/observations/91494110"
"iNaturalist","image","91494110","Lontra annectens","2021-08-15","14:44","Sergio Escutia",NA,"23.9204416667,-106.3213055556",23.9204416667,-106.3213055556,"https://static.inaturalist.org/photos/151350553/original.jpg","jpeg","https://www.inaturalist.org/observations/91494110"
"iNaturalist","image","91494110","Lontra annectens","2021-08-15","14:44","Sergio Escutia",NA,"23.9204416667,-106.3213055556",23.9204416667,-106.3213055556,"https://static.inaturalist.org/photos/151350598/original.jpg","jpeg","https://www.inaturalist.org/observations/91494110"
"iNaturalist","image","91494110","Lontra annectens","2021-08-15","14:44","Sergio Escutia",NA,"23.9204416667,-106.3213055556",23.9204416667,-106.3213055556,"https://static.inaturalist.org/photos/151350460/original.jpg","jpeg","https://www.inaturalist.org/observations/91494110"
"iNaturalist","image","91488119","Lontra annectens","2021-08-05","15:00","Sergio Escutia",NA,"23.9196391779,-106.3214891324",23.9196391779,-106.3214891324,"https://static.inaturalist.org/photos/151129481/original.png","png","https://www.inaturalist.org/observations/91488119"
"iNaturalist","image","91488119","Lontra annectens","2021-08-05","15:00","Sergio Escutia",NA,"23.9196391779,-106.3214891324",23.9196391779,-106.3214891324,"https://static.inaturalist.org/photos/151129458/original.png","png","https://www.inaturalist.org/observations/91488119"
"iNaturalist","image","91488119","Lontra annectens","2021-08-05","15:00","Sergio Escutia",NA,"23.9196391779,-106.3214891324",23.9196391779,-106.3214891324,"https://static.inaturalist.org/photos/151129442/original.png","png","https://www.inaturalist.org/observations/91488119"
"iNaturalist","image","91488117","Lontra annectens","2021-08-05","12:33","Sergio Escutia",NA,"23.9196686,-106.3214891324",23.9196686,-106.3214891324,"https://static.inaturalist.org/photos/151129373/original.png","png","https://www.inaturalist.org/observations/91488117"
"iNaturalist","image","91204022","Lontra annectens","2021-08-14","02:15","Sergio Escutia",NA,"23.9156965414,-106.3203585682",23.9156965414,-106.3203585682,"https://static.inaturalist.org/photos/150822547/original.jpg","jpeg","https://www.inaturalist.org/observations/91204022"
"iNaturalist","image","90453948","Lontra annectens","2019-04-08","09:12","Jefferson Ashby",NA,"10.4488767,-83.5069226",10.4488767,-83.5069226,"https://inaturalist-open-data.s3.amazonaws.com/photos/149495871/original.jpg","jpeg","https://www.inaturalist.org/observations/90453948"
"iNaturalist","image","90389620","Lontra annectens","2021-08-08","03:29","Diana Rojas",NA,"10.7312906752,-85.0584151223",10.7312906752,-85.0584151223,"https://static.inaturalist.org/photos/149386177/original.jpeg","jpeg","https://www.inaturalist.org/observations/90389620"
"iNaturalist","image","90389291","Lontra annectens","2021-08-08","03:29","Diana Rojas",NA,"10.7312906752,-85.0584151223",10.7312906752,-85.0584151223,"https://static.inaturalist.org/photos/149385627/original.jpeg","jpeg","https://www.inaturalist.org/observations/90389291"
"iNaturalist","image","87769543","Lontra annectens","2021-07-19","09:59","Alex Castelein",NA,"10.5947201035,-83.5294486074",10.5947201035,-83.5294486074,"https://inaturalist-open-data.s3.amazonaws.com/photos/144741721/original.jpg","jpeg","https://www.inaturalist.org/observations/87769543"
"iNaturalist","image","87769543","Lontra annectens","2021-07-19","09:59","Alex Castelein",NA,"10.5947201035,-83.5294486074",10.5947201035,-83.5294486074,"https://inaturalist-open-data.s3.amazonaws.com/photos/144741742/original.jpg","jpeg","https://www.inaturalist.org/observations/87769543"
"iNaturalist","image","87769543","Lontra annectens","2021-07-19","09:59","Alex Castelein",NA,"10.5947201035,-83.5294486074",10.5947201035,-83.5294486074,"https://inaturalist-open-data.s3.amazonaws.com/photos/144741766/original.jpg","jpeg","https://www.inaturalist.org/observations/87769543"
"iNaturalist","image","87769543","Lontra annectens","2021-07-19","09:59","Alex Castelein",NA,"10.5947201035,-83.5294486074",10.5947201035,-83.5294486074,"https://inaturalist-open-data.s3.amazonaws.com/photos/144741785/original.jpg","jpeg","https://www.inaturalist.org/observations/87769543"
"iNaturalist","image","87769543","Lontra annectens","2021-07-19","09:59","Alex Castelein",NA,"10.5947201035,-83.5294486074",10.5947201035,-83.5294486074,"https://inaturalist-open-data.s3.amazonaws.com/photos/144741794/original.jpg","jpeg","https://www.inaturalist.org/observations/87769543"
"iNaturalist","image","86097726","Lontra annectens","2021-07-03","06:32","Jenmyers1711",NA,"9.3778299466,-84.0458610197",9.3778299466,-84.0458610197,"https://static.inaturalist.org/photos/141777337/original.jpg","jpeg","https://www.inaturalist.org/observations/86097726"
"iNaturalist","image","84747897","Lontra annectens","2021-03-27","09:28","Miguelaporta",NA,"-1.6918332554,-79.5828532172",-1.6918332554,-79.5828532172,"https://inaturalist-open-data.s3.amazonaws.com/photos/139309716/original.jpeg","jpeg","https://www.inaturalist.org/observations/84747897"
"iNaturalist","image","84747897","Lontra annectens","2021-03-27","09:28","Miguelaporta",NA,"-1.6918332554,-79.5828532172",-1.6918332554,-79.5828532172,"https://inaturalist-open-data.s3.amazonaws.com/photos/139309820/original.jpeg","jpeg","https://www.inaturalist.org/observations/84747897"
"iNaturalist","image","84747885","Lontra annectens","2021-01-18","17:22","Miguelaporta",NA,"-1.6918332554,-79.5828532172",-1.6918332554,-79.5828532172,"https://inaturalist-open-data.s3.amazonaws.com/photos/139307137/original.jpeg","jpeg","https://www.inaturalist.org/observations/84747885"
"iNaturalist","image","84747885","Lontra annectens","2021-01-18","17:22","Miguelaporta",NA,"-1.6918332554,-79.5828532172",-1.6918332554,-79.5828532172,"https://inaturalist-open-data.s3.amazonaws.com/photos/139307248/original.jpeg","jpeg","https://www.inaturalist.org/observations/84747885"
"iNaturalist","image","84747885","Lontra annectens","2021-01-18","17:22","Miguelaporta",NA,"-1.6918332554,-79.5828532172",-1.6918332554,-79.5828532172,"https://inaturalist-open-data.s3.amazonaws.com/photos/139307368/original.jpeg","jpeg","https://www.inaturalist.org/observations/84747885"
"iNaturalist","image","84322954","Lontra annectens","2021-06-24","12:09","Homero Bennet",NA,"18.01569238,-94.1030150819",18.01569238,-94.1030150819,"https://static.inaturalist.org/photos/138578493/original.jpeg","jpeg","https://www.inaturalist.org/observations/84322954"
"iNaturalist","image","84322954","Lontra annectens","2021-06-24","12:09","Homero Bennet",NA,"18.01569238,-94.1030150819",18.01569238,-94.1030150819,"https://static.inaturalist.org/photos/138578543/original.jpeg","jpeg","https://www.inaturalist.org/observations/84322954"
"iNaturalist","image","83666996","Lontra annectens","2020-12-19","19:33","Beto Garrigues Herrera",NA,"10.4232670217,-84.0220300108",10.4232670217,-84.0220300108,"https://static.inaturalist.org/photos/137432787/original.jpeg","jpeg","https://www.inaturalist.org/observations/83666996"
"iNaturalist","image","83666996","Lontra annectens","2020-12-19","19:33","Beto Garrigues Herrera",NA,"10.4232670217,-84.0220300108",10.4232670217,-84.0220300108,"https://static.inaturalist.org/photos/137432815/original.jpeg","jpeg","https://www.inaturalist.org/observations/83666996"
"iNaturalist","image","83440362","Lontra annectens","2021-06-17","16:18","Asa Hell Acero",NA,"21.4818915816,-104.8576386928",21.4818915816,-104.8576386928,"https://inaturalist-open-data.s3.amazonaws.com/photos/137039197/original.jpg","jpeg","https://www.inaturalist.org/observations/83440362"
"iNaturalist","image","83440362","Lontra annectens","2021-06-17","16:18","Asa Hell Acero",NA,"21.4818915816,-104.8576386928",21.4818915816,-104.8576386928,"https://inaturalist-open-data.s3.amazonaws.com/photos/137039232/original.jpg","jpeg","https://www.inaturalist.org/observations/83440362"
"iNaturalist","image","83440362","Lontra annectens","2021-06-17","16:18","Asa Hell Acero",NA,"21.4818915816,-104.8576386928",21.4818915816,-104.8576386928,"https://inaturalist-open-data.s3.amazonaws.com/photos/137039268/original.jpg","jpeg","https://www.inaturalist.org/observations/83440362"
"iNaturalist","image","83440362","Lontra annectens","2021-06-17","16:18","Asa Hell Acero",NA,"21.4818915816,-104.8576386928",21.4818915816,-104.8576386928,"https://inaturalist-open-data.s3.amazonaws.com/photos/137039301/original.jpg","jpeg","https://www.inaturalist.org/observations/83440362"
"iNaturalist","image","83002186","Lontra annectens","2021-06-13","09:02","Jose Antonio Hernandez Prats",NA,"23.5225472961,-106.1909253994",23.5225472961,-106.1909253994,"https://static.inaturalist.org/photos/136278403/original.jpg","jpeg","https://www.inaturalist.org/observations/83002186"
"iNaturalist","image","83002186","Lontra annectens","2021-06-13","09:02","Jose Antonio Hernandez Prats",NA,"23.5225472961,-106.1909253994",23.5225472961,-106.1909253994,"https://static.inaturalist.org/photos/136281236/original.jpg","jpeg","https://www.inaturalist.org/observations/83002186"
"iNaturalist","image","83002186","Lontra annectens","2021-06-13","09:02","Jose Antonio Hernandez Prats",NA,"23.5225472961,-106.1909253994",23.5225472961,-106.1909253994,"https://static.inaturalist.org/photos/136281240/original.jpg","jpeg","https://www.inaturalist.org/observations/83002186"
"iNaturalist","image","83002186","Lontra annectens","2021-06-13","09:02","Jose Antonio Hernandez Prats",NA,"23.5225472961,-106.1909253994",23.5225472961,-106.1909253994,"https://static.inaturalist.org/photos/136281242/original.jpg","jpeg","https://www.inaturalist.org/observations/83002186"
"iNaturalist","image","81241125","Lontra annectens","2021-04-06","07:03","Dirk Feldhaus Marquard",NA,"16.300885,-90.8783366667",16.300885,-90.8783366667,"https://inaturalist-open-data.s3.amazonaws.com/photos/133233340/original.jpg","jpeg","https://www.inaturalist.org/observations/81241125"
"iNaturalist","image","80929430","Lontra annectens","2021-05-28","07:07","Jeimy Catalina Clavijo Guerrero",NA,"4.203572,-74.643383",4.203572,-74.643383,"https://inaturalist-open-data.s3.amazonaws.com/photos/132682281/original.jpg","jpeg","https://www.inaturalist.org/observations/80929430"
"iNaturalist","image","79458524","Lontra annectens","2018-11-29","13:00","Ron Batie",NA,"16.9039560805,-88.4075516066",16.9039560805,-88.4075516066,"https://inaturalist-open-data.s3.amazonaws.com/photos/130144317/original.jpeg","jpeg","https://www.inaturalist.org/observations/79458524"
"iNaturalist","image","79458524","Lontra annectens","2018-11-29","13:00","Ron Batie",NA,"16.9039560805,-88.4075516066",16.9039560805,-88.4075516066,"https://inaturalist-open-data.s3.amazonaws.com/photos/130144370/original.jpeg","jpeg","https://www.inaturalist.org/observations/79458524"
"iNaturalist","image","79458524","Lontra annectens","2018-11-29","13:00","Ron Batie",NA,"16.9039560805,-88.4075516066",16.9039560805,-88.4075516066,"https://inaturalist-open-data.s3.amazonaws.com/photos/130144424/original.jpeg","jpeg","https://www.inaturalist.org/observations/79458524"
"iNaturalist","image","79233030","Lontra annectens","2020-05-17","08:57","Gamaliel Chán",NA,"16.925453797,-89.8970092088",16.925453797,-89.8970092088,"https://inaturalist-open-data.s3.amazonaws.com/photos/129760381/original.jpeg","jpeg","https://www.inaturalist.org/observations/79233030"
"iNaturalist","image","79230338","Lontra annectens","2021-05-15","10:58","Valentina López Ripoll",NA,"11.0110472167,-74.7982716667",11.0110472167,-74.7982716667,"https://static.inaturalist.org/photos/129755573/original.jpg","jpeg","https://www.inaturalist.org/observations/79230338"
"iNaturalist","image","79230338","Lontra annectens","2021-05-15","10:58","Valentina López Ripoll",NA,"11.0110472167,-74.7982716667",11.0110472167,-74.7982716667,"https://static.inaturalist.org/photos/129755546/original.jpg","jpeg","https://www.inaturalist.org/observations/79230338"
"iNaturalist","image","79230338","Lontra annectens","2021-05-15","10:58","Valentina López Ripoll",NA,"11.0110472167,-74.7982716667",11.0110472167,-74.7982716667,"https://static.inaturalist.org/photos/129755600/original.jpg","jpeg","https://www.inaturalist.org/observations/79230338"
"iNaturalist","image","79055421","Lontra annectens","2018-06-05","15:56","Eckart",NA,"-0.5094444444,-79.2936111111",-0.5094444444,-79.2936111111,"https://inaturalist-open-data.s3.amazonaws.com/photos/129443104/original.jpg","jpeg","https://www.inaturalist.org/observations/79055421"
"iNaturalist","image","78289511","Lontra annectens","2021-05-08","14:43","Ricardo Brenes",NA,"8.584898,-82.388578",8.584898,-82.388578,"https://inaturalist-open-data.s3.amazonaws.com/photos/128104930/original.jpeg","jpeg","https://www.inaturalist.org/observations/78289511"
"iNaturalist","image","78289511","Lontra annectens","2021-05-08","14:43","Ricardo Brenes",NA,"8.584898,-82.388578",8.584898,-82.388578,"https://inaturalist-open-data.s3.amazonaws.com/photos/128105869/original.jpeg","jpeg","https://www.inaturalist.org/observations/78289511"
"iNaturalist","image","78289511","Lontra annectens","2021-05-08","14:43","Ricardo Brenes",NA,"8.584898,-82.388578",8.584898,-82.388578,"https://inaturalist-open-data.s3.amazonaws.com/photos/128105878/original.jpeg","jpeg","https://www.inaturalist.org/observations/78289511"
"iNaturalist","image","78289511","Lontra annectens","2021-05-08","14:43","Ricardo Brenes",NA,"8.584898,-82.388578",8.584898,-82.388578,"https://inaturalist-open-data.s3.amazonaws.com/photos/128105887/original.jpeg","jpeg","https://www.inaturalist.org/observations/78289511"
"iNaturalist","image","78289511","Lontra annectens","2021-05-08","14:43","Ricardo Brenes",NA,"8.584898,-82.388578",8.584898,-82.388578,"https://inaturalist-open-data.s3.amazonaws.com/photos/128105898/original.jpeg","jpeg","https://www.inaturalist.org/observations/78289511"
"iNaturalist","image","78286130","Lontra annectens","2021-05-05","14:46","Santi Md",NA,"6.0525157966,-74.6652049438",6.0525157966,-74.6652049438,"https://inaturalist-open-data.s3.amazonaws.com/photos/128099317/original.jpeg","jpeg","https://www.inaturalist.org/observations/78286130"
"iNaturalist","image","77695891","Lontra annectens","2021-05-03","08:45","Miguel Angel Maza Reyes",NA,"19.0607463724,-96.1036780849",19.0607463724,-96.1036780849,"https://static.inaturalist.org/photos/127088761/original.jpeg","jpeg","https://www.inaturalist.org/observations/77695891"
"iNaturalist","image","77695891","Lontra annectens","2021-05-03","08:45","Miguel Angel Maza Reyes",NA,"19.0607463724,-96.1036780849",19.0607463724,-96.1036780849,"https://static.inaturalist.org/photos/127088776/original.jpeg","jpeg","https://www.inaturalist.org/observations/77695891"
"iNaturalist","image","77003773","Lontra annectens","2021-05-03","11:07","Romel Medina",NA,NA,NA,NA,"https://static.inaturalist.org/photos/125934508/original.jpeg","jpeg","https://www.inaturalist.org/observations/77003773"
"iNaturalist","image","75369171","Lontra annectens","2021-04-07","09:55","Edwinlh",NA,"21.5722188,-105.0601805",21.5722188,-105.0601805,"https://inaturalist-open-data.s3.amazonaws.com/photos/123294190/original.jpeg","jpeg","https://www.inaturalist.org/observations/75369171"
"iNaturalist","image","75369171","Lontra annectens","2021-04-07","09:55","Edwinlh",NA,"21.5722188,-105.0601805",21.5722188,-105.0601805,"https://inaturalist-open-data.s3.amazonaws.com/photos/123294251/original.jpeg","jpeg","https://www.inaturalist.org/observations/75369171"
"iNaturalist","image","75369171","Lontra annectens","2021-04-07","09:55","Edwinlh",NA,"21.5722188,-105.0601805",21.5722188,-105.0601805,"https://inaturalist-open-data.s3.amazonaws.com/photos/123294342/original.jpeg","jpeg","https://www.inaturalist.org/observations/75369171"
"iNaturalist","image","75369171","Lontra annectens","2021-04-07","09:55","Edwinlh",NA,"21.5722188,-105.0601805",21.5722188,-105.0601805,"https://inaturalist-open-data.s3.amazonaws.com/photos/123294392/original.jpeg","jpeg","https://www.inaturalist.org/observations/75369171"
"iNaturalist","image","75369171","Lontra annectens","2021-04-07","09:55","Edwinlh",NA,"21.5722188,-105.0601805",21.5722188,-105.0601805,"https://inaturalist-open-data.s3.amazonaws.com/photos/123294519/original.jpeg","jpeg","https://www.inaturalist.org/observations/75369171"
"iNaturalist","image","75010212","Lontra annectens","2021-04-23","13:12","Paul Bischof",NA,"9.6291316352,-82.681035125",9.6291316352,-82.681035125,"https://static.inaturalist.org/photos/122666909/original.jpg","jpeg","https://www.inaturalist.org/observations/75010212"
"iNaturalist","image","75010212","Lontra annectens","2021-04-23","13:12","Paul Bischof",NA,"9.6291316352,-82.681035125",9.6291316352,-82.681035125,"https://static.inaturalist.org/photos/122666923/original.jpg","jpeg","https://www.inaturalist.org/observations/75010212"
"iNaturalist","image","74835535","Lontra annectens","2021-04-03","15:13","Daniela Alegría Sánchez",NA,"18.8299430146,-97.0677338903",18.8299430146,-97.0677338903,"https://static.inaturalist.org/photos/122359393/original.jpeg","jpeg","https://www.inaturalist.org/observations/74835535"
"iNaturalist","image","74477219","Lontra annectens","2020-07-25","14:20","Cesar Lezama",NA,"19.1312949844,-96.9512614415",19.1312949844,-96.9512614415,"https://inaturalist-open-data.s3.amazonaws.com/photos/121725967/original.jpeg","jpeg","https://www.inaturalist.org/observations/74477219"
"iNaturalist","image","74477219","Lontra annectens","2020-07-25","14:20","Cesar Lezama",NA,"19.1312949844,-96.9512614415",19.1312949844,-96.9512614415,"https://inaturalist-open-data.s3.amazonaws.com/photos/121726034/original.jpeg","jpeg","https://www.inaturalist.org/observations/74477219"
"iNaturalist","image","74477219","Lontra annectens","2020-07-25","14:20","Cesar Lezama",NA,"19.1312949844,-96.9512614415",19.1312949844,-96.9512614415,"https://inaturalist-open-data.s3.amazonaws.com/photos/121726092/original.jpeg","jpeg","https://www.inaturalist.org/observations/74477219"
"iNaturalist","image","73517507","Lontra annectens",NA,NA,"Mauro Giraldo",NA,"4.7314069146,-75.5767821148",4.7314069146,-75.5767821148,"https://static.inaturalist.org/photos/120032407/original.jpeg","jpeg","https://www.inaturalist.org/observations/73517507"
"iNaturalist","image","73411513","Lontra annectens","2021-04-08","14:39","Nasua",NA,"19.1644243917,-103.3643669263",19.1644243917,-103.3643669263,"https://inaturalist-open-data.s3.amazonaws.com/photos/119846139/original.jpeg","jpeg","https://www.inaturalist.org/observations/73411513"
"iNaturalist","image","73411513","Lontra annectens","2021-04-08","14:39","Nasua",NA,"19.1644243917,-103.3643669263",19.1644243917,-103.3643669263,"https://inaturalist-open-data.s3.amazonaws.com/photos/119846164/original.jpeg","jpeg","https://www.inaturalist.org/observations/73411513"
"iNaturalist","image","73411513","Lontra annectens","2021-04-08","14:39","Nasua",NA,"19.1644243917,-103.3643669263",19.1644243917,-103.3643669263,"https://inaturalist-open-data.s3.amazonaws.com/photos/119846187/original.jpeg","jpeg","https://www.inaturalist.org/observations/73411513"
"iNaturalist","image","73411513","Lontra annectens","2021-04-08","14:39","Nasua",NA,"19.1644243917,-103.3643669263",19.1644243917,-103.3643669263,"https://inaturalist-open-data.s3.amazonaws.com/photos/119846211/original.jpeg","jpeg","https://www.inaturalist.org/observations/73411513"
"iNaturalist","image","73165022","Lontra annectens","2021-04-02","11:32","Jose Miguel",NA,"10.5396953859,-83.5087879747",10.5396953859,-83.5087879747,"https://static.inaturalist.org/photos/119416514/original.jpeg","jpeg","https://www.inaturalist.org/observations/73165022"
"iNaturalist","image","73060946","Lontra annectens","2021-04-04","04:16","Josepineda",NA,"22.1035032763,-103.6011041321",22.1035032763,-103.6011041321,"https://inaturalist-open-data.s3.amazonaws.com/photos/119229046/original.png","png","https://www.inaturalist.org/observations/73060946"
"iNaturalist","image","73053341","Lontra annectens","2012-02-13","15:19","Gernotkunz",NA,"8.4803113313,-83.5967037675",8.4803113313,-83.5967037675,"https://static.inaturalist.org/photos/119215444/original.jpg","jpeg","https://www.inaturalist.org/observations/73053341"
"iNaturalist","image","73051379","Lontra annectens","2021-04-03","11:27","Josepineda",NA,"22.1057302882,-103.6267529674",22.1057302882,-103.6267529674,"https://inaturalist-open-data.s3.amazonaws.com/photos/119212437/original.jpg","jpeg","https://www.inaturalist.org/observations/73051379"
"iNaturalist","image","72501548","Lontra annectens","2020-12-24","11:41","Camila Echeverri Rodríguez",NA,"3.2264816631,-75.224495332",3.2264816631,-75.224495332,"https://inaturalist-open-data.s3.amazonaws.com/photos/118218166/original.jpg","jpeg","https://www.inaturalist.org/observations/72501548"
"iNaturalist","image","72096875","Lontra annectens","2021-03-19","12:07","Adrian Romo",NA,"16.7254585292,-93.099529059",16.7254585292,-93.099529059,"https://inaturalist-open-data.s3.amazonaws.com/photos/117482621/original.jpeg","jpeg","https://www.inaturalist.org/observations/72096875"
"iNaturalist","image","71481358","Lontra annectens","2020-02-16","06:52","Benoît Segerer",NA,"14.9028000567,-87.9554511687",14.9028000567,-87.9554511687,"https://inaturalist-open-data.s3.amazonaws.com/photos/116387011/original.jpg","jpeg","https://www.inaturalist.org/observations/71481358"
"iNaturalist","image","71153762","Lontra annectens","2017-04-22","06:54","Sebastián García-Restrepo",NA,"6.7167094354,-74.1348817773",6.7167094354,-74.1348817773,"https://inaturalist-open-data.s3.amazonaws.com/photos/115799128/original.jpeg","jpeg","https://www.inaturalist.org/observations/71153762"
"iNaturalist","image","71153762","Lontra annectens","2017-04-22","06:54","Sebastián García-Restrepo",NA,"6.7167094354,-74.1348817773",6.7167094354,-74.1348817773,"https://inaturalist-open-data.s3.amazonaws.com/photos/115799790/original.jpeg","jpeg","https://www.inaturalist.org/observations/71153762"
"iNaturalist","image","71153762","Lontra annectens","2017-04-22","06:54","Sebastián García-Restrepo",NA,"6.7167094354,-74.1348817773",6.7167094354,-74.1348817773,"https://inaturalist-open-data.s3.amazonaws.com/photos/115799792/original.jpeg","jpeg","https://www.inaturalist.org/observations/71153762"
"iNaturalist","image","71153762","Lontra annectens","2017-04-22","06:54","Sebastián García-Restrepo",NA,"6.7167094354,-74.1348817773",6.7167094354,-74.1348817773,"https://inaturalist-open-data.s3.amazonaws.com/photos/115799793/original.jpeg","jpeg","https://www.inaturalist.org/observations/71153762"
"iNaturalist","image","71139400","Lontra annectens","2021-03-02","13:30","Andre Sebastian",NA,"17.5640311474,-101.4315533638",17.5640311474,-101.4315533638,"https://static.inaturalist.org/photos/115773225/original.jpeg","jpeg","https://www.inaturalist.org/observations/71139400"
"iNaturalist","image","70432059","Lontra annectens","2021-02-02","15:48","René Collinot",NA,"20.2121287089,-96.767806448",20.2121287089,-96.767806448,"https://static.inaturalist.org/photos/114500283/original.jpeg","jpeg","https://www.inaturalist.org/observations/70432059"
"iNaturalist","image","70410259","Lontra annectens","2021-02-21","14:27","Majotoralla",NA,"13.8645309303,-90.4060871155",13.8645309303,-90.4060871155,"https://inaturalist-open-data.s3.amazonaws.com/photos/114458201/original.jpeg","jpeg","https://www.inaturalist.org/observations/70410259"
"iNaturalist","image","70182827","Lontra annectens","2018-01-24","08:09","El Chivizcoyo",NA,"15.2849634969,-92.9670736673",15.2849634969,-92.9670736673,"https://inaturalist-open-data.s3.amazonaws.com/photos/114037752/original.jpg","jpeg","https://www.inaturalist.org/observations/70182827"
"iNaturalist","image","70038541","Lontra annectens","2021-02-23","09:16","Mauricio Hernández Sánchez",NA,"20.9604214484,-97.3279898241",20.9604214484,-97.3279898241,"https://static.inaturalist.org/photos/113783753/original.jpeg","jpeg","https://www.inaturalist.org/observations/70038541"
"iNaturalist","image","70038541","Lontra annectens","2021-02-23","09:16","Mauricio Hernández Sánchez",NA,"20.9604214484,-97.3279898241",20.9604214484,-97.3279898241,"https://static.inaturalist.org/photos/113783768/original.jpeg","jpeg","https://www.inaturalist.org/observations/70038541"
"iNaturalist","image","69956158","Lontra annectens","2021-01-17","19:29","Carlos R. Manzanares",NA,"22.2151314,-97.8648001",22.2151314,-97.8648001,"https://static.inaturalist.org/photos/113632928/original.jpg","jpeg","https://www.inaturalist.org/observations/69956158"
"iNaturalist","image","69795829","Lontra annectens","2021-02-18","17:39","Frogman44",NA,"10.6091912085,-84.9886991936",10.6091912085,-84.9886991936,"https://inaturalist-open-data.s3.amazonaws.com/photos/113337959/original.jpeg","jpeg","https://www.inaturalist.org/observations/69795829"
"iNaturalist","image","69795829","Lontra annectens","2021-02-18","17:39","Frogman44",NA,"10.6091912085,-84.9886991936",10.6091912085,-84.9886991936,"https://inaturalist-open-data.s3.amazonaws.com/photos/113337965/original.jpeg","jpeg","https://www.inaturalist.org/observations/69795829"
"iNaturalist","image","69795829","Lontra annectens","2021-02-18","17:39","Frogman44",NA,"10.6091912085,-84.9886991936",10.6091912085,-84.9886991936,"https://inaturalist-open-data.s3.amazonaws.com/photos/113337971/original.jpeg","jpeg","https://www.inaturalist.org/observations/69795829"
"iNaturalist","image","69777657","Lontra annectens","2016-01-07","21:42","Roberto Corvino",NA,"10.5424838,-83.5023552",10.5424838,-83.5023552,"https://inaturalist-open-data.s3.amazonaws.com/photos/113301850/original.jpg","jpeg","https://www.inaturalist.org/observations/69777657"
"iNaturalist","image","69703507","Lontra annectens","2021-02-14","14:16","Josepineda",NA,"22.1626338958,-103.5855178831",22.1626338958,-103.5855178831,"https://inaturalist-open-data.s3.amazonaws.com/photos/113159224/original.jpg","jpeg","https://www.inaturalist.org/observations/69703507"
"iNaturalist","image","69702430","Lontra annectens",NA,NA,"Fiorella r Durán",NA,"8.414424,-83.33576",8.414424,-83.33576,"https://static.inaturalist.org/photos/113153427/original.jpg","jpeg","https://www.inaturalist.org/observations/69702430"
"iNaturalist","image","69466194","Lontra annectens","2021-02-12","07:20","David Andreas De Rivera Tønnessen",NA,"9.1549899722,-83.747877",9.1549899722,-83.747877,"https://inaturalist-open-data.s3.amazonaws.com/photos/112718951/original.jpeg","jpeg","https://www.inaturalist.org/observations/69466194"
"iNaturalist","image","69335146","Lontra annectens","2018-08-12","07:57","Kevin Jiménez Gonzáles",NA,"-4.89724,-80.707468",-4.89724,-80.707468,"https://inaturalist-open-data.s3.amazonaws.com/photos/112494921/original.jpg","jpeg","https://www.inaturalist.org/observations/69335146"
"iNaturalist","image","69335145","Lontra annectens","2018-08-12","07:55","Kevin Jiménez Gonzáles",NA,"-4.897302,-80.707644",-4.897302,-80.707644,"https://inaturalist-open-data.s3.amazonaws.com/photos/112494919/original.jpg","jpeg","https://www.inaturalist.org/observations/69335145"
"iNaturalist","image","68945133","Lontra annectens","2021-02-01","09:53","Gabriel Camilo Jaramillo Giraldo",NA,"5.8030936006,-75.9470705112",5.8030936006,-75.9470705112,"https://inaturalist-open-data.s3.amazonaws.com/photos/111763762/original.jpeg","jpeg","https://www.inaturalist.org/observations/68945133"
"iNaturalist","image","68882876","Lontra annectens","2021-01-31","16:24","Contactoextremo",NA,"5.2462743758,-74.5119968216",5.2462743758,-74.5119968216,"https://inaturalist-open-data.s3.amazonaws.com/photos/111646224/original.jpg","jpeg","https://www.inaturalist.org/observations/68882876"
"iNaturalist","image","68882876","Lontra annectens","2021-01-31","16:24","Contactoextremo",NA,"5.2462743758,-74.5119968216",5.2462743758,-74.5119968216,"https://inaturalist-open-data.s3.amazonaws.com/photos/111789267/original.jpg","jpeg","https://www.inaturalist.org/observations/68882876"
"iNaturalist","image","68733443","Lontra annectens","2021-01-20","18:46","Azu",NA,"18.1443767,-96.5101716",18.1443767,-96.5101716,"https://inaturalist-open-data.s3.amazonaws.com/photos/111370380/original.jpeg","jpeg","https://www.inaturalist.org/observations/68733443"
"iNaturalist","image","68733443","Lontra annectens","2021-01-20","18:46","Azu",NA,"18.1443767,-96.5101716",18.1443767,-96.5101716,"https://inaturalist-open-data.s3.amazonaws.com/photos/111370385/original.jpeg","jpeg","https://www.inaturalist.org/observations/68733443"
"iNaturalist","image","68420858","Lontra annectens","2021-01-20","11:21","Erika Daniela Perez Pech",NA,"17.7294984729,-92.0187293722",17.7294984729,-92.0187293722,"https://inaturalist-open-data.s3.amazonaws.com/photos/110783882/original.jpg","jpeg","https://www.inaturalist.org/observations/68420858"
"iNaturalist","image","67972149","Lontra annectens","2017-11-10","07:52","Jan Bechler",NA,"10.430623,-84.006971",10.430623,-84.006971,"https://static.inaturalist.org/photos/109954710/original.jpg","jpeg","https://www.inaturalist.org/observations/67972149"
"iNaturalist","image","67972122","Lontra annectens","2017-10-15","16:52","Jan Bechler",NA,"10.430623,-84.006971",10.430623,-84.006971,"https://static.inaturalist.org/photos/109954572/original.jpg","jpeg","https://www.inaturalist.org/observations/67972122"
"iNaturalist","image","67457748","Lontra annectens","2020-12-30","06:45","Olguieg",NA,"11.0156103168,-74.7877583049",11.0156103168,-74.7877583049,"https://inaturalist-open-data.s3.amazonaws.com/photos/108992667/original.jpg","jpeg","https://www.inaturalist.org/observations/67457748"
"iNaturalist","image","67457748","Lontra annectens","2020-12-30","06:45","Olguieg",NA,"11.0156103168,-74.7877583049",11.0156103168,-74.7877583049,"https://inaturalist-open-data.s3.amazonaws.com/photos/108992674/original.jpg","jpeg","https://www.inaturalist.org/observations/67457748"
"iNaturalist","image","67456579","Lontra annectens","2021-01-02","06:51","Katia Cordero Obregón",NA,"8.5471369997,-83.3342556997",8.5471369997,-83.3342556997,"https://static.inaturalist.org/photos/108991002/original.jpeg","jpeg","https://www.inaturalist.org/observations/67456579"
"iNaturalist","image","67456579","Lontra annectens","2021-01-02","06:51","Katia Cordero Obregón",NA,"8.5471369997,-83.3342556997",8.5471369997,-83.3342556997,"https://static.inaturalist.org/photos/108991018/original.jpeg","jpeg","https://www.inaturalist.org/observations/67456579"
"iNaturalist","image","67456579","Lontra annectens","2021-01-02","06:51","Katia Cordero Obregón",NA,"8.5471369997,-83.3342556997",8.5471369997,-83.3342556997,"https://static.inaturalist.org/photos/108991030/original.jpeg","jpeg","https://www.inaturalist.org/observations/67456579"
"iNaturalist","image","67456579","Lontra annectens","2021-01-02","06:51","Katia Cordero Obregón",NA,"8.5471369997,-83.3342556997",8.5471369997,-83.3342556997,"https://static.inaturalist.org/photos/108991039/original.jpeg","jpeg","https://www.inaturalist.org/observations/67456579"
"iNaturalist","image","67456579","Lontra annectens","2021-01-02","06:51","Katia Cordero Obregón",NA,"8.5471369997,-83.3342556997",8.5471369997,-83.3342556997,"https://static.inaturalist.org/photos/108991048/original.jpeg","jpeg","https://www.inaturalist.org/observations/67456579"
"iNaturalist","image","67360402","Lontra annectens","2020-12-31","11:30","Ch Hemphill",NA,"17.1079242464,-88.6644405279",17.1079242464,-88.6644405279,"https://inaturalist-open-data.s3.amazonaws.com/photos/109253309/original.jpeg","jpeg","https://www.inaturalist.org/observations/67360402"
"iNaturalist","image","67359035","Lontra annectens","2020-12-29","11:11","Santi Md",NA,"6.0010461188,-74.720264499",6.0010461188,-74.720264499,"https://inaturalist-open-data.s3.amazonaws.com/photos/108811427/original.jpeg","jpeg","https://www.inaturalist.org/observations/67359035"
"iNaturalist","image","66978630","Lontra annectens","2020-12-22","12:47","Sergiovillegas",NA,"8.5718412397,-83.3944625853",8.5718412397,-83.3944625853,"https://inaturalist-open-data.s3.amazonaws.com/photos/108101680/original.jpeg","jpeg","https://www.inaturalist.org/observations/66978630"
"iNaturalist","image","66978630","Lontra annectens","2020-12-22","12:47","Sergiovillegas",NA,"8.5718412397,-83.3944625853",8.5718412397,-83.3944625853,"https://inaturalist-open-data.s3.amazonaws.com/photos/108101688/original.jpeg","jpeg","https://www.inaturalist.org/observations/66978630"
"iNaturalist","image","66794733","Lontra annectens","2020-12-18","15:55","María José Mata",NA,"8.4091326389,-83.3497445556",8.4091326389,-83.3497445556,"https://static.inaturalist.org/photos/107759517/original.jpeg","jpeg","https://www.inaturalist.org/observations/66794733"
"iNaturalist","image","66298767","Lontra annectens","2011-04-17","16:00","Docprt",NA,"10.4632018633,-85.1622587014",10.4632018633,-85.1622587014,"https://inaturalist-open-data.s3.amazonaws.com/photos/106846492/original.jpeg","jpeg","https://www.inaturalist.org/observations/66298767"
"iNaturalist","image","66176766","Lontra annectens","2020-12-05","12:05","Homero Bennet",NA,"18.0500998669,-94.5468224465",18.0500998669,-94.5468224465,"https://static.inaturalist.org/photos/106627649/original.jpeg","jpeg","https://www.inaturalist.org/observations/66176766"
"iNaturalist","image","66045214","Lontra annectens","2020-09-12","08:53","Josepineda",NA,"22.1050136983,-103.6656617604",22.1050136983,-103.6656617604,"https://inaturalist-open-data.s3.amazonaws.com/photos/106388440/original.png","png","https://www.inaturalist.org/observations/66045214"
"iNaturalist","image","66043397","Lontra annectens","2020-11-30","17:14","Ecologorey",NA,"16.9918547222,-100.2036747222",16.9918547222,-100.2036747222,"https://inaturalist-open-data.s3.amazonaws.com/photos/106385333/original.jpeg","jpeg","https://www.inaturalist.org/observations/66043397"
"iNaturalist","image","65938072","Lontra annectens","2020-12-01","07:19","Roger Mesen Delgado",NA,"9.3144973847,-83.7663469602",9.3144973847,-83.7663469602,"https://inaturalist-open-data.s3.amazonaws.com/photos/106211967/original.jpg","jpeg","https://www.inaturalist.org/observations/65938072"
"iNaturalist","image","65938072","Lontra annectens","2020-12-01","07:19","Roger Mesen Delgado",NA,"9.3144973847,-83.7663469602",9.3144973847,-83.7663469602,"https://inaturalist-open-data.s3.amazonaws.com/photos/106211971/original.jpg","jpeg","https://www.inaturalist.org/observations/65938072"
"iNaturalist","image","65938072","Lontra annectens","2020-12-01","07:19","Roger Mesen Delgado",NA,"9.3144973847,-83.7663469602",9.3144973847,-83.7663469602,"https://inaturalist-open-data.s3.amazonaws.com/photos/106211978/original.jpg","jpeg","https://www.inaturalist.org/observations/65938072"
"iNaturalist","image","65938072","Lontra annectens","2020-12-01","07:19","Roger Mesen Delgado",NA,"9.3144973847,-83.7663469602",9.3144973847,-83.7663469602,"https://inaturalist-open-data.s3.amazonaws.com/photos/106211986/original.jpg","jpeg","https://www.inaturalist.org/observations/65938072"
"iNaturalist","image","65096833","Lontra annectens","2020-11-16","09:58","Santi Md",NA,"6.8082613498,-75.5612376822",6.8082613498,-75.5612376822,"https://inaturalist-open-data.s3.amazonaws.com/photos/104741685/original.jpeg","jpeg","https://www.inaturalist.org/observations/65096833"
"iNaturalist","image","64954752","Lontra annectens","2020-10-22","08:47","Jaguos Por El Territorio",NA,"2.1632918897,-75.691668813",2.1632918897,-75.691668813,"https://inaturalist-open-data.s3.amazonaws.com/photos/104505693/original.jpeg","jpeg","https://www.inaturalist.org/observations/64954752"
"iNaturalist","image","64954752","Lontra annectens","2020-10-22","08:47","Jaguos Por El Territorio",NA,"2.1632918897,-75.691668813",2.1632918897,-75.691668813,"https://inaturalist-open-data.s3.amazonaws.com/photos/104505643/original.jpeg","jpeg","https://www.inaturalist.org/observations/64954752"
"iNaturalist","image","64954752","Lontra annectens","2020-10-22","08:47","Jaguos Por El Territorio",NA,"2.1632918897,-75.691668813",2.1632918897,-75.691668813,"https://inaturalist-open-data.s3.amazonaws.com/photos/104505754/original.jpeg","jpeg","https://www.inaturalist.org/observations/64954752"
"iNaturalist","image","64950564","Lontra annectens","2018-06-24","10:08","Jonaluna",NA,"2.1723807894,-75.6812721773",2.1723807894,-75.6812721773,"https://static.inaturalist.org/photos/104497722/original.jpeg","jpeg","https://www.inaturalist.org/observations/64950564"
"iNaturalist","image","64950564","Lontra annectens","2018-06-24","10:08","Jonaluna",NA,"2.1723807894,-75.6812721773",2.1723807894,-75.6812721773,"https://static.inaturalist.org/photos/104497695/original.jpeg","jpeg","https://www.inaturalist.org/observations/64950564"
"iNaturalist","image","64950564","Lontra annectens","2018-06-24","10:08","Jonaluna",NA,"2.1723807894,-75.6812721773",2.1723807894,-75.6812721773,"https://static.inaturalist.org/photos/104497748/original.jpeg","jpeg","https://www.inaturalist.org/observations/64950564"
"iNaturalist","image","64950564","Lontra annectens","2018-06-24","10:08","Jonaluna",NA,"2.1723807894,-75.6812721773",2.1723807894,-75.6812721773,"https://static.inaturalist.org/photos/104497789/original.jpeg","jpeg","https://www.inaturalist.org/observations/64950564"
"iNaturalist","image","64950564","Lontra annectens","2018-06-24","10:08","Jonaluna",NA,"2.1723807894,-75.6812721773",2.1723807894,-75.6812721773,"https://static.inaturalist.org/photos/104497840/original.jpeg","jpeg","https://www.inaturalist.org/observations/64950564"
"iNaturalist","image","64135913","Lontra annectens","2019-05-30","16:38","Jonaluna",NA,"2.1683323337,-75.6868021464",2.1683323337,-75.6868021464,"https://static.inaturalist.org/photos/103061036/original.jpeg","jpeg","https://www.inaturalist.org/observations/64135913"
"iNaturalist","image","64135913","Lontra annectens","2019-05-30","16:38","Jonaluna",NA,"2.1683323337,-75.6868021464",2.1683323337,-75.6868021464,"https://static.inaturalist.org/photos/103061742/original.jpeg","jpeg","https://www.inaturalist.org/observations/64135913"
"iNaturalist","image","64135913","Lontra annectens","2019-05-30","16:38","Jonaluna",NA,"2.1683323337,-75.6868021464",2.1683323337,-75.6868021464,"https://static.inaturalist.org/photos/103061472/original.jpeg","jpeg","https://www.inaturalist.org/observations/64135913"
"iNaturalist","image","64135913","Lontra annectens","2019-05-30","16:38","Jonaluna",NA,"2.1683323337,-75.6868021464",2.1683323337,-75.6868021464,"https://static.inaturalist.org/photos/103061608/original.jpeg","jpeg","https://www.inaturalist.org/observations/64135913"
"iNaturalist","image","64135913","Lontra annectens","2019-05-30","16:38","Jonaluna",NA,"2.1683323337,-75.6868021464",2.1683323337,-75.6868021464,"https://static.inaturalist.org/photos/103061239/original.jpeg","jpeg","https://www.inaturalist.org/observations/64135913"
"iNaturalist","image","63988667","Lontra annectens","2017-05-08","08:07","Roberto Vargas",NA,"11.0239930887,-84.6837980677",11.0239930887,-84.6837980677,"https://inaturalist-open-data.s3.amazonaws.com/photos/102787830/original.jpeg","jpeg","https://www.inaturalist.org/observations/63988667"
"iNaturalist","image","63796581","Lontra annectens","2015-12-05","08:19","Tom Murray",NA,"8.4889150681,-83.3016928386",8.4889150681,-83.3016928386,"https://inaturalist-open-data.s3.amazonaws.com/photos/102449886/original.jpeg","jpeg","https://www.inaturalist.org/observations/63796581"
"iNaturalist","image","63703008","Lontra annectens","2019-11-26","12:20","Acata45",NA,"16.7250544,-93.0936508",16.7250544,-93.0936508,"https://inaturalist-open-data.s3.amazonaws.com/photos/102279100/original.jpg","jpeg","https://www.inaturalist.org/observations/63703008"
"iNaturalist","image","63678356","Lontra annectens","2019-12-11","20:21","Marilyn Castillo Muñoz",NA,"19.2839793606,-96.4356055438",19.2839793606,-96.4356055438,"https://inaturalist-open-data.s3.amazonaws.com/photos/102238352/original.jpg","jpeg","https://www.inaturalist.org/observations/63678356"
"iNaturalist","image","63235819","Lontra annectens","2008-07-15","14:44","Koenbetjes",NA,"10.4539873,-84.0193861",10.4539873,-84.0193861,"https://inaturalist-open-data.s3.amazonaws.com/photos/101454910/original.jpeg","jpeg","https://www.inaturalist.org/observations/63235819"
"iNaturalist","image","63175623","Lontra annectens","2020-10-19","22:50","Josiah Townsend",NA,"14.9512417148,-88.0463695653",14.9512417148,-88.0463695653,"https://inaturalist-open-data.s3.amazonaws.com/photos/101347618/original.jpeg","jpeg","https://www.inaturalist.org/observations/63175623"
"iNaturalist","image","63175623","Lontra annectens","2020-10-19","22:50","Josiah Townsend",NA,"14.9512417148,-88.0463695653",14.9512417148,-88.0463695653,"https://inaturalist-open-data.s3.amazonaws.com/photos/101347630/original.jpeg","jpeg","https://www.inaturalist.org/observations/63175623"
"iNaturalist","image","62269207","Lontra annectens","2020-10-09","12:47","Josefina Ramos-Frías",NA,"21.0144826907,-98.5724259293",21.0144826907,-98.5724259293,"https://static.inaturalist.org/photos/99748506/original.jpeg","jpeg","https://www.inaturalist.org/observations/62269207"
"iNaturalist","image","62269207","Lontra annectens","2020-10-09","12:47","Josefina Ramos-Frías",NA,"21.0144826907,-98.5724259293",21.0144826907,-98.5724259293,"https://static.inaturalist.org/photos/99749108/original.jpeg","jpeg","https://www.inaturalist.org/observations/62269207"
"iNaturalist","image","62164913","Lontra annectens",NA,NA,"Alejandro Gómez Nísino",NA,"29.6348294669,-108.5658582352",29.6348294669,-108.5658582352,"https://inaturalist-open-data.s3.amazonaws.com/photos/99567342/original.jpeg","jpeg","https://www.inaturalist.org/observations/62164913"
"iNaturalist","image","62164132","Lontra annectens",NA,NA,"Alejandro Gómez Nísino",NA,"29.6106270717,-108.404578297",29.6106270717,-108.404578297,"https://inaturalist-open-data.s3.amazonaws.com/photos/99565999/original.jpeg","jpeg","https://www.inaturalist.org/observations/62164132"
"iNaturalist","image","62164132","Lontra annectens",NA,NA,"Alejandro Gómez Nísino",NA,"29.6106270717,-108.404578297",29.6106270717,-108.404578297,"https://inaturalist-open-data.s3.amazonaws.com/photos/99566003/original.jpeg","jpeg","https://www.inaturalist.org/observations/62164132"
"iNaturalist","image","62164006","Lontra annectens",NA,NA,"Alejandro Gómez Nísino",NA,"29.7839282166,-108.4825562326",29.7839282166,-108.4825562326,"https://inaturalist-open-data.s3.amazonaws.com/photos/99565698/original.jpeg","jpeg","https://www.inaturalist.org/observations/62164006"
"iNaturalist","image","62163916","Lontra annectens",NA,NA,"Alejandro Gómez Nísino",NA,"29.7242904317,-108.4541662848",29.7242904317,-108.4541662848,"https://inaturalist-open-data.s3.amazonaws.com/photos/99565448/original.jpeg","jpeg","https://www.inaturalist.org/observations/62163916"
"iNaturalist","image","62163794","Lontra annectens",NA,NA,"Alejandro Gómez Nísino",NA,"29.6290964265,-108.4647726355",29.6290964265,-108.4647726355,"https://inaturalist-open-data.s3.amazonaws.com/photos/99565226/original.jpeg","jpeg","https://www.inaturalist.org/observations/62163794"
"iNaturalist","image","62163794","Lontra annectens",NA,NA,"Alejandro Gómez Nísino",NA,"29.6290964265,-108.4647726355",29.6290964265,-108.4647726355,"https://inaturalist-open-data.s3.amazonaws.com/photos/99565228/original.jpeg","jpeg","https://www.inaturalist.org/observations/62163794"
"iNaturalist","image","62163627","Lontra annectens",NA,NA,"Alejandro Gómez Nísino",NA,"29.771548411,-108.5045942691",29.771548411,-108.5045942691,"https://inaturalist-open-data.s3.amazonaws.com/photos/99564937/original.jpeg","jpeg","https://www.inaturalist.org/observations/62163627"
"iNaturalist","image","62163041","Lontra annectens",NA,NA,"Alejandro Gómez Nísino",NA,"29.7387880488,-108.5181493022",29.7387880488,-108.5181493022,"https://inaturalist-open-data.s3.amazonaws.com/photos/99563655/original.jpeg","jpeg","https://www.inaturalist.org/observations/62163041"
"iNaturalist","image","62162724","Lontra annectens",NA,NA,"Alejandro Gómez Nísino",NA,"29.7623986474,-108.4906427435",29.7623986474,-108.4906427435,"https://inaturalist-open-data.s3.amazonaws.com/photos/99563097/original.jpeg","jpeg","https://www.inaturalist.org/observations/62162724"
"iNaturalist","image","62162724","Lontra annectens",NA,NA,"Alejandro Gómez Nísino",NA,"29.7623986474,-108.4906427435",29.7623986474,-108.4906427435,"https://inaturalist-open-data.s3.amazonaws.com/photos/99563103/original.jpeg","jpeg","https://www.inaturalist.org/observations/62162724"
"iNaturalist","image","62162531","Lontra annectens",NA,NA,"Alejandro Gómez Nísino",NA,"29.787192517,-108.4704724265",29.787192517,-108.4704724265,"https://inaturalist-open-data.s3.amazonaws.com/photos/99562736/original.jpeg","jpeg","https://www.inaturalist.org/observations/62162531"
"iNaturalist","image","62162531","Lontra annectens",NA,NA,"Alejandro Gómez Nísino",NA,"29.787192517,-108.4704724265",29.787192517,-108.4704724265,"https://inaturalist-open-data.s3.amazonaws.com/photos/99562740/original.jpeg","jpeg","https://www.inaturalist.org/observations/62162531"
"iNaturalist","image","62162153","Lontra annectens",NA,NA,"Alejandro Gómez Nísino",NA,"29.7051495506,-108.4294381868",29.7051495506,-108.4294381868,"https://inaturalist-open-data.s3.amazonaws.com/photos/99562008/original.jpeg","jpeg","https://www.inaturalist.org/observations/62162153"
"iNaturalist","image","62162153","Lontra annectens",NA,NA,"Alejandro Gómez Nísino",NA,"29.7051495506,-108.4294381868",29.7051495506,-108.4294381868,"https://inaturalist-open-data.s3.amazonaws.com/photos/99562011/original.jpeg","jpeg","https://www.inaturalist.org/observations/62162153"
"iNaturalist","image","62161692","Lontra annectens",NA,NA,"Alejandro Gómez Nísino",NA,"29.6614140521,-108.567543987",29.6614140521,-108.567543987,"https://inaturalist-open-data.s3.amazonaws.com/photos/99561067/original.jpeg","jpeg","https://www.inaturalist.org/observations/62161692"
"iNaturalist","image","62161692","Lontra annectens",NA,NA,"Alejandro Gómez Nísino",NA,"29.6614140521,-108.567543987",29.6614140521,-108.567543987,"https://inaturalist-open-data.s3.amazonaws.com/photos/99561070/original.jpeg","jpeg","https://www.inaturalist.org/observations/62161692"
"iNaturalist","image","62161498","Lontra annectens",NA,NA,"Alejandro Gómez Nísino",NA,"29.6910602015,-108.5216499792",29.6910602015,-108.5216499792,"https://inaturalist-open-data.s3.amazonaws.com/photos/99560755/original.jpeg","jpeg","https://www.inaturalist.org/observations/62161498"
"iNaturalist","image","62161370","Lontra annectens",NA,NA,"Alejandro Gómez Nísino",NA,"29.7914733725,-108.5477518395",29.7914733725,-108.5477518395,"https://inaturalist-open-data.s3.amazonaws.com/photos/99560479/original.jpeg","jpeg","https://www.inaturalist.org/observations/62161370"
"iNaturalist","image","62161370","Lontra annectens",NA,NA,"Alejandro Gómez Nísino",NA,"29.7914733725,-108.5477518395",29.7914733725,-108.5477518395,"https://inaturalist-open-data.s3.amazonaws.com/photos/99560487/original.jpeg","jpeg","https://www.inaturalist.org/observations/62161370"
"iNaturalist","image","61978656","Lontra annectens","2020-10-07","13:45","No Rights Reserved",NA,"22.5256804587,-104.4968213661",22.5256804587,-104.4968213661,"https://inaturalist-open-data.s3.amazonaws.com/photos/99242415/original.jpg","jpeg","https://www.inaturalist.org/observations/61978656"
"iNaturalist","image","60475944","Lontra annectens",NA,NA,"Alejandro Gómez Nísino",NA,"29.4065846656,-108.7900130415",29.4065846656,-108.7900130415,"https://inaturalist-open-data.s3.amazonaws.com/photos/96705904/original.jpeg","jpeg","https://www.inaturalist.org/observations/60475944"
"iNaturalist","image","60386180","Lontra annectens","2020-09-21","21:19","Martín Medina",NA,"20.9528651398,-97.4113565683",20.9528651398,-97.4113565683,"https://static.inaturalist.org/photos/96556248/original.jpg","jpeg","https://www.inaturalist.org/observations/60386180"
"iNaturalist","image","60386180","Lontra annectens","2020-09-21","21:19","Martín Medina",NA,"20.9528651398,-97.4113565683",20.9528651398,-97.4113565683,"https://static.inaturalist.org/photos/96556268/original.jpg","jpeg","https://www.inaturalist.org/observations/60386180"
"iNaturalist","image","60386180","Lontra annectens","2020-09-21","21:19","Martín Medina",NA,"20.9528651398,-97.4113565683",20.9528651398,-97.4113565683,"https://static.inaturalist.org/photos/96556292/original.jpg","jpeg","https://www.inaturalist.org/observations/60386180"
"iNaturalist","image","59541074","Lontra annectens","2012-03-09","00:24","Gillbsydney",NA,"10.4515402,-84.0067005",10.4515402,-84.0067005,"https://inaturalist-open-data.s3.amazonaws.com/photos/95142833/original.jpeg","jpeg","https://www.inaturalist.org/observations/59541074"
"iNaturalist","image","59541074","Lontra annectens","2012-03-09","00:24","Gillbsydney",NA,"10.4515402,-84.0067005",10.4515402,-84.0067005,"https://inaturalist-open-data.s3.amazonaws.com/photos/95143119/original.jpeg","jpeg","https://www.inaturalist.org/observations/59541074"
"iNaturalist","image","59541074","Lontra annectens","2012-03-09","00:24","Gillbsydney",NA,"10.4515402,-84.0067005",10.4515402,-84.0067005,"https://inaturalist-open-data.s3.amazonaws.com/photos/95143133/original.jpeg","jpeg","https://www.inaturalist.org/observations/59541074"
"iNaturalist","image","58877764","Lontra annectens","2020-09-07","14:45","Homero Bennet",NA,"18.0121086419,-94.2865347718",18.0121086419,-94.2865347718,"https://static.inaturalist.org/photos/94029460/original.jpeg","jpeg","https://www.inaturalist.org/observations/58877764"
"iNaturalist","image","58877764","Lontra annectens","2020-09-07","14:45","Homero Bennet",NA,"18.0121086419,-94.2865347718",18.0121086419,-94.2865347718,"https://static.inaturalist.org/photos/94029486/original.jpeg","jpeg","https://www.inaturalist.org/observations/58877764"
"iNaturalist","image","58877764","Lontra annectens","2020-09-07","14:45","Homero Bennet",NA,"18.0121086419,-94.2865347718",18.0121086419,-94.2865347718,"https://static.inaturalist.org/photos/94029505/original.jpeg","jpeg","https://www.inaturalist.org/observations/58877764"
"iNaturalist","image","58330528","Lontra annectens",NA,NA,"Kate Rothra Fleming",NA,"10.4491943044,-83.4669011954",10.4491943044,-83.4669011954,"https://inaturalist-open-data.s3.amazonaws.com/photos/93117927/original.png","png","https://www.inaturalist.org/observations/58330528"
"iNaturalist","image","58301696","Lontra annectens","2019-11-13","11:19","Mabel",NA,"18.9197870555,-96.9164748545",18.9197870555,-96.9164748545,"https://inaturalist-open-data.s3.amazonaws.com/photos/93067428/original.jpg","jpeg","https://www.inaturalist.org/observations/58301696"
"iNaturalist","image","58301696","Lontra annectens","2019-11-13","11:19","Mabel",NA,"18.9197870555,-96.9164748545",18.9197870555,-96.9164748545,"https://inaturalist-open-data.s3.amazonaws.com/photos/93067439/original.jpg","jpeg","https://www.inaturalist.org/observations/58301696"
"iNaturalist","image","58167583","Lontra annectens","2020-08-27","11:23","Puertoadventures",NA,"15.943175,-97.1782916667",15.943175,-97.1782916667,"https://inaturalist-open-data.s3.amazonaws.com/photos/92844280/original.jpg","jpeg","https://www.inaturalist.org/observations/58167583"
"iNaturalist","image","57640891","Lontra annectens","2020-08-19","11:19","Canopalmabiologicalstation",NA,"10.5933191164,-83.5265046154",10.5933191164,-83.5265046154,"https://inaturalist-open-data.s3.amazonaws.com/photos/91962652/original.jpg","jpeg","https://www.inaturalist.org/observations/57640891"
"iNaturalist","image","57640891","Lontra annectens","2020-08-19","11:19","Canopalmabiologicalstation",NA,"10.5933191164,-83.5265046154",10.5933191164,-83.5265046154,"https://inaturalist-open-data.s3.amazonaws.com/photos/91962892/original.jpg","jpeg","https://www.inaturalist.org/observations/57640891"
"iNaturalist","image","57640891","Lontra annectens","2020-08-19","11:19","Canopalmabiologicalstation",NA,"10.5933191164,-83.5265046154",10.5933191164,-83.5265046154,"https://inaturalist-open-data.s3.amazonaws.com/photos/91962979/original.jpg","jpeg","https://www.inaturalist.org/observations/57640891"
"iNaturalist","image","57611820","Lontra annectens","2020-08-25","15:48","Homero Bennet",NA,"18.1278425795,-94.5331487915",18.1278425795,-94.5331487915,"https://static.inaturalist.org/photos/91912814/original.jpeg","jpeg","https://www.inaturalist.org/observations/57611820"
"iNaturalist","image","57611820","Lontra annectens","2020-08-25","15:48","Homero Bennet",NA,"18.1278425795,-94.5331487915",18.1278425795,-94.5331487915,"https://static.inaturalist.org/photos/91912821/original.jpeg","jpeg","https://www.inaturalist.org/observations/57611820"
"iNaturalist","image","57611820","Lontra annectens","2020-08-25","15:48","Homero Bennet",NA,"18.1278425795,-94.5331487915",18.1278425795,-94.5331487915,"https://static.inaturalist.org/photos/91912834/original.jpeg","jpeg","https://www.inaturalist.org/observations/57611820"
"iNaturalist","image","57516809","Lontra annectens","2020-08-23","06:02","Julio Enriquez Vera",NA,"19.1035313481,-96.1593131348",19.1035313481,-96.1593131348,"https://static.inaturalist.org/photos/91750842/original.jpeg","jpeg","https://www.inaturalist.org/observations/57516809"
"iNaturalist","image","56858090","Lontra annectens",NA,NA,"Mabel",NA,"19.173773,-96.134224",19.173773,-96.134224,"https://inaturalist-open-data.s3.amazonaws.com/photos/90639408/original.jpg","jpeg","https://www.inaturalist.org/observations/56858090"
"iNaturalist","image","56858090","Lontra annectens",NA,NA,"Mabel",NA,"19.173773,-96.134224",19.173773,-96.134224,"https://inaturalist-open-data.s3.amazonaws.com/photos/90639465/original.jpg","jpeg","https://www.inaturalist.org/observations/56858090"
"iNaturalist","image","56858090","Lontra annectens",NA,NA,"Mabel",NA,"19.173773,-96.134224",19.173773,-96.134224,"https://inaturalist-open-data.s3.amazonaws.com/photos/90639504/original.jpg","jpeg","https://www.inaturalist.org/observations/56858090"
"iNaturalist","image","56058220","Lontra annectens","2019-02-15","13:44","Thomas Galewski",NA,"8.6718638569,-83.2012400293",8.6718638569,-83.2012400293,"https://inaturalist-open-data.s3.amazonaws.com/photos/89302470/original.jpeg","jpeg","https://www.inaturalist.org/observations/56058220"
"iNaturalist","image","55748276","Lontra annectens","2020-08-07","18:37","Jeremy Flanagan",NA,"-4.8941483804,-80.6965068359",-4.8941483804,-80.6965068359,"https://inaturalist-open-data.s3.amazonaws.com/photos/88789357/original.jpeg","jpeg","https://www.inaturalist.org/observations/55748276"
"iNaturalist","image","55748276","Lontra annectens","2020-08-07","18:37","Jeremy Flanagan",NA,"-4.8941483804,-80.6965068359",-4.8941483804,-80.6965068359,"https://inaturalist-open-data.s3.amazonaws.com/photos/88789598/original.jpeg","jpeg","https://www.inaturalist.org/observations/55748276"
"iNaturalist","image","55748276","Lontra annectens","2020-08-07","18:37","Jeremy Flanagan",NA,"-4.8941483804,-80.6965068359",-4.8941483804,-80.6965068359,"https://inaturalist-open-data.s3.amazonaws.com/photos/88789628/original.jpeg","jpeg","https://www.inaturalist.org/observations/55748276"
"iNaturalist","image","55285906","Lontra annectens","2020-07-31","08:29","Ivani Martínez",NA,"19.0987925641,-96.1849446607",19.0987925641,-96.1849446607,"https://inaturalist-open-data.s3.amazonaws.com/photos/88024386/original.jpeg","jpeg","https://www.inaturalist.org/observations/55285906"
"iNaturalist","image","55128774","Lontra annectens","2015-08-21","17:49","Jonathan m",NA,"0.0058611961,-78.9105838286",0.0058611961,-78.9105838286,"https://inaturalist-open-data.s3.amazonaws.com/photos/87763713/original.jpeg","jpeg","https://www.inaturalist.org/observations/55128774"
"iNaturalist","image","55118180","Lontra annectens","2018-12-14","09:57","Edgarth",NA,"18.42268,-93.2034083333",18.42268,-93.2034083333,"https://inaturalist-open-data.s3.amazonaws.com/photos/87745661/original.jpg","jpeg","https://www.inaturalist.org/observations/55118180"
"iNaturalist","image","52365065","Lontra annectens",NA,NA,"Pablo Bedrossian",NA,"15.539569303,-87.9940288132",15.539569303,-87.9940288132,"https://static.inaturalist.org/photos/83238441/original.jpeg","jpeg","https://www.inaturalist.org/observations/52365065"
"iNaturalist","image","52365063","Lontra annectens",NA,NA,"Pablo Bedrossian",NA,"15.5405390075,-87.9946296489",15.5405390075,-87.9946296489,"https://static.inaturalist.org/photos/83238425/original.jpeg","jpeg","https://www.inaturalist.org/observations/52365063"
"iNaturalist","image","51146229","Lontra annectens","2020-06-26","19:49","Cecillopart",NA,"-2.1081974014,-79.8695429787",-2.1081974014,-79.8695429787,"https://inaturalist-open-data.s3.amazonaws.com/photos/81245614/original.jpg","jpeg","https://www.inaturalist.org/observations/51146229"
"iNaturalist","image","51146229","Lontra annectens","2020-06-26","19:49","Cecillopart",NA,"-2.1081974014,-79.8695429787",-2.1081974014,-79.8695429787,"https://inaturalist-open-data.s3.amazonaws.com/photos/81245656/original.jpeg","jpeg","https://www.inaturalist.org/observations/51146229"
"iNaturalist","image","51146229","Lontra annectens","2020-06-26","19:49","Cecillopart",NA,"-2.1081974014,-79.8695429787",-2.1081974014,-79.8695429787,"https://inaturalist-open-data.s3.amazonaws.com/photos/81245675/original.jpg","jpeg","https://www.inaturalist.org/observations/51146229"
"iNaturalist","image","51146229","Lontra annectens","2020-06-26","19:49","Cecillopart",NA,"-2.1081974014,-79.8695429787",-2.1081974014,-79.8695429787,"https://inaturalist-open-data.s3.amazonaws.com/photos/81245691/original.jpg","jpeg","https://www.inaturalist.org/observations/51146229"
"iNaturalist","image","50497586","Lontra annectens",NA,NA,"Heriberto",NA,"24.0650801879,-106.6535313427",24.0650801879,-106.6535313427,"https://inaturalist-open-data.s3.amazonaws.com/photos/80181898/original.jpeg","jpeg","https://www.inaturalist.org/observations/50497586"
"iNaturalist","image","50497586","Lontra annectens",NA,NA,"Heriberto",NA,"24.0650801879,-106.6535313427",24.0650801879,-106.6535313427,"https://inaturalist-open-data.s3.amazonaws.com/photos/80181909/original.jpeg","jpeg","https://www.inaturalist.org/observations/50497586"
"iNaturalist","image","50497586","Lontra annectens",NA,NA,"Heriberto",NA,"24.0650801879,-106.6535313427",24.0650801879,-106.6535313427,"https://inaturalist-open-data.s3.amazonaws.com/photos/80181008/original.jpg","jpeg","https://www.inaturalist.org/observations/50497586"
"iNaturalist","image","50497586","Lontra annectens",NA,NA,"Heriberto",NA,"24.0650801879,-106.6535313427",24.0650801879,-106.6535313427,"https://inaturalist-open-data.s3.amazonaws.com/photos/80181019/original.jpg","jpeg","https://www.inaturalist.org/observations/50497586"
"iNaturalist","image","48853648","Lontra annectens","2020-06-07","18:25","Cecillopart",NA,"-2.1083726322,-79.8695382848",-2.1083726322,-79.8695382848,"https://inaturalist-open-data.s3.amazonaws.com/photos/77533640/original.jpeg","jpeg","https://www.inaturalist.org/observations/48853648"
"iNaturalist","image","48853648","Lontra annectens","2020-06-07","18:25","Cecillopart",NA,"-2.1083726322,-79.8695382848",-2.1083726322,-79.8695382848,"https://inaturalist-open-data.s3.amazonaws.com/photos/77533669/original.jpeg","jpeg","https://www.inaturalist.org/observations/48853648"
"iNaturalist","image","48853648","Lontra annectens","2020-06-07","18:25","Cecillopart",NA,"-2.1083726322,-79.8695382848",-2.1083726322,-79.8695382848,"https://inaturalist-open-data.s3.amazonaws.com/photos/77533704/original.jpeg","jpeg","https://www.inaturalist.org/observations/48853648"
"iNaturalist","image","48852187","Lontra annectens","2020-06-07","18:25","Cecillopart",NA,"-2.1083686116,-79.8695389554",-2.1083686116,-79.8695389554,"https://inaturalist-open-data.s3.amazonaws.com/photos/77531080/original.jpeg","jpeg","https://www.inaturalist.org/observations/48852187"
"iNaturalist","image","48204442","Lontra annectens","2014-08-10","07:11","Larry Zheng",NA,"10.4216292457,-84.0274298045",10.4216292457,-84.0274298045,"https://static.inaturalist.org/photos/76474793/original.jpeg","jpeg","https://www.inaturalist.org/observations/48204442"
"iNaturalist","image","47357040","Lontra annectens","2015-05-11","08:59","Arcesio Tamayo",NA,"4.7591546255,-75.6062012194",4.7591546255,-75.6062012194,"https://inaturalist-open-data.s3.amazonaws.com/photos/75106370/original.jpeg","jpeg","https://www.inaturalist.org/observations/47357040"
"iNaturalist","image","47357040","Lontra annectens","2015-05-11","08:59","Arcesio Tamayo",NA,"4.7591546255,-75.6062012194",4.7591546255,-75.6062012194,"https://inaturalist-open-data.s3.amazonaws.com/photos/75114091/original.jpeg","jpeg","https://www.inaturalist.org/observations/47357040"
"iNaturalist","image","47357040","Lontra annectens","2015-05-11","08:59","Arcesio Tamayo",NA,"4.7591546255,-75.6062012194",4.7591546255,-75.6062012194,"https://inaturalist-open-data.s3.amazonaws.com/photos/75114136/original.jpeg","jpeg","https://www.inaturalist.org/observations/47357040"
"iNaturalist","image","47357040","Lontra annectens","2015-05-11","08:59","Arcesio Tamayo",NA,"4.7591546255,-75.6062012194",4.7591546255,-75.6062012194,"https://inaturalist-open-data.s3.amazonaws.com/photos/75114174/original.jpeg","jpeg","https://www.inaturalist.org/observations/47357040"
"iNaturalist","image","46574585","Lontra annectens","2020-05-18","19:39","Martinez-Perez",NA,"20.4801230044,-104.0012358906",20.4801230044,-104.0012358906,"https://inaturalist-open-data.s3.amazonaws.com/photos/73872409/original.jpeg","jpeg","https://www.inaturalist.org/observations/46574585"
"iNaturalist","image","46574585","Lontra annectens","2020-05-18","19:39","Martinez-Perez",NA,"20.4801230044,-104.0012358906",20.4801230044,-104.0012358906,"https://inaturalist-open-data.s3.amazonaws.com/photos/73872447/original.jpeg","jpeg","https://www.inaturalist.org/observations/46574585"
"iNaturalist","image","45723629","Lontra annectens","2020-02-29","13:35","Denilson Eliu Ordoñez Moreno",NA,"14.8499536387,-87.9591935858",14.8499536387,-87.9591935858,"https://inaturalist-open-data.s3.amazonaws.com/photos/72506694/original.jpg","jpeg","https://www.inaturalist.org/observations/45723629"
"iNaturalist","image","45723629","Lontra annectens","2020-02-29","13:35","Denilson Eliu Ordoñez Moreno",NA,"14.8499536387,-87.9591935858",14.8499536387,-87.9591935858,"https://inaturalist-open-data.s3.amazonaws.com/photos/72506844/original.jpg","jpeg","https://www.inaturalist.org/observations/45723629"
"iNaturalist","image","45390621","Lontra annectens","2020-05-02","19:19","Gera_machado",NA,"23.6800474174,-106.2126354706",23.6800474174,-106.2126354706,"https://inaturalist-open-data.s3.amazonaws.com/photos/71973470/original.jpeg","jpeg","https://www.inaturalist.org/observations/45390621"
"iNaturalist","image","45390621","Lontra annectens","2020-05-02","19:19","Gera_machado",NA,"23.6800474174,-106.2126354706",23.6800474174,-106.2126354706,"https://inaturalist-open-data.s3.amazonaws.com/photos/71973586/original.jpeg","jpeg","https://www.inaturalist.org/observations/45390621"
"iNaturalist","image","44568777","Lontra annectens","2016-06-19","11:58","Héctor Briones",NA,"10.5275463609,-83.5128431395",10.5275463609,-83.5128431395,"https://static.inaturalist.org/photos/70664104/original.jpeg","jpeg","https://www.inaturalist.org/observations/44568777"
"iNaturalist","image","44405626","Lontra annectens","2019-04-09","06:26","Silvano Lg",NA,"16.7538257209,-90.7586490735",16.7538257209,-90.7586490735,"https://inaturalist-open-data.s3.amazonaws.com/photos/70404542/original.jpeg","jpeg","https://www.inaturalist.org/observations/44405626"
"iNaturalist","image","44385973","Lontra annectens","2019-12-01","15:54","Ezequiel Trujillo",NA,"16.460774613,-93.9861233337",16.460774613,-93.9861233337,"https://inaturalist-open-data.s3.amazonaws.com/photos/70372637/original.jpeg","jpeg","https://www.inaturalist.org/observations/44385973"
"iNaturalist","image","44385973","Lontra annectens","2019-12-01","15:54","Ezequiel Trujillo",NA,"16.460774613,-93.9861233337",16.460774613,-93.9861233337,"https://inaturalist-open-data.s3.amazonaws.com/photos/70372459/original.jpeg","jpeg","https://www.inaturalist.org/observations/44385973"
"iNaturalist","image","44385973","Lontra annectens","2019-12-01","15:54","Ezequiel Trujillo",NA,"16.460774613,-93.9861233337",16.460774613,-93.9861233337,"https://inaturalist-open-data.s3.amazonaws.com/photos/70372657/original.jpeg","jpeg","https://www.inaturalist.org/observations/44385973"
"iNaturalist","image","44385973","Lontra annectens","2019-12-01","15:54","Ezequiel Trujillo",NA,"16.460774613,-93.9861233337",16.460774613,-93.9861233337,"https://inaturalist-open-data.s3.amazonaws.com/photos/70372518/original.jpeg","jpeg","https://www.inaturalist.org/observations/44385973"
"iNaturalist","image","44385973","Lontra annectens","2019-12-01","15:54","Ezequiel Trujillo",NA,"16.460774613,-93.9861233337",16.460774613,-93.9861233337,"https://inaturalist-open-data.s3.amazonaws.com/photos/70372612/original.jpeg","jpeg","https://www.inaturalist.org/observations/44385973"
"iNaturalist","image","44385973","Lontra annectens","2019-12-01","15:54","Ezequiel Trujillo",NA,"16.460774613,-93.9861233337",16.460774613,-93.9861233337,"https://inaturalist-open-data.s3.amazonaws.com/photos/70372570/original.jpeg","jpeg","https://www.inaturalist.org/observations/44385973"
"iNaturalist","image","44385973","Lontra annectens","2019-12-01","15:54","Ezequiel Trujillo",NA,"16.460774613,-93.9861233337",16.460774613,-93.9861233337,"https://inaturalist-open-data.s3.amazonaws.com/photos/70372548/original.jpeg","jpeg","https://www.inaturalist.org/observations/44385973"
"iNaturalist","image","44037034","Lontra annectens","2020-04-23","19:06","Gera_machado",NA,"23.7266059177,-106.2436036209",23.7266059177,-106.2436036209,"https://inaturalist-open-data.s3.amazonaws.com/photos/69825362/original.jpeg","jpeg","https://www.inaturalist.org/observations/44037034"
"iNaturalist","image","43767866","Lontra annectens",NA,NA,"Blair Dudeck",NA,"17.3118017288,-88.5540962219",17.3118017288,-88.5540962219,"https://inaturalist-open-data.s3.amazonaws.com/photos/69414045/original.jpg","jpeg","https://www.inaturalist.org/observations/43767866"
"iNaturalist","image","43637121","Lontra annectens","2020-04-26","09:27","Biól. Nayla Camposval",NA,"21.4783326047,-104.8599891365",21.4783326047,-104.8599891365,"https://static.inaturalist.org/photos/69223738/original.jpg","jpeg","https://www.inaturalist.org/observations/43637121"
"iNaturalist","image","42847561","Lontra annectens","2020-04-21","18:31","Gerobuam Hernandez",NA,"16.938495,-94.665735",16.938495,-94.665735,"https://inaturalist-open-data.s3.amazonaws.com/photos/68044254/original.jpeg","jpeg","https://www.inaturalist.org/observations/42847561"
"iNaturalist","image","42847561","Lontra annectens","2020-04-21","18:31","Gerobuam Hernandez",NA,"16.938495,-94.665735",16.938495,-94.665735,"https://inaturalist-open-data.s3.amazonaws.com/photos/68044286/original.jpeg","jpeg","https://www.inaturalist.org/observations/42847561"
"iNaturalist","image","42847561","Lontra annectens","2020-04-21","18:31","Gerobuam Hernandez",NA,"16.938495,-94.665735",16.938495,-94.665735,"https://inaturalist-open-data.s3.amazonaws.com/photos/68044317/original.jpeg","jpeg","https://www.inaturalist.org/observations/42847561"
"iNaturalist","image","42687531","Lontra annectens","2019-05-25","19:57","Aldo Dávalos Martínez",NA,"19.9386325361,-103.7594009815",19.9386325361,-103.7594009815,"https://inaturalist-open-data.s3.amazonaws.com/photos/67790732/original.jpeg","jpeg","https://www.inaturalist.org/observations/42687531"
"iNaturalist","image","41978015","Lontra annectens","2018-03-17","18:15","Diana Fuentes",NA,"15.9152599299,-97.3238430847",15.9152599299,-97.3238430847,"https://inaturalist-open-data.s3.amazonaws.com/photos/66727471/original.jpg","jpeg","https://www.inaturalist.org/observations/41978015"
"iNaturalist","image","41978015","Lontra annectens","2018-03-17","18:15","Diana Fuentes",NA,"15.9152599299,-97.3238430847",15.9152599299,-97.3238430847,"https://inaturalist-open-data.s3.amazonaws.com/photos/66727950/original.jpg","jpeg","https://www.inaturalist.org/observations/41978015"
"iNaturalist","image","41978015","Lontra annectens","2018-03-17","18:15","Diana Fuentes",NA,"15.9152599299,-97.3238430847",15.9152599299,-97.3238430847,"https://inaturalist-open-data.s3.amazonaws.com/photos/66728273/original.jpg","jpeg","https://www.inaturalist.org/observations/41978015"
"iNaturalist","image","41578232","Lontra annectens","2020-03-03","14:53","Peter Hollinger",NA,"3.8824933333,-76.349925",3.8824933333,-76.349925,"https://inaturalist-open-data.s3.amazonaws.com/photos/65968256/original.jpg","jpeg","https://www.inaturalist.org/observations/41578232"
"iNaturalist","image","41578232","Lontra annectens","2020-03-03","14:53","Peter Hollinger",NA,"3.8824933333,-76.349925",3.8824933333,-76.349925,"https://inaturalist-open-data.s3.amazonaws.com/photos/65968259/original.jpg","jpeg","https://www.inaturalist.org/observations/41578232"
"iNaturalist","image","41578232","Lontra annectens","2020-03-03","14:53","Peter Hollinger",NA,"3.8824933333,-76.349925",3.8824933333,-76.349925,"https://inaturalist-open-data.s3.amazonaws.com/photos/65968253/original.jpg","jpeg","https://www.inaturalist.org/observations/41578232"
"iNaturalist","image","41344372","Lontra annectens","2017-01-21","08:53","Iann 🇦🇷",NA,"10.5336230556,-83.5179497222",10.5336230556,-83.5179497222,"https://static.inaturalist.org/photos/65577659/original.jpeg","jpeg","https://www.inaturalist.org/observations/41344372"
"iNaturalist","image","41192645","Lontra annectens","2020-04-01","15:49","Alejandro Aguilar Fernández",NA,"22.1187902384,-98.5727548599",22.1187902384,-98.5727548599,"https://inaturalist-open-data.s3.amazonaws.com/photos/65324015/original.jpg","jpeg","https://www.inaturalist.org/observations/41192645"
"iNaturalist","image","40855214","Lontra annectens","2020-03-27","16:55","Ezequiel Trujillo",NA,"16.1817705836,-92.9894892499",16.1817705836,-92.9894892499,"https://inaturalist-open-data.s3.amazonaws.com/photos/64770100/original.jpeg","jpeg","https://www.inaturalist.org/observations/40855214"
"iNaturalist","image","40855214","Lontra annectens","2020-03-27","16:55","Ezequiel Trujillo",NA,"16.1817705836,-92.9894892499",16.1817705836,-92.9894892499,"https://inaturalist-open-data.s3.amazonaws.com/photos/64770109/original.jpeg","jpeg","https://www.inaturalist.org/observations/40855214"
"iNaturalist","image","40855214","Lontra annectens","2020-03-27","16:55","Ezequiel Trujillo",NA,"16.1817705836,-92.9894892499",16.1817705836,-92.9894892499,"https://inaturalist-open-data.s3.amazonaws.com/photos/64770124/original.jpeg","jpeg","https://www.inaturalist.org/observations/40855214"
"iNaturalist","image","40672656","Lontra annectens","2020-03-22","19:31","Gera_machado",NA,"23.6097725982,-106.2410913627",23.6097725982,-106.2410913627,"https://inaturalist-open-data.s3.amazonaws.com/photos/64472824/original.jpeg","jpeg","https://www.inaturalist.org/observations/40672656"
"iNaturalist","image","40514805","Lontra annectens","2020-02-06","11:33","Bastien Louboutin",NA,"10.4487709596,-84.0105629774",10.4487709596,-84.0105629774,"https://inaturalist-open-data.s3.amazonaws.com/photos/64205413/original.jpeg","jpeg","https://www.inaturalist.org/observations/40514805"
"iNaturalist","image","40260927","Lontra annectens","2020-02-15","08:29","Cameron Eckert",NA,"8.023,-77.7414116667",8.023,-77.7414116667,"https://inaturalist-open-data.s3.amazonaws.com/photos/63954002/original.jpg","jpeg","https://www.inaturalist.org/observations/40260927"
"iNaturalist","image","40260927","Lontra annectens","2020-02-15","08:29","Cameron Eckert",NA,"8.023,-77.7414116667",8.023,-77.7414116667,"https://inaturalist-open-data.s3.amazonaws.com/photos/63954032/original.jpeg","jpeg","https://www.inaturalist.org/observations/40260927"
"iNaturalist","image","40260927","Lontra annectens","2020-02-15","08:29","Cameron Eckert",NA,"8.023,-77.7414116667",8.023,-77.7414116667,"https://inaturalist-open-data.s3.amazonaws.com/photos/63954062/original.jpeg","jpeg","https://www.inaturalist.org/observations/40260927"
"iNaturalist","image","40260927","Lontra annectens","2020-02-15","08:29","Cameron Eckert",NA,"8.023,-77.7414116667",8.023,-77.7414116667,"https://inaturalist-open-data.s3.amazonaws.com/photos/63954076/original.jpeg","jpeg","https://www.inaturalist.org/observations/40260927"
"iNaturalist","image","40169360","Lontra annectens","2020-02-29","13:55","Oliver Komar",NA,"14.8499278151,-87.9592017196",14.8499278151,-87.9592017196,"https://inaturalist-open-data.s3.amazonaws.com/photos/63806691/original.jpeg","jpeg","https://www.inaturalist.org/observations/40169360"
"iNaturalist","image","40169360","Lontra annectens","2020-02-29","13:55","Oliver Komar",NA,"14.8499278151,-87.9592017196",14.8499278151,-87.9592017196,"https://inaturalist-open-data.s3.amazonaws.com/photos/63806697/original.jpeg","jpeg","https://www.inaturalist.org/observations/40169360"
"iNaturalist","image","40169360","Lontra annectens","2020-02-29","13:55","Oliver Komar",NA,"14.8499278151,-87.9592017196",14.8499278151,-87.9592017196,"https://inaturalist-open-data.s3.amazonaws.com/photos/63806684/original.jpeg","jpeg","https://www.inaturalist.org/observations/40169360"
"iNaturalist","image","40169360","Lontra annectens","2020-02-29","13:55","Oliver Komar",NA,"14.8499278151,-87.9592017196",14.8499278151,-87.9592017196,"https://inaturalist-open-data.s3.amazonaws.com/photos/63806702/original.jpeg","jpeg","https://www.inaturalist.org/observations/40169360"
"iNaturalist","image","40169360","Lontra annectens","2020-02-29","13:55","Oliver Komar",NA,"14.8499278151,-87.9592017196",14.8499278151,-87.9592017196,"https://inaturalist-open-data.s3.amazonaws.com/photos/63806708/original.jpeg","jpeg","https://www.inaturalist.org/observations/40169360"
"iNaturalist","image","40169360","Lontra annectens","2020-02-29","13:55","Oliver Komar",NA,"14.8499278151,-87.9592017196",14.8499278151,-87.9592017196,"https://inaturalist-open-data.s3.amazonaws.com/photos/63806716/original.jpeg","jpeg","https://www.inaturalist.org/observations/40169360"
"iNaturalist","image","40169360","Lontra annectens","2020-02-29","13:55","Oliver Komar",NA,"14.8499278151,-87.9592017196",14.8499278151,-87.9592017196,"https://inaturalist-open-data.s3.amazonaws.com/photos/63806725/original.jpeg","jpeg","https://www.inaturalist.org/observations/40169360"
"iNaturalist","image","39655706","Lontra annectens","2020-02-29","12:27","Rolando Chavez",NA,"17.9105109157,-92.0742856061",17.9105109157,-92.0742856061,"https://static.inaturalist.org/photos/62935142/original.jpg","jpeg","https://www.inaturalist.org/observations/39655706"
"iNaturalist","image","39480260","Lontra annectens","2020-02-25","12:49","Gera_machado",NA,"23.6764411382,-106.3840340472",23.6764411382,-106.3840340472,"https://inaturalist-open-data.s3.amazonaws.com/photos/62643663/original.jpeg","jpeg","https://www.inaturalist.org/observations/39480260"
"iNaturalist","image","39411785","Lontra annectens","2020-02-24","09:49","Gera_machado",NA,"23.7529930373,-106.2761857413",23.7529930373,-106.2761857413,"https://inaturalist-open-data.s3.amazonaws.com/photos/62524712/original.jpeg","jpeg","https://www.inaturalist.org/observations/39411785"
"iNaturalist","image","38879139","Lontra annectens",NA,NA,"Mieked",NA,"10.5424838,-83.5023552",10.5424838,-83.5023552,"https://inaturalist-open-data.s3.amazonaws.com/photos/61828531/original.jpeg","jpeg","https://www.inaturalist.org/observations/38879139"
"iNaturalist","image","38617465","Lontra annectens","2018-02-01","14:41","Humberto",NA,"17.7590136007,-95.0617408626",17.7590136007,-95.0617408626,"https://inaturalist-open-data.s3.amazonaws.com/photos/61399640/original.jpeg","jpeg","https://www.inaturalist.org/observations/38617465"
"iNaturalist","image","38206213","Lontra annectens","2020-01-24","14:21","Miguel Angel Rodriguez Salazar",NA,"18.5301671,-95.0260479",18.5301671,-95.0260479,"https://static.inaturalist.org/photos/60686339/original.jpg","jpeg","https://www.inaturalist.org/observations/38206213"
"iNaturalist","image","38206213","Lontra annectens","2020-01-24","14:21","Miguel Angel Rodriguez Salazar",NA,"18.5301671,-95.0260479",18.5301671,-95.0260479,"https://static.inaturalist.org/photos/60686358/original.jpg","jpeg","https://www.inaturalist.org/observations/38206213"
"iNaturalist","image","38206213","Lontra annectens","2020-01-24","14:21","Miguel Angel Rodriguez Salazar",NA,"18.5301671,-95.0260479",18.5301671,-95.0260479,"https://static.inaturalist.org/photos/60686397/original.jpg","jpeg","https://www.inaturalist.org/observations/38206213"
"iNaturalist","image","38206213","Lontra annectens","2020-01-24","14:21","Miguel Angel Rodriguez Salazar",NA,"18.5301671,-95.0260479",18.5301671,-95.0260479,"https://static.inaturalist.org/photos/60686417/original.jpg","jpeg","https://www.inaturalist.org/observations/38206213"
"iNaturalist","image","37852198","Lontra annectens","2020-01-17","08:57","Diego Barrales",NA,"23.6391666667,-106.3708333333",23.6391666667,-106.3708333333,"https://static.inaturalist.org/photos/60087516/original.jpg","jpeg","https://www.inaturalist.org/observations/37852198"
"iNaturalist","image","37852198","Lontra annectens","2020-01-17","08:57","Diego Barrales",NA,"23.6391666667,-106.3708333333",23.6391666667,-106.3708333333,"https://static.inaturalist.org/photos/60087526/original.jpg","jpeg","https://www.inaturalist.org/observations/37852198"
"iNaturalist","image","37852198","Lontra annectens","2020-01-17","08:57","Diego Barrales",NA,"23.6391666667,-106.3708333333",23.6391666667,-106.3708333333,"https://static.inaturalist.org/photos/60087534/original.jpg","jpeg","https://www.inaturalist.org/observations/37852198"
"iNaturalist","image","37852198","Lontra annectens","2020-01-17","08:57","Diego Barrales",NA,"23.6391666667,-106.3708333333",23.6391666667,-106.3708333333,"https://static.inaturalist.org/photos/60087539/original.jpg","jpeg","https://www.inaturalist.org/observations/37852198"
"iNaturalist","image","37852198","Lontra annectens","2020-01-17","08:57","Diego Barrales",NA,"23.6391666667,-106.3708333333",23.6391666667,-106.3708333333,"https://static.inaturalist.org/photos/60087551/original.jpg","jpeg","https://www.inaturalist.org/observations/37852198"
"iNaturalist","image","37696617","Lontra annectens","2020-01-16","14:26","Julio Alejandro Álvarez Ruiz",NA,"20.7991035693,-104.0903607404",20.7991035693,-104.0903607404,"https://static.inaturalist.org/photos/59812727/original.jpeg","jpeg","https://www.inaturalist.org/observations/37696617"
"iNaturalist","image","37538140","Lontra annectens","2019-04-04","06:24","Guillermo López-Funes",NA,"14.3424483891,-89.5592860138",14.3424483891,-89.5592860138,"https://static.inaturalist.org/photos/59527237/original.jpg","jpeg","https://www.inaturalist.org/observations/37538140"
"iNaturalist","image","37538140","Lontra annectens","2019-04-04","06:24","Guillermo López-Funes",NA,"14.3424483891,-89.5592860138",14.3424483891,-89.5592860138,"https://static.inaturalist.org/photos/59527373/original.jpg","jpeg","https://www.inaturalist.org/observations/37538140"
"iNaturalist","image","37538140","Lontra annectens","2019-04-04","06:24","Guillermo López-Funes",NA,"14.3424483891,-89.5592860138",14.3424483891,-89.5592860138,"https://static.inaturalist.org/photos/59527376/original.jpg","jpeg","https://www.inaturalist.org/observations/37538140"
"iNaturalist","image","37538039","Lontra annectens","2019-05-17","06:31","Guillermo López-Funes",NA,"14.3424483891,-89.5592860138",14.3424483891,-89.5592860138,"https://static.inaturalist.org/photos/59526952/original.jpeg","jpeg","https://www.inaturalist.org/observations/37538039"
"iNaturalist","image","37538039","Lontra annectens","2019-05-17","06:31","Guillermo López-Funes",NA,"14.3424483891,-89.5592860138",14.3424483891,-89.5592860138,"https://static.inaturalist.org/photos/59527152/original.jpeg","jpeg","https://www.inaturalist.org/observations/37538039"
"iNaturalist","image","37538039","Lontra annectens","2019-05-17","06:31","Guillermo López-Funes",NA,"14.3424483891,-89.5592860138",14.3424483891,-89.5592860138,"https://static.inaturalist.org/photos/59527153/original.jpeg","jpeg","https://www.inaturalist.org/observations/37538039"
"iNaturalist","image","37309229","Lontra annectens","1999-04-04","13:28","Jan Meerman",NA,"16.8546886793,-89.0059342069",16.8546886793,-89.0059342069,"https://inaturalist-open-data.s3.amazonaws.com/photos/59122148/original.jpeg","jpeg","https://www.inaturalist.org/observations/37309229"
"iNaturalist","image","37309229","Lontra annectens","1999-04-04","13:28","Jan Meerman",NA,"16.8546886793,-89.0059342069",16.8546886793,-89.0059342069,"https://inaturalist-open-data.s3.amazonaws.com/photos/59122145/original.jpeg","jpeg","https://www.inaturalist.org/observations/37309229"
"iNaturalist","image","37309229","Lontra annectens","1999-04-04","13:28","Jan Meerman",NA,"16.8546886793,-89.0059342069",16.8546886793,-89.0059342069,"https://inaturalist-open-data.s3.amazonaws.com/photos/59122142/original.jpeg","jpeg","https://www.inaturalist.org/observations/37309229"
"iNaturalist","image","37309229","Lontra annectens","1999-04-04","13:28","Jan Meerman",NA,"16.8546886793,-89.0059342069",16.8546886793,-89.0059342069,"https://inaturalist-open-data.s3.amazonaws.com/photos/59122150/original.jpeg","jpeg","https://www.inaturalist.org/observations/37309229"
"iNaturalist","image","37309229","Lontra annectens","1999-04-04","13:28","Jan Meerman",NA,"16.8546886793,-89.0059342069",16.8546886793,-89.0059342069,"https://inaturalist-open-data.s3.amazonaws.com/photos/59122152/original.jpeg","jpeg","https://www.inaturalist.org/observations/37309229"
"iNaturalist","image","37148358","Lontra annectens","2019-12-31","13:53","Mark Thompson",NA,"9.620389959,-85.0856319162",9.620389959,-85.0856319162,"https://static.inaturalist.org/photos/58854014/original.jpg","jpeg","https://www.inaturalist.org/observations/37148358"
"iNaturalist","image","37148358","Lontra annectens","2019-12-31","13:53","Mark Thompson",NA,"9.620389959,-85.0856319162",9.620389959,-85.0856319162,"https://static.inaturalist.org/photos/58843207/original.jpg","jpeg","https://www.inaturalist.org/observations/37148358"
"iNaturalist","image","37148358","Lontra annectens","2019-12-31","13:53","Mark Thompson",NA,"9.620389959,-85.0856319162",9.620389959,-85.0856319162,"https://static.inaturalist.org/photos/58842737/original.jpg","jpeg","https://www.inaturalist.org/observations/37148358"
"iNaturalist","image","36885402","Lontra annectens","2019-12-18","11:22","Edward Bell",NA,"8.66093833,-83.13681667",8.66093833,-83.13681667,"https://inaturalist-open-data.s3.amazonaws.com/photos/58381270/original.jpg","jpeg","https://www.inaturalist.org/observations/36885402"
"iNaturalist","image","36864152","Lontra annectens","2016-01-28","12:43","James Telford",NA,"10.5279968002,-83.5107573546",10.5279968002,-83.5107573546,"https://inaturalist-open-data.s3.amazonaws.com/photos/58343588/original.jpg","jpeg","https://www.inaturalist.org/observations/36864152"
"iNaturalist","image","36862660","Lontra annectens","2019-12-04","09:41","Tresa Moulton",NA,"10.438145,-84.009425",10.438145,-84.009425,"https://inaturalist-open-data.s3.amazonaws.com/photos/58341364/original.jpg","jpeg","https://www.inaturalist.org/observations/36862660"
"iNaturalist","image","36785628","Lontra annectens","2019-07-05","00:54","José Prieto",NA,"13.999576821,-86.994180719",13.999576821,-86.994180719,"https://inaturalist-open-data.s3.amazonaws.com/photos/58204503/original.jpeg","jpeg","https://www.inaturalist.org/observations/36785628"
"iNaturalist","image","36629491","Lontra annectens","2012-02-14","13:11","Roni Martinez",NA,"16.7827858914,-88.9309583232",16.7827858914,-88.9309583232,"https://inaturalist-open-data.s3.amazonaws.com/photos/57925367/original.jpeg","jpeg","https://www.inaturalist.org/observations/36629491"
"iNaturalist","image","36622200","Lontra annectens","2019-09-02","17:23","Julio Enriquez Vera",NA,"19.1052649345,-96.159998104",19.1052649345,-96.159998104,"https://static.inaturalist.org/photos/57912966/original.jpeg","jpeg","https://www.inaturalist.org/observations/36622200"
"iNaturalist","image","36513646","Lontra annectens","2016-04-13","11:08","Ruber Enrique Ledesma Ruiz",NA,"8.6572986698,-75.0423628869",8.6572986698,-75.0423628869,"https://static.inaturalist.org/photos/57727280/original.jpg","jpeg","https://www.inaturalist.org/observations/36513646"
"iNaturalist","image","36513646","Lontra annectens","2016-04-13","11:08","Ruber Enrique Ledesma Ruiz",NA,"8.6572986698,-75.0423628869",8.6572986698,-75.0423628869,"https://static.inaturalist.org/photos/57732272/original.jpg","jpeg","https://www.inaturalist.org/observations/36513646"
"iNaturalist","image","36375702","Lontra annectens","2019-11-26","08:51","Ezequiel Trujillo",NA,"16.4706490414,-93.9883364332",16.4706490414,-93.9883364332,"https://inaturalist-open-data.s3.amazonaws.com/photos/57494793/original.jpeg","jpeg","https://www.inaturalist.org/observations/36375702"
"iNaturalist","image","36375702","Lontra annectens","2019-11-26","08:51","Ezequiel Trujillo",NA,"16.4706490414,-93.9883364332",16.4706490414,-93.9883364332,"https://inaturalist-open-data.s3.amazonaws.com/photos/57494720/original.jpeg","jpeg","https://www.inaturalist.org/observations/36375702"
"iNaturalist","image","36375702","Lontra annectens","2019-11-26","08:51","Ezequiel Trujillo",NA,"16.4706490414,-93.9883364332",16.4706490414,-93.9883364332,"https://inaturalist-open-data.s3.amazonaws.com/photos/57494773/original.jpeg","jpeg","https://www.inaturalist.org/observations/36375702"
"iNaturalist","image","36375702","Lontra annectens","2019-11-26","08:51","Ezequiel Trujillo",NA,"16.4706490414,-93.9883364332",16.4706490414,-93.9883364332,"https://inaturalist-open-data.s3.amazonaws.com/photos/57494748/original.jpeg","jpeg","https://www.inaturalist.org/observations/36375702"
"iNaturalist","image","36235626","Lontra annectens","2015-12-18","11:00","Patushk",NA,"10.5424838,-83.5023552",10.5424838,-83.5023552,"https://inaturalist-open-data.s3.amazonaws.com/photos/57254760/original.jpeg","jpeg","https://www.inaturalist.org/observations/36235626"
"iNaturalist","image","36147301","Lontra annectens","2019-11-16","12:17","Jorge Garibaldo",NA,"9.0656193142,-79.6508618072",9.0656193142,-79.6508618072,"https://inaturalist-open-data.s3.amazonaws.com/photos/57104102/original.jpg","jpeg","https://www.inaturalist.org/observations/36147301"
"iNaturalist","image","36098650","Lontra annectens",NA,NA,"Ernesto P. Montes",NA,"18.1713888,-96.2833333",18.1713888,-96.2833333,"https://static.inaturalist.org/photos/57018423/original.jpg","jpeg","https://www.inaturalist.org/observations/36098650"
"iNaturalist","image","35166318","Lontra annectens","2019-10-27","06:35","Carlos Venegas-Elizondo",NA,"10.6861175953,-84.1784380004",10.6861175953,-84.1784380004,"https://inaturalist-open-data.s3.amazonaws.com/photos/55421973/original.jpeg","jpeg","https://www.inaturalist.org/observations/35166318"
"iNaturalist","image","35036792","Lontra annectens","2011-02-22","03:00","Ángela Patricia Rojas Cortés",NA,"18.437770499,-95.0841102217",18.437770499,-95.0841102217,"https://inaturalist-open-data.s3.amazonaws.com/photos/55221141/original.jpeg","jpeg","https://www.inaturalist.org/observations/35036792"
"iNaturalist","image","35012056","Lontra annectens","2019-09-24","03:32","Michael Bakker Paiva",NA,"0.1752230774,-78.933055401",0.1752230774,-78.933055401,"https://inaturalist-open-data.s3.amazonaws.com/photos/55173752/original.jpeg","jpeg","https://www.inaturalist.org/observations/35012056"
"iNaturalist","image","35012056","Lontra annectens","2019-09-24","03:32","Michael Bakker Paiva",NA,"0.1752230774,-78.933055401",0.1752230774,-78.933055401,"https://inaturalist-open-data.s3.amazonaws.com/photos/55173764/original.jpeg","jpeg","https://www.inaturalist.org/observations/35012056"
"iNaturalist","image","34266623","Lontra annectens","2019-10-12","12:54","Carmen Mari Haces",NA,"16.7225817215,-93.0969522599",16.7225817215,-93.0969522599,"https://static.inaturalist.org/photos/53905936/original.jpg","jpeg","https://www.inaturalist.org/observations/34266623"
"iNaturalist","image","34077686","Lontra annectens","2019-08-11","16:45","Ismael",NA,"10.4591314767,-84.7490471229",10.4591314767,-84.7490471229,"https://inaturalist-open-data.s3.amazonaws.com/photos/53587034/original.jpeg","jpeg","https://www.inaturalist.org/observations/34077686"
"iNaturalist","image","33663174","Lontra annectens","2019-09-30","12:25","Homero Bennet",NA,"18.1115666667,-94.4416583333",18.1115666667,-94.4416583333,"https://static.inaturalist.org/photos/52895046/original.jpg","jpeg","https://www.inaturalist.org/observations/33663174"
"iNaturalist","image","33621120","Lontra annectens","2017-08-26","05:56","Oscar Suazo-Ortega",NA,"14.8577131427,-87.9552941216",14.8577131427,-87.9552941216,"https://inaturalist-open-data.s3.amazonaws.com/photos/52820784/original.jpeg","jpeg","https://www.inaturalist.org/observations/33621120"
"iNaturalist","image","33621120","Lontra annectens","2017-08-26","05:56","Oscar Suazo-Ortega",NA,"14.8577131427,-87.9552941216",14.8577131427,-87.9552941216,"https://inaturalist-open-data.s3.amazonaws.com/photos/52821194/original.jpeg","jpeg","https://www.inaturalist.org/observations/33621120"
"iNaturalist","image","32377136","Lontra annectens","2019-08-27","07:18","Malinalli Ramírez Martínez",NA,NA,NA,NA,"https://inaturalist-open-data.s3.amazonaws.com/photos/50772783/original.jpeg","jpeg","https://www.inaturalist.org/observations/32377136"
"iNaturalist","image","32112564","Lontra annectens","2019-09-03","06:11","Biol. Roberto Ansoleaga",NA,"19.107346038,-96.1591045931",19.107346038,-96.1591045931,"https://inaturalist-open-data.s3.amazonaws.com/photos/50334320/original.jpeg","jpeg","https://www.inaturalist.org/observations/32112564"
"iNaturalist","image","31712827","Lontra annectens","2019-08-23","19:40","Denilson Eliu Ordoñez Moreno",NA,"14.9115629802,-87.9786643353",14.9115629802,-87.9786643353,"https://inaturalist-open-data.s3.amazonaws.com/photos/49601686/original.jpg","jpeg","https://www.inaturalist.org/observations/31712827"
"iNaturalist","image","31712827","Lontra annectens","2019-08-23","19:40","Denilson Eliu Ordoñez Moreno",NA,"14.9115629802,-87.9786643353",14.9115629802,-87.9786643353,"https://inaturalist-open-data.s3.amazonaws.com/photos/49601633/original.jpg","jpeg","https://www.inaturalist.org/observations/31712827"
"iNaturalist","image","31712827","Lontra annectens","2019-08-23","19:40","Denilson Eliu Ordoñez Moreno",NA,"14.9115629802,-87.9786643353",14.9115629802,-87.9786643353,"https://inaturalist-open-data.s3.amazonaws.com/photos/49601757/original.jpg","jpeg","https://www.inaturalist.org/observations/31712827"
"iNaturalist","image","31650116","Lontra annectens","2019-08-27","06:30","Biol. Roberto Ansoleaga",NA,"19.1097221375,-96.1573257446",19.1097221375,-96.1573257446,"https://inaturalist-open-data.s3.amazonaws.com/photos/49557147/original.jpeg","jpeg","https://www.inaturalist.org/observations/31650116"
"iNaturalist","image","30819524","Lontra annectens","2019-07-13","06:29","Naggai Fuentes",NA,"20.6497409359,-105.2686895275",20.6497409359,-105.2686895275,"https://inaturalist-open-data.s3.amazonaws.com/photos/48173374/original.jpeg","jpeg","https://www.inaturalist.org/observations/30819524"
"iNaturalist","image","30716885","Lontra annectens",NA,NA,"Alejandro Gómez Nísino",NA,"29.6917858336,-108.5649607766",29.6917858336,-108.5649607766,"https://inaturalist-open-data.s3.amazonaws.com/photos/48004032/original.jpeg","jpeg","https://www.inaturalist.org/observations/30716885"
"iNaturalist","image","30716885","Lontra annectens",NA,NA,"Alejandro Gómez Nísino",NA,"29.6917858336,-108.5649607766",29.6917858336,-108.5649607766,"https://inaturalist-open-data.s3.amazonaws.com/photos/48004036/original.jpeg","jpeg","https://www.inaturalist.org/observations/30716885"
"iNaturalist","image","30716885","Lontra annectens",NA,NA,"Alejandro Gómez Nísino",NA,"29.6917858336,-108.5649607766",29.6917858336,-108.5649607766,"https://inaturalist-open-data.s3.amazonaws.com/photos/48004038/original.jpeg","jpeg","https://www.inaturalist.org/observations/30716885"
"iNaturalist","image","30694528","Lontra annectens",NA,NA,"Ricardoalvarezzamora",NA,"9.1677073882,-75.0958826588",9.1677073882,-75.0958826588,"https://inaturalist-open-data.s3.amazonaws.com/photos/47965667/original.jpeg","jpeg","https://www.inaturalist.org/observations/30694528"
"iNaturalist","image","30694528","Lontra annectens",NA,NA,"Ricardoalvarezzamora",NA,"9.1677073882,-75.0958826588",9.1677073882,-75.0958826588,"https://inaturalist-open-data.s3.amazonaws.com/photos/48149662/original.jpeg","jpeg","https://www.inaturalist.org/observations/30694528"
"iNaturalist","image","29546573","Lontra annectens","2018-01-05","18:56","Abraham Isaac Perez Chavez",NA,"27.8150837954,-108.2735452057",27.8150837954,-108.2735452057,"https://static.inaturalist.org/photos/46117588/original.jpeg","jpeg","https://www.inaturalist.org/observations/29546573"
"iNaturalist","image","29452828","Lontra annectens",NA,NA,"Alejandro Gómez Nísino",NA,"29.677737628,-108.4211407544",29.677737628,-108.4211407544,"https://inaturalist-open-data.s3.amazonaws.com/photos/45966015/original.jpg","jpeg","https://www.inaturalist.org/observations/29452828"
"iNaturalist","image","29452828","Lontra annectens",NA,NA,"Alejandro Gómez Nísino",NA,"29.677737628,-108.4211407544",29.677737628,-108.4211407544,"https://inaturalist-open-data.s3.amazonaws.com/photos/45966017/original.jpg","jpeg","https://www.inaturalist.org/observations/29452828"
"iNaturalist","image","29451996","Lontra annectens",NA,NA,"Alejandro Gómez Nísino",NA,"29.6299350652,-108.4562941841",29.6299350652,-108.4562941841,"https://inaturalist-open-data.s3.amazonaws.com/photos/45964675/original.jpg","jpeg","https://www.inaturalist.org/observations/29451996"
"iNaturalist","image","29451996","Lontra annectens",NA,NA,"Alejandro Gómez Nísino",NA,"29.6299350652,-108.4562941841",29.6299350652,-108.4562941841,"https://inaturalist-open-data.s3.amazonaws.com/photos/45964677/original.jpg","jpeg","https://www.inaturalist.org/observations/29451996"
"iNaturalist","image","29451878","Lontra annectens",NA,NA,"Alejandro Gómez Nísino",NA,"29.6020615769,-108.4375959136",29.6020615769,-108.4375959136,"https://inaturalist-open-data.s3.amazonaws.com/photos/45964462/original.jpg","jpeg","https://www.inaturalist.org/observations/29451878"
"iNaturalist","image","29451878","Lontra annectens",NA,NA,"Alejandro Gómez Nísino",NA,"29.6020615769,-108.4375959136",29.6020615769,-108.4375959136,"https://inaturalist-open-data.s3.amazonaws.com/photos/45964464/original.jpg","jpeg","https://www.inaturalist.org/observations/29451878"
"iNaturalist","image","29451878","Lontra annectens",NA,NA,"Alejandro Gómez Nísino",NA,"29.6020615769,-108.4375959136",29.6020615769,-108.4375959136,"https://inaturalist-open-data.s3.amazonaws.com/photos/45964468/original.jpg","jpeg","https://www.inaturalist.org/observations/29451878"
"iNaturalist","image","29451218","Lontra annectens",NA,NA,"Alejandro Gómez Nísino",NA,"29.7012896935,-108.4348140874",29.7012896935,-108.4348140874,"https://inaturalist-open-data.s3.amazonaws.com/photos/45963607/original.jpg","jpeg","https://www.inaturalist.org/observations/29451218"
"iNaturalist","image","29451218","Lontra annectens",NA,NA,"Alejandro Gómez Nísino",NA,"29.7012896935,-108.4348140874",29.7012896935,-108.4348140874,"https://inaturalist-open-data.s3.amazonaws.com/photos/45963611/original.jpg","jpeg","https://www.inaturalist.org/observations/29451218"
"iNaturalist","image","29450832","Lontra annectens",NA,NA,"Alejandro Gómez Nísino",NA,"29.611622338,-108.5499856913",29.611622338,-108.5499856913,"https://inaturalist-open-data.s3.amazonaws.com/photos/45962935/original.jpg","jpeg","https://www.inaturalist.org/observations/29450832"
"iNaturalist","image","29450832","Lontra annectens",NA,NA,"Alejandro Gómez Nísino",NA,"29.611622338,-108.5499856913",29.611622338,-108.5499856913,"https://inaturalist-open-data.s3.amazonaws.com/photos/45962936/original.jpg","jpeg","https://www.inaturalist.org/observations/29450832"
"iNaturalist","image","29450702","Lontra annectens",NA,NA,"Alejandro Gómez Nísino",NA,"29.7373843886,-108.5402960279",29.7373843886,-108.5402960279,"https://inaturalist-open-data.s3.amazonaws.com/photos/45962795/original.jpg","jpeg","https://www.inaturalist.org/observations/29450702"
"iNaturalist","image","29450491","Lontra annectens",NA,NA,"Alejandro Gómez Nísino",NA,"29.6944573845,-108.5038831794",29.6944573845,-108.5038831794,"https://inaturalist-open-data.s3.amazonaws.com/photos/45962547/original.jpg","jpeg","https://www.inaturalist.org/observations/29450491"
"iNaturalist","image","29450491","Lontra annectens",NA,NA,"Alejandro Gómez Nísino",NA,"29.6944573845,-108.5038831794",29.6944573845,-108.5038831794,"https://inaturalist-open-data.s3.amazonaws.com/photos/45962550/original.jpg","jpeg","https://www.inaturalist.org/observations/29450491"
"iNaturalist","image","29157619","Lontra annectens","2016-12-25","11:09","Rolandwirth",NA,"9.3005246853,-83.6815348945",9.3005246853,-83.6815348945,"https://inaturalist-open-data.s3.amazonaws.com/photos/45494583/original.jpg","jpeg","https://www.inaturalist.org/observations/29157619"
"iNaturalist","image","28944096","Lontra annectens","2019-06-11","10:23","J. Ismael Arellano Ciau",NA,"18.2741057559,-92.1112656013",18.2741057559,-92.1112656013,"https://inaturalist-open-data.s3.amazonaws.com/photos/45144259/original.jpeg","jpeg","https://www.inaturalist.org/observations/28944096"
"iNaturalist","image","28883726","Lontra annectens","2019-07-02","16:03","Guillermo López-Funes",NA,"14.3424483891,-89.5592860138",14.3424483891,-89.5592860138,"https://static.inaturalist.org/photos/45049826/original.jpeg","jpeg","https://www.inaturalist.org/observations/28883726"
"iNaturalist","image","28883726","Lontra annectens","2019-07-02","16:03","Guillermo López-Funes",NA,"14.3424483891,-89.5592860138",14.3424483891,-89.5592860138,"https://static.inaturalist.org/photos/45050740/original.jpeg","jpeg","https://www.inaturalist.org/observations/28883726"
"iNaturalist","image","28883726","Lontra annectens","2019-07-02","16:03","Guillermo López-Funes",NA,"14.3424483891,-89.5592860138",14.3424483891,-89.5592860138,"https://static.inaturalist.org/photos/45050776/original.jpeg","jpeg","https://www.inaturalist.org/observations/28883726"
"iNaturalist","image","28598234","Lontra annectens","2016-03-26","14:35","Jorgedangel",NA,"16.570892801,-90.2981153127",16.570892801,-90.2981153127,"https://inaturalist-open-data.s3.amazonaws.com/photos/44592118/original.jpg","jpeg","https://www.inaturalist.org/observations/28598234"
"iNaturalist","image","27785536","Lontra annectens","2018-03-17","18:15","Horacio v. Barcenas",NA,"15.9308811362,-97.2390611806",15.9308811362,-97.2390611806,"https://static.inaturalist.org/photos/43267250/original.jpeg","jpeg","https://www.inaturalist.org/observations/27785536"
"iNaturalist","image","27369529","Lontra annectens","2019-06-20","01:51","World_lineage",NA,"19.0590939078,-95.9827979218",19.0590939078,-95.9827979218,"https://inaturalist-open-data.s3.amazonaws.com/photos/42578128/original.jpg","jpeg","https://www.inaturalist.org/observations/27369529"
"iNaturalist","image","26651291","Lontra annectens","2019-06-08","17:45","Alvaro Alvarado Montealto",NA,"9.6208333969,-82.8438873291",9.6208333969,-82.8438873291,"https://static.inaturalist.org/photos/41396167/original.jpeg","jpeg","https://www.inaturalist.org/observations/26651291"
"iNaturalist","image","26531948","Lontra annectens","2009-09-22","06:28","Jan Meerman",NA,"16.6449989999,-89.081279",16.6449989999,-89.081279,"https://inaturalist-open-data.s3.amazonaws.com/photos/41206630/original.jpeg","jpeg","https://www.inaturalist.org/observations/26531948"
"iNaturalist","image","26088333","Lontra annectens","2019-04-19","07:48","Erick Noe Tapia Banda",NA,"15.7900128469,-96.0504309199",15.7900128469,-96.0504309199,"https://inaturalist-open-data.s3.amazonaws.com/photos/40475930/original.jpeg","jpeg","https://www.inaturalist.org/observations/26088333"
"iNaturalist","image","26088333","Lontra annectens","2019-04-19","07:48","Erick Noe Tapia Banda",NA,"15.7900128469,-96.0504309199",15.7900128469,-96.0504309199,"https://inaturalist-open-data.s3.amazonaws.com/photos/40475940/original.jpeg","jpeg","https://www.inaturalist.org/observations/26088333"
"iNaturalist","image","25886999","Lontra annectens","2019-05-26","10:58","Homero Bennet",NA,"18.110575,-94.4377366667",18.110575,-94.4377366667,"https://static.inaturalist.org/photos/40146645/original.jpg","jpeg","https://www.inaturalist.org/observations/25886999"
"iNaturalist","image","25886450","Lontra annectens","2019-02-19","11:03","Jnugent25",NA,"20.406295,-87.3292083333",20.406295,-87.3292083333,"https://inaturalist-open-data.s3.amazonaws.com/photos/40146137/original.jpg","jpeg","https://www.inaturalist.org/observations/25886450"
"iNaturalist","image","25538587","Lontra annectens","2016-02-28","16:11","Axca",NA,"8.602765,-82.422577",8.602765,-82.422577,"https://inaturalist-open-data.s3.amazonaws.com/photos/39570123/original.jpeg","jpeg","https://www.inaturalist.org/observations/25538587"
"iNaturalist","image","25538587","Lontra annectens","2016-02-28","16:11","Axca",NA,"8.602765,-82.422577",8.602765,-82.422577,"https://inaturalist-open-data.s3.amazonaws.com/photos/39570906/original.jpeg","jpeg","https://www.inaturalist.org/observations/25538587"
"iNaturalist","image","25195635","Lontra annectens",NA,NA,"Lucía Vargas",NA,"8.4009309977,-83.3373203874",8.4009309977,-83.3373203874,"https://inaturalist-open-data.s3.amazonaws.com/photos/39002157/original.jpg","jpeg","https://www.inaturalist.org/observations/25195635"
"iNaturalist","image","24930319","Lontra annectens",NA,NA,"Mauricio Gabriel Herrera Madrid",NA,"0.2437872534,-78.7883790582",0.2437872534,-78.7883790582,"https://static.inaturalist.org/photos/38567391/original.jpeg","jpeg","https://www.inaturalist.org/observations/24930319"
"iNaturalist","image","24930319","Lontra annectens",NA,NA,"Mauricio Gabriel Herrera Madrid",NA,"0.2437872534,-78.7883790582",0.2437872534,-78.7883790582,"https://static.inaturalist.org/photos/38567257/original.jpeg","jpeg","https://www.inaturalist.org/observations/24930319"
"iNaturalist","image","24930319","Lontra annectens",NA,NA,"Mauricio Gabriel Herrera Madrid",NA,"0.2437872534,-78.7883790582",0.2437872534,-78.7883790582,"https://static.inaturalist.org/photos/38567351/original.jpeg","jpeg","https://www.inaturalist.org/observations/24930319"
"iNaturalist","image","24772248","Lontra annectens","2019-05-08","01:10","World_lineage",NA,"18.7451873878,-95.7309710813",18.7451873878,-95.7309710813,"https://inaturalist-open-data.s3.amazonaws.com/photos/38311152/original.jpg","jpeg","https://www.inaturalist.org/observations/24772248"
"iNaturalist","image","24428370","Lontra annectens","2019-04-28","15:05","Julio Alejandro Álvarez Ruiz",NA,"23.6369785613,-106.3742698506",23.6369785613,-106.3742698506,"https://static.inaturalist.org/photos/37773540/original.jpeg","jpeg","https://www.inaturalist.org/observations/24428370"
"iNaturalist","image","24428370","Lontra annectens","2019-04-28","15:05","Julio Alejandro Álvarez Ruiz",NA,"23.6369785613,-106.3742698506",23.6369785613,-106.3742698506,"https://static.inaturalist.org/photos/37773541/original.jpeg","jpeg","https://www.inaturalist.org/observations/24428370"
"iNaturalist","image","24255213","Lontra annectens","2019-04-30","17:14","Lesc 01010",NA,"16.7516009,-93.1029939",16.7516009,-93.1029939,"https://inaturalist-open-data.s3.amazonaws.com/photos/37508585/original.jpg","jpeg","https://www.inaturalist.org/observations/24255213"
"iNaturalist","image","24155159","Lontra annectens","2019-04-28","15:55","Yulisa Vazquez",NA,"16.7250383865,-93.0937105045",16.7250383865,-93.0937105045,"https://inaturalist-open-data.s3.amazonaws.com/photos/37355443/original.jpeg","jpeg","https://www.inaturalist.org/observations/24155159"
"iNaturalist","image","23978879","Lontra annectens","2019-03-31","12:00","Cbc-16b0710236v0107",NA,"16.725035,-93.0937106",16.725035,-93.0937106,"https://inaturalist-open-data.s3.amazonaws.com/photos/37084650/original.jpg","jpeg","https://www.inaturalist.org/observations/23978879"
"iNaturalist","image","23933307","Lontra annectens","2019-03-13","06:00","Cristianyovani",NA,"16.725035,-93.0937106",16.725035,-93.0937106,"https://inaturalist-open-data.s3.amazonaws.com/photos/37023059/original.jpg","jpeg","https://www.inaturalist.org/observations/23933307"
"iNaturalist","image","23918387","Lontra annectens","2019-03-31","11:11","Cbc-17b0710236v0167",NA,"16.7250582943,-93.0938942358",16.7250582943,-93.0938942358,"https://inaturalist-open-data.s3.amazonaws.com/photos/37003536/original.jpeg","jpeg","https://www.inaturalist.org/observations/23918387"
"iNaturalist","image","23898767","Lontra annectens","2019-04-28","15:04","Diego Barrales",NA,"23.638425827,-106.3701324463",23.638425827,-106.3701324463,"https://static.inaturalist.org/photos/36975249/original.jpeg","jpeg","https://www.inaturalist.org/observations/23898767"
"iNaturalist","image","23898767","Lontra annectens","2019-04-28","15:04","Diego Barrales",NA,"23.638425827,-106.3701324463",23.638425827,-106.3701324463,"https://static.inaturalist.org/photos/36975287/original.jpeg","jpeg","https://www.inaturalist.org/observations/23898767"
"iNaturalist","image","23898619","Lontra annectens","2019-04-28","15:03","Diego Barrales",NA,"23.6383018494,-106.3701095581",23.6383018494,-106.3701095581,"https://static.inaturalist.org/photos/36975039/original.jpeg","jpeg","https://www.inaturalist.org/observations/23898619"
"iNaturalist","image","23898619","Lontra annectens","2019-04-28","15:03","Diego Barrales",NA,"23.6383018494,-106.3701095581",23.6383018494,-106.3701095581,"https://static.inaturalist.org/photos/36975073/original.jpeg","jpeg","https://www.inaturalist.org/observations/23898619"
"iNaturalist","image","23898619","Lontra annectens","2019-04-28","15:03","Diego Barrales",NA,"23.6383018494,-106.3701095581",23.6383018494,-106.3701095581,"https://static.inaturalist.org/photos/36975112/original.jpeg","jpeg","https://www.inaturalist.org/observations/23898619"
"iNaturalist","image","23898619","Lontra annectens","2019-04-28","15:03","Diego Barrales",NA,"23.6383018494,-106.3701095581",23.6383018494,-106.3701095581,"https://static.inaturalist.org/photos/36975155/original.jpeg","jpeg","https://www.inaturalist.org/observations/23898619"
"iNaturalist","image","23898619","Lontra annectens","2019-04-28","15:03","Diego Barrales",NA,"23.6383018494,-106.3701095581",23.6383018494,-106.3701095581,"https://static.inaturalist.org/photos/36975192/original.jpeg","jpeg","https://www.inaturalist.org/observations/23898619"
"iNaturalist","image","23737409","Lontra annectens","2019-04-26","11:28","Julio Enriquez Vera",NA,"19.186325,-96.122115",19.186325,-96.122115,"https://static.inaturalist.org/photos/36733559/original.jpeg","jpeg","https://www.inaturalist.org/observations/23737409"
"iNaturalist","image","23557897","Lontra annectens","2019-04-27","17:33","Carlos Robles",NA,"16.7250448084,-93.0937088281",16.7250448084,-93.0937088281,"https://static.inaturalist.org/photos/36477486/original.jpg","jpeg","https://www.inaturalist.org/observations/23557897"
"iNaturalist","image","23144475","Lontra annectens",NA,NA,"Pablo Gutierrez",NA,"8.1690209928,-81.8491403013",8.1690209928,-81.8491403013,"https://static.inaturalist.org/photos/35874203/original.jpg","jpeg","https://www.inaturalist.org/observations/23144475"
"iNaturalist","image","23141835","Lontra annectens","2019-04-26","09:55","Alondra Arani Méndez Diaz",NA,"16.78023776,-93.12018685",16.78023776,-93.12018685,"https://static.inaturalist.org/photos/35870452/original.jpeg","jpeg","https://www.inaturalist.org/observations/23141835"
"iNaturalist","image","22793729","Lontra annectens","2019-04-20","10:00","Carlosvillarodriguez",NA,"21.476685,-104.8601933333",21.476685,-104.8601933333,"https://inaturalist-open-data.s3.amazonaws.com/photos/35325473/original.jpeg","jpeg","https://www.inaturalist.org/observations/22793729"
"iNaturalist","image","22793728","Lontra annectens","2019-04-20","09:58","Carlosvillarodriguez",NA,"21.476555,-104.860275",21.476555,-104.860275,"https://inaturalist-open-data.s3.amazonaws.com/photos/35325416/original.jpeg","jpeg","https://www.inaturalist.org/observations/22793728"
"iNaturalist","image","22793727","Lontra annectens","2019-04-20","09:44","Carlosvillarodriguez",NA,"21.4779283333,-104.8594366667",21.4779283333,-104.8594366667,"https://inaturalist-open-data.s3.amazonaws.com/photos/35325369/original.jpeg","jpeg","https://www.inaturalist.org/observations/22793727"
"iNaturalist","image","22379999","Lontra annectens","2019-04-12","12:04","Daniel Garza Tobón",NA,"22.2631126716,-97.9011177093",22.2631126716,-97.9011177093,"https://static.inaturalist.org/photos/34661925/original.png","png","https://www.inaturalist.org/observations/22379999"
"iNaturalist","image","21940050","Lontra annectens","2019-04-02","11:40","Julio Alejandro Álvarez Ruiz",NA,"20.7564494459,-103.9891497576",20.7564494459,-103.9891497576,"https://static.inaturalist.org/photos/34001105/original.jpeg","jpeg","https://www.inaturalist.org/observations/21940050"
"iNaturalist","image","21606586","Lontra annectens","2019-03-21","08:09","Somnium",NA,"10.5824733941,-83.5291462764",10.5824733941,-83.5291462764,"https://static.inaturalist.org/photos/33447112/original.jpeg","jpeg","https://www.inaturalist.org/observations/21606586"
"iNaturalist","image","20927329","Lontra annectens","2019-03-01","14:00","Jo De Pauw",NA,"8.3984828702,-83.3387335762",8.3984828702,-83.3387335762,"https://inaturalist-open-data.s3.amazonaws.com/photos/32300145/original.jpg","jpeg","https://www.inaturalist.org/observations/20927329"
"iNaturalist","image","20871911","Lontra annectens","2019-03-01","23:07","Josh Emm",NA,"8.3979696875,-83.3391426074",8.3979696875,-83.3391426074,"https://inaturalist-open-data.s3.amazonaws.com/photos/32203112/original.jpg","jpeg","https://www.inaturalist.org/observations/20871911"
"iNaturalist","image","20862253","Lontra annectens","2019-03-01","13:22","Elliottsteele",NA,"8.3986642004,-83.3379270956",8.3986642004,-83.3379270956,"https://inaturalist-open-data.s3.amazonaws.com/photos/32186001/original.jpeg","jpeg","https://www.inaturalist.org/observations/20862253"
"iNaturalist","image","20758437","Lontra annectens",NA,NA,"Jhon Fredy Rivera Echeverri",NA,"7.083323,-73.75013",7.083323,-73.75013,"https://inaturalist-open-data.s3.amazonaws.com/photos/32009652/original.png","png","https://www.inaturalist.org/observations/20758437"
"iNaturalist","image","20554218","Lontra annectens","2018-12-28","17:42","Oliver Komar",NA,"8.304718826,-82.5755414658",8.304718826,-82.5755414658,"https://inaturalist-open-data.s3.amazonaws.com/photos/31732142/original.jpeg","jpeg","https://www.inaturalist.org/observations/20554218"
"iNaturalist","image","20554218","Lontra annectens","2018-12-28","17:42","Oliver Komar",NA,"8.304718826,-82.5755414658",8.304718826,-82.5755414658,"https://inaturalist-open-data.s3.amazonaws.com/photos/31732118/original.jpeg","jpeg","https://www.inaturalist.org/observations/20554218"
"iNaturalist","image","20554218","Lontra annectens","2018-12-28","17:42","Oliver Komar",NA,"8.304718826,-82.5755414658",8.304718826,-82.5755414658,"https://inaturalist-open-data.s3.amazonaws.com/photos/31732187/original.jpeg","jpeg","https://www.inaturalist.org/observations/20554218"
"iNaturalist","image","20035385","Lontra annectens","2018-12-18","22:51","Blanca Nidia Vicente Rivera",NA,NA,NA,NA,"https://static.inaturalist.org/photos/30929855/original.jpeg","jpeg","https://www.inaturalist.org/observations/20035385"
"iNaturalist","image","20035385","Lontra annectens","2018-12-18","22:51","Blanca Nidia Vicente Rivera",NA,NA,NA,NA,"https://static.inaturalist.org/photos/30929871/original.jpeg","jpeg","https://www.inaturalist.org/observations/20035385"
"iNaturalist","image","20018758","Lontra annectens","2019-02-01","15:10","Jairo Ortigoza",NA,"21.9465483333,-98.1817416667",21.9465483333,-98.1817416667,"https://inaturalist-open-data.s3.amazonaws.com/photos/30900320/original.jpg","jpeg","https://www.inaturalist.org/observations/20018758"
"iNaturalist","image","20018758","Lontra annectens","2019-02-01","15:10","Jairo Ortigoza",NA,"21.9465483333,-98.1817416667",21.9465483333,-98.1817416667,"https://inaturalist-open-data.s3.amazonaws.com/photos/30900327/original.jpg","jpeg","https://www.inaturalist.org/observations/20018758"
"iNaturalist","image","20013995","Lontra annectens","2019-01-16","14:08","Alex_viera",NA,"22.390713463,-98.1758162886",22.390713463,-98.1758162886,"https://inaturalist-open-data.s3.amazonaws.com/photos/30891629/original.jpeg","jpeg","https://www.inaturalist.org/observations/20013995"
"iNaturalist","image","20013614","Lontra annectens","2019-01-16","14:08","Alex_viera",NA,"22.3990790428,-98.1846005161",22.3990790428,-98.1846005161,"https://inaturalist-open-data.s3.amazonaws.com/photos/30890872/original.jpeg","jpeg","https://www.inaturalist.org/observations/20013614"
"iNaturalist","image","19695548","Lontra annectens","2010-09-02","14:30","O. Eric Ramirez Bravo",NA,"20.0647518583,-97.5751750601",20.0647518583,-97.5751750601,"https://inaturalist-open-data.s3.amazonaws.com/photos/30339652/original.jpeg","jpeg","https://www.inaturalist.org/observations/19695548"
"iNaturalist","image","19695535","Lontra annectens","2010-08-18","19:53","O. Eric Ramirez Bravo",NA,"20.5276633278,-97.849701755",20.5276633278,-97.849701755,"https://inaturalist-open-data.s3.amazonaws.com/photos/30339623/original.jpeg","jpeg","https://www.inaturalist.org/observations/19695535"
"iNaturalist","image","19660683","Lontra annectens","2015-01-13","10:40","Ignacio Beltran",NA,"18.6606972855,-99.4975264018",18.6606972855,-99.4975264018,"https://static.inaturalist.org/photos/30279934/original.jpeg","jpeg","https://www.inaturalist.org/observations/19660683"
"iNaturalist","image","19660683","Lontra annectens","2015-01-13","10:40","Ignacio Beltran",NA,"18.6606972855,-99.4975264018",18.6606972855,-99.4975264018,"https://static.inaturalist.org/photos/30280203/original.jpeg","jpeg","https://www.inaturalist.org/observations/19660683"
"iNaturalist","image","19660683","Lontra annectens","2015-01-13","10:40","Ignacio Beltran",NA,"18.6606972855,-99.4975264018",18.6606972855,-99.4975264018,"https://static.inaturalist.org/photos/30280245/original.jpeg","jpeg","https://www.inaturalist.org/observations/19660683"
"iNaturalist","image","19533373","Lontra annectens","2012-03-27","06:59","Steven Daniel",NA,"10.544509,-83.514994",10.544509,-83.514994,"https://static.inaturalist.org/photos/30061544/original.jpg","jpeg","https://www.inaturalist.org/observations/19533373"
"iNaturalist","image","19418888","Lontra annectens","2019-01-03","10:52","Chris Lloyd",NA,"20.5987795377,-103.8386353406",20.5987795377,-103.8386353406,"https://inaturalist-open-data.s3.amazonaws.com/photos/29871300/original.jpg","jpeg","https://www.inaturalist.org/observations/19418888"
"iNaturalist","image","19418888","Lontra annectens","2019-01-03","10:52","Chris Lloyd",NA,"20.5987795377,-103.8386353406",20.5987795377,-103.8386353406,"https://inaturalist-open-data.s3.amazonaws.com/photos/29871331/original.jpeg","jpeg","https://www.inaturalist.org/observations/19418888"
"iNaturalist","image","19418888","Lontra annectens","2019-01-03","10:52","Chris Lloyd",NA,"20.5987795377,-103.8386353406",20.5987795377,-103.8386353406,"https://inaturalist-open-data.s3.amazonaws.com/photos/29871336/original.jpeg","jpeg","https://www.inaturalist.org/observations/19418888"
"iNaturalist","image","19084843","Lontra annectens","2018-12-18","08:28","Roel De Plecker",NA,"9.2833683,-83.8037072",9.2833683,-83.8037072,"https://inaturalist-open-data.s3.amazonaws.com/photos/29284797/original.jpeg","jpeg","https://www.inaturalist.org/observations/19084843"
"iNaturalist","image","18990290","Lontra annectens","2018-12-12","08:06","Herman",NA,"10.5318736767,-83.5162237134",10.5318736767,-83.5162237134,"https://static.inaturalist.org/photos/29118166/original.jpg","jpeg","https://www.inaturalist.org/observations/18990290"
"iNaturalist","image","18990290","Lontra annectens","2018-12-12","08:06","Herman",NA,"10.5318736767,-83.5162237134",10.5318736767,-83.5162237134,"https://static.inaturalist.org/photos/29118242/original.jpg","jpeg","https://www.inaturalist.org/observations/18990290"
"iNaturalist","image","18848162","Lontra annectens","2018-12-05","08:26","Obed Palagot Echavarria",NA,"18.5945282687,-95.4437327534",18.5945282687,-95.4437327534,"https://inaturalist-open-data.s3.amazonaws.com/photos/28873991/original.jpeg","jpeg","https://www.inaturalist.org/observations/18848162"
"iNaturalist","image","18848162","Lontra annectens","2018-12-05","08:26","Obed Palagot Echavarria",NA,"18.5945282687,-95.4437327534",18.5945282687,-95.4437327534,"https://inaturalist-open-data.s3.amazonaws.com/photos/28874231/original.jpeg","jpeg","https://www.inaturalist.org/observations/18848162"
"iNaturalist","image","18848162","Lontra annectens","2018-12-05","08:26","Obed Palagot Echavarria",NA,"18.5945282687,-95.4437327534",18.5945282687,-95.4437327534,"https://inaturalist-open-data.s3.amazonaws.com/photos/28873688/original.jpeg","jpeg","https://www.inaturalist.org/observations/18848162"
"iNaturalist","image","18848162","Lontra annectens","2018-12-05","08:26","Obed Palagot Echavarria",NA,"18.5945282687,-95.4437327534",18.5945282687,-95.4437327534,"https://inaturalist-open-data.s3.amazonaws.com/photos/28873665/original.jpeg","jpeg","https://www.inaturalist.org/observations/18848162"
"iNaturalist","image","18848162","Lontra annectens","2018-12-05","08:26","Obed Palagot Echavarria",NA,"18.5945282687,-95.4437327534",18.5945282687,-95.4437327534,"https://inaturalist-open-data.s3.amazonaws.com/photos/28873985/original.jpeg","jpeg","https://www.inaturalist.org/observations/18848162"
"iNaturalist","image","18848162","Lontra annectens","2018-12-05","08:26","Obed Palagot Echavarria",NA,"18.5945282687,-95.4437327534",18.5945282687,-95.4437327534,"https://inaturalist-open-data.s3.amazonaws.com/photos/28873986/original.jpeg","jpeg","https://www.inaturalist.org/observations/18848162"
"iNaturalist","image","18848162","Lontra annectens","2018-12-05","08:26","Obed Palagot Echavarria",NA,"18.5945282687,-95.4437327534",18.5945282687,-95.4437327534,"https://inaturalist-open-data.s3.amazonaws.com/photos/28874164/original.jpeg","jpeg","https://www.inaturalist.org/observations/18848162"
"iNaturalist","image","18848162","Lontra annectens","2018-12-05","08:26","Obed Palagot Echavarria",NA,"18.5945282687,-95.4437327534",18.5945282687,-95.4437327534,"https://inaturalist-open-data.s3.amazonaws.com/photos/28874219/original.jpeg","jpeg","https://www.inaturalist.org/observations/18848162"
"iNaturalist","image","18848162","Lontra annectens","2018-12-05","08:26","Obed Palagot Echavarria",NA,"18.5945282687,-95.4437327534",18.5945282687,-95.4437327534,"https://inaturalist-open-data.s3.amazonaws.com/photos/28874123/original.jpeg","jpeg","https://www.inaturalist.org/observations/18848162"
"iNaturalist","image","18848162","Lontra annectens","2018-12-05","08:26","Obed Palagot Echavarria",NA,"18.5945282687,-95.4437327534",18.5945282687,-95.4437327534,"https://inaturalist-open-data.s3.amazonaws.com/photos/28874203/original.jpeg","jpeg","https://www.inaturalist.org/observations/18848162"
"iNaturalist","image","18689753","Lontra annectens",NA,NA,"Cristobal Jimenez",NA,"19.15553,-96.170611",19.15553,-96.170611,"https://static.inaturalist.org/photos/28614082/original.jpg","jpeg","https://www.inaturalist.org/observations/18689753"
"iNaturalist","image","18567862","Lontra annectens","2018-10-25","14:43","Asa Spade",NA,"10.5489515588,-83.5101215352",10.5489515588,-83.5101215352,"https://inaturalist-open-data.s3.amazonaws.com/photos/28409220/original.jpeg","jpeg","https://www.inaturalist.org/observations/18567862"
"iNaturalist","image","18567862","Lontra annectens","2018-10-25","14:43","Asa Spade",NA,"10.5489515588,-83.5101215352",10.5489515588,-83.5101215352,"https://inaturalist-open-data.s3.amazonaws.com/photos/28409212/original.jpeg","jpeg","https://www.inaturalist.org/observations/18567862"
"iNaturalist","image","18567862","Lontra annectens","2018-10-25","14:43","Asa Spade",NA,"10.5489515588,-83.5101215352",10.5489515588,-83.5101215352,"https://inaturalist-open-data.s3.amazonaws.com/photos/28409207/original.jpeg","jpeg","https://www.inaturalist.org/observations/18567862"
"iNaturalist","image","18567862","Lontra annectens","2018-10-25","14:43","Asa Spade",NA,"10.5489515588,-83.5101215352",10.5489515588,-83.5101215352,"https://inaturalist-open-data.s3.amazonaws.com/photos/28409229/original.jpeg","jpeg","https://www.inaturalist.org/observations/18567862"
"iNaturalist","image","18433522","Lontra annectens","2018-08-15","15:14","Juan Antonio Siordia Saito",NA,"20.6929620609,-103.351335749",20.6929620609,-103.351335749,"https://static.inaturalist.org/photos/28179936/original.jpeg","jpeg","https://www.inaturalist.org/observations/18433522"
"iNaturalist","image","18431471","Lontra annectens","2018-08-15","15:14","Tony Siordia Saito",NA,"20.6929081137,-103.3513421193",20.6929081137,-103.3513421193,"https://static.inaturalist.org/photos/28176662/original.jpeg","jpeg","https://www.inaturalist.org/observations/18431471"
"iNaturalist","image","18190996","Lontra annectens","2018-10-06","18:39","Alexis_o",NA,"10.4460930826,-83.5114518869",10.4460930826,-83.5114518869,"https://static.inaturalist.org/photos/27801964/original.jpg","jpeg","https://www.inaturalist.org/observations/18190996"
"iNaturalist","image","18110883","Lontra annectens",NA,NA,"Alejandro Cárdenas",NA,"5.8502160109,-74.8788559341",5.8502160109,-74.8788559341,"https://inaturalist-open-data.s3.amazonaws.com/photos/27691005/original.jpeg","jpeg","https://www.inaturalist.org/observations/18110883"
"iNaturalist","image","17937144","Lontra annectens","2005-09-27","17:15","Gonzalo Mucientes Sandoval",NA,"10.5300060502,-83.5136929159",10.5300060502,-83.5136929159,"https://inaturalist-open-data.s3.amazonaws.com/photos/27404919/original.jpg","jpeg","https://www.inaturalist.org/observations/17937144"
"iNaturalist","image","17937144","Lontra annectens","2005-09-27","17:15","Gonzalo Mucientes Sandoval",NA,"10.5300060502,-83.5136929159",10.5300060502,-83.5136929159,"https://inaturalist-open-data.s3.amazonaws.com/photos/27404931/original.jpg","jpeg","https://www.inaturalist.org/observations/17937144"
"iNaturalist","image","17937144","Lontra annectens","2005-09-27","17:15","Gonzalo Mucientes Sandoval",NA,"10.5300060502,-83.5136929159",10.5300060502,-83.5136929159,"https://inaturalist-open-data.s3.amazonaws.com/photos/27404939/original.jpg","jpeg","https://www.inaturalist.org/observations/17937144"
"iNaturalist","image","17937144","Lontra annectens","2005-09-27","17:15","Gonzalo Mucientes Sandoval",NA,"10.5300060502,-83.5136929159",10.5300060502,-83.5136929159,"https://inaturalist-open-data.s3.amazonaws.com/photos/27404935/original.jpg","jpeg","https://www.inaturalist.org/observations/17937144"
"iNaturalist","image","16409960","Lontra annectens","2014-03-09","11:12","Josh Van Der Meulen",NA,"8.154864393,-77.7489586932",8.154864393,-77.7489586932,"https://inaturalist-open-data.s3.amazonaws.com/photos/24683938/original.jpeg","jpeg","https://www.inaturalist.org/observations/16409960"
"iNaturalist","image","16289580","Lontra annectens","2017-06-05","09:04","Eder_herpnandez",NA,"17.7954733184,-91.9495406815",17.7954733184,-91.9495406815,"https://inaturalist-open-data.s3.amazonaws.com/photos/24463161/original.jpg","jpeg","https://www.inaturalist.org/observations/16289580"
"iNaturalist","image","16197915","Lontra annectens","2018-09-03","11:12","Julio Alejandro Álvarez Ruiz",NA,"20.7271942532,-103.9752625463",20.7271942532,-103.9752625463,"https://static.inaturalist.org/photos/24297713/original.jpeg","jpeg","https://www.inaturalist.org/observations/16197915"
"iNaturalist","image","16197915","Lontra annectens","2018-09-03","11:12","Julio Alejandro Álvarez Ruiz",NA,"20.7271942532,-103.9752625463",20.7271942532,-103.9752625463,"https://static.inaturalist.org/photos/24297714/original.jpeg","jpeg","https://www.inaturalist.org/observations/16197915"
"iNaturalist","image","16034193","Lontra annectens",NA,NA,"Anuar D. Hernández-Saint Martin",NA,"20.2088925866,-97.9051154587",20.2088925866,-97.9051154587,"https://inaturalist-open-data.s3.amazonaws.com/photos/24020469/original.jpeg","jpeg","https://www.inaturalist.org/observations/16034193"
"iNaturalist","image","16034193","Lontra annectens",NA,NA,"Anuar D. Hernández-Saint Martin",NA,"20.2088925866,-97.9051154587",20.2088925866,-97.9051154587,"https://inaturalist-open-data.s3.amazonaws.com/photos/24020650/original.jpeg","jpeg","https://www.inaturalist.org/observations/16034193"
"iNaturalist","image","14699941","Lontra annectens","2018-07-19","07:07","Gonzalo Zepeda Martínez",NA,"18.61092,-95.655968",18.61092,-95.655968,"https://inaturalist-open-data.s3.amazonaws.com/photos/21918125/original.jpg","jpeg","https://www.inaturalist.org/observations/14699941"
"iNaturalist","image","13554275","Lontra annectens","2018-06-16","07:45","No Rights Reserved",NA,"5.8928455079,-74.8554807783",5.8928455079,-74.8554807783,"https://inaturalist-open-data.s3.amazonaws.com/photos/19926218/original.jpeg","jpeg","https://www.inaturalist.org/observations/13554275"
"iNaturalist","image","13012908","Lontra annectens","2014-03-06","06:53","Guyincognito",NA,"10.3531600316,-83.9701730632",10.3531600316,-83.9701730632,"https://inaturalist-open-data.s3.amazonaws.com/photos/18932014/original.jpeg","jpeg","https://www.inaturalist.org/observations/13012908"
"iNaturalist","image","11074098","Lontra annectens","2018-04-17","07:23","Rehnberg",NA,"9.4118040692,-83.7004190683",9.4118040692,-83.7004190683,"https://inaturalist-open-data.s3.amazonaws.com/photos/15630341/original.jpeg","jpeg","https://www.inaturalist.org/observations/11074098"
"iNaturalist","image","10403224","Lontra annectens","2018-01-11","11:24","Fishmanmiller",NA,"17.0887305556,-89.0667277778",17.0887305556,-89.0667277778,"https://inaturalist-open-data.s3.amazonaws.com/photos/14445431/original.jpeg","jpeg","https://www.inaturalist.org/observations/10403224"
"iNaturalist","image","10241704","Lontra annectens",NA,NA,"Juan G. Sánchez",NA,"19.099127,-96.108012",19.099127,-96.108012,"https://inaturalist-open-data.s3.amazonaws.com/photos/14163230/original.jpeg","jpeg","https://www.inaturalist.org/observations/10241704"
"iNaturalist","image","10220026","Lontra annectens","2018-03-13","08:48","Obed Palagot Echavarria",NA,"18.5945390444,-95.443861708",18.5945390444,-95.443861708,"https://inaturalist-open-data.s3.amazonaws.com/photos/14123310/original.jpeg","jpeg","https://www.inaturalist.org/observations/10220026"
"iNaturalist","image","10220026","Lontra annectens","2018-03-13","08:48","Obed Palagot Echavarria",NA,"18.5945390444,-95.443861708",18.5945390444,-95.443861708,"https://inaturalist-open-data.s3.amazonaws.com/photos/14123318/original.jpeg","jpeg","https://www.inaturalist.org/observations/10220026"
"iNaturalist","image","10220026","Lontra annectens","2018-03-13","08:48","Obed Palagot Echavarria",NA,"18.5945390444,-95.443861708",18.5945390444,-95.443861708,"https://inaturalist-open-data.s3.amazonaws.com/photos/14123320/original.jpeg","jpeg","https://www.inaturalist.org/observations/10220026"
"iNaturalist","image","10220026","Lontra annectens","2018-03-13","08:48","Obed Palagot Echavarria",NA,"18.5945390444,-95.443861708",18.5945390444,-95.443861708,"https://inaturalist-open-data.s3.amazonaws.com/photos/14123323/original.jpeg","jpeg","https://www.inaturalist.org/observations/10220026"
"iNaturalist","image","10220026","Lontra annectens","2018-03-13","08:48","Obed Palagot Echavarria",NA,"18.5945390444,-95.443861708",18.5945390444,-95.443861708,"https://inaturalist-open-data.s3.amazonaws.com/photos/14123326/original.jpeg","jpeg","https://www.inaturalist.org/observations/10220026"
"iNaturalist","image","10060707","Lontra annectens","2018-03-02","08:04","Mateo",NA,"6.4537327558,-74.2847248167",6.4537327558,-74.2847248167,"https://static.inaturalist.org/photos/13848884/original.jpeg","jpeg","https://www.inaturalist.org/observations/10060707"
"iNaturalist","image","10060707","Lontra annectens","2018-03-02","08:04","Mateo",NA,"6.4537327558,-74.2847248167",6.4537327558,-74.2847248167,"https://static.inaturalist.org/photos/13848891/original.jpeg","jpeg","https://www.inaturalist.org/observations/10060707"
"iNaturalist","image","10005309","Lontra annectens","2018-02-09","14:57","Sindy Martinez",NA,"5.8638966667,-74.8683916667",5.8638966667,-74.8683916667,"https://inaturalist-open-data.s3.amazonaws.com/photos/13757508/original.jpg","jpeg","https://www.inaturalist.org/observations/10005309"
"iNaturalist","image","10005309","Lontra annectens","2018-02-09","14:57","Sindy Martinez",NA,"5.8638966667,-74.8683916667",5.8638966667,-74.8683916667,"https://inaturalist-open-data.s3.amazonaws.com/photos/13757513/original.jpg","jpeg","https://www.inaturalist.org/observations/10005309"
"iNaturalist","image","9843353","Lontra annectens",NA,NA,"Dan Riley",NA,"10.4307860703,-84.0070009232",10.4307860703,-84.0070009232,"https://inaturalist-open-data.s3.amazonaws.com/photos/13481109/original.jpeg","jpeg","https://www.inaturalist.org/observations/9843353"
"iNaturalist","image","9839639","Lontra annectens","2015-04-09","11:16","José Rogelio Prisciliano Vázquez",NA,"17.837748,-96.576613",17.837748,-96.576613,"https://inaturalist-open-data.s3.amazonaws.com/photos/13475736/original.jpeg","jpeg","https://www.inaturalist.org/observations/9839639"
"iNaturalist","image","9710285","Lontra annectens",NA,NA,"Raton De Minca",NA,"11.195521106,-74.1013240814",11.195521106,-74.1013240814,"https://inaturalist-open-data.s3.amazonaws.com/photos/13278861/original.jpg","jpeg","https://www.inaturalist.org/observations/9710285"
"iNaturalist","image","9598925","Lontra annectens","2018-01-23","12:44","Ross Millikan",NA,"11.0251,-84.7189066667",11.0251,-84.7189066667,"https://inaturalist-open-data.s3.amazonaws.com/photos/13096409/original.jpg","jpeg","https://www.inaturalist.org/observations/9598925"
"iNaturalist","image","9507007","Lontra annectens",NA,NA,"Carlos Ruiz",NA,"9.382094144,-75.8244349687",9.382094144,-75.8244349687,"https://inaturalist-open-data.s3.amazonaws.com/photos/12955980/original.jpg","jpeg","https://www.inaturalist.org/observations/9507007"
"iNaturalist","image","9507007","Lontra annectens",NA,NA,"Carlos Ruiz",NA,"9.382094144,-75.8244349687",9.382094144,-75.8244349687,"https://inaturalist-open-data.s3.amazonaws.com/photos/12955982/original.jpg","jpeg","https://www.inaturalist.org/observations/9507007"
"iNaturalist","image","9507007","Lontra annectens",NA,NA,"Carlos Ruiz",NA,"9.382094144,-75.8244349687",9.382094144,-75.8244349687,"https://inaturalist-open-data.s3.amazonaws.com/photos/12955984/original.jpg","jpeg","https://www.inaturalist.org/observations/9507007"
"iNaturalist","image","9507007","Lontra annectens",NA,NA,"Carlos Ruiz",NA,"9.382094144,-75.8244349687",9.382094144,-75.8244349687,"https://inaturalist-open-data.s3.amazonaws.com/photos/12955983/original.jpg","jpeg","https://www.inaturalist.org/observations/9507007"
"iNaturalist","image","9161296","Lontra annectens","2017-12-11","11:51","Ale Türkmen",NA,"21.753122382,-104.9293470383",21.753122382,-104.9293470383,"https://inaturalist-open-data.s3.amazonaws.com/photos/12390266/original.jpg","jpeg","https://www.inaturalist.org/observations/9161296"
"iNaturalist","image","9160212","Lontra annectens","2016-01-07","12:19","Oliver Komar",NA,"16.9839257524,-89.6936273575",16.9839257524,-89.6936273575,"https://inaturalist-open-data.s3.amazonaws.com/photos/12388193/original.jpeg","jpeg","https://www.inaturalist.org/observations/9160212"
"iNaturalist","image","9134528","Lontra annectens","2017-01-18","13:42","Manuel De Jesús Hernández Ancheita",NA,"17.499517,-92.01495",17.499517,-92.01495,"https://inaturalist-open-data.s3.amazonaws.com/photos/12346081/original.jpg","jpeg","https://www.inaturalist.org/observations/9134528"
"iNaturalist","image","8818035","Lontra annectens","2017-11-12","17:02","Adrianh M. Orozco",NA,"19.1874966667,-96.1221695",19.1874966667,-96.1221695,"https://inaturalist-open-data.s3.amazonaws.com/photos/11844934/original.jpg","jpeg","https://www.inaturalist.org/observations/8818035"
"iNaturalist","image","8818035","Lontra annectens","2017-11-12","17:02","Adrianh M. Orozco",NA,"19.1874966667,-96.1221695",19.1874966667,-96.1221695,"https://inaturalist-open-data.s3.amazonaws.com/photos/11844936/original.jpg","jpeg","https://www.inaturalist.org/observations/8818035"
"iNaturalist","image","8818035","Lontra annectens","2017-11-12","17:02","Adrianh M. Orozco",NA,"19.1874966667,-96.1221695",19.1874966667,-96.1221695,"https://inaturalist-open-data.s3.amazonaws.com/photos/11844930/original.jpg","jpeg","https://www.inaturalist.org/observations/8818035"
"iNaturalist","image","8818035","Lontra annectens","2017-11-12","17:02","Adrianh M. Orozco",NA,"19.1874966667,-96.1221695",19.1874966667,-96.1221695,"https://inaturalist-open-data.s3.amazonaws.com/photos/11844929/original.jpg","jpeg","https://www.inaturalist.org/observations/8818035"
"iNaturalist","image","8781150","Lontra annectens","2017-10-10","11:21","David Salinas",NA,"19.2906081586,-100.5949402171",19.2906081586,-100.5949402171,"https://inaturalist-open-data.s3.amazonaws.com/photos/11785787/original.jpg","jpeg","https://www.inaturalist.org/observations/8781150"
"iNaturalist","image","8228432","Lontra annectens",NA,NA,"Fabiola Ureña Mora",NA,"10.9142240069,-84.7945404053",10.9142240069,-84.7945404053,"https://static.inaturalist.org/photos/10908413/original.jpeg","jpeg","https://www.inaturalist.org/observations/8228432"
"iNaturalist","image","8228432","Lontra annectens",NA,NA,"Fabiola Ureña Mora",NA,"10.9142240069,-84.7945404053",10.9142240069,-84.7945404053,"https://static.inaturalist.org/photos/10908476/original.jpeg","jpeg","https://www.inaturalist.org/observations/8228432"
"iNaturalist","image","8228432","Lontra annectens",NA,NA,"Fabiola Ureña Mora",NA,"10.9142240069,-84.7945404053",10.9142240069,-84.7945404053,"https://static.inaturalist.org/photos/10908435/original.jpeg","jpeg","https://www.inaturalist.org/observations/8228432"
"iNaturalist","image","8228432","Lontra annectens",NA,NA,"Fabiola Ureña Mora",NA,"10.9142240069,-84.7945404053",10.9142240069,-84.7945404053,"https://static.inaturalist.org/photos/10908456/original.jpeg","jpeg","https://www.inaturalist.org/observations/8228432"
"iNaturalist","image","7801087","Lontra annectens","2015-01-16","17:18","Jason J. Dombroskie",NA,"10.431,-84.007",10.431,-84.007,"https://inaturalist-open-data.s3.amazonaws.com/photos/10257996/original.jpeg","jpeg","https://www.inaturalist.org/observations/7801087"
"iNaturalist","image","7209984","Lontra annectens","2017-07-23","20:59","Olivaresalf",NA,"22.1831693461,-98.3610155844",22.1831693461,-98.3610155844,"https://inaturalist-open-data.s3.amazonaws.com/photos/9302368/original.jpg","jpeg","https://www.inaturalist.org/observations/7209984"
"iNaturalist","image","7048799","Lontra annectens","2006-11-26","08:30","Lontrologo",NA,"20.653989,-103.851185",20.653989,-103.851185,"https://inaturalist-open-data.s3.amazonaws.com/photos/9046590/original.jpeg","jpeg","https://www.inaturalist.org/observations/7048799"
"iNaturalist","image","7048730","Lontra annectens",NA,NA,"Lontrologo",NA,"20.681759,-103.843589",20.681759,-103.843589,"https://inaturalist-open-data.s3.amazonaws.com/photos/9046438/original.jpeg","jpeg","https://www.inaturalist.org/observations/7048730"
"iNaturalist","image","7048730","Lontra annectens",NA,NA,"Lontrologo",NA,"20.681759,-103.843589",20.681759,-103.843589,"https://inaturalist-open-data.s3.amazonaws.com/photos/9046457/original.jpeg","jpeg","https://www.inaturalist.org/observations/7048730"
"iNaturalist","image","7048718","Lontra annectens",NA,NA,"Lontrologo",NA,"20.684053,-103.84243",20.684053,-103.84243,"https://inaturalist-open-data.s3.amazonaws.com/photos/9046438/original.jpeg","jpeg","https://www.inaturalist.org/observations/7048718"
"iNaturalist","image","7048718","Lontra annectens",NA,NA,"Lontrologo",NA,"20.684053,-103.84243",20.684053,-103.84243,"https://inaturalist-open-data.s3.amazonaws.com/photos/9046457/original.jpeg","jpeg","https://www.inaturalist.org/observations/7048718"
"iNaturalist","image","7048704","Lontra annectens",NA,NA,"Lontrologo",NA,"20.680972,-103.842945",20.680972,-103.842945,"https://inaturalist-open-data.s3.amazonaws.com/photos/9046438/original.jpeg","jpeg","https://www.inaturalist.org/observations/7048704"
"iNaturalist","image","6675956","Lontra annectens","2017-06-13","07:39","Joel Dubois",NA,"10.4493245646,-83.5070800781",10.4493245646,-83.5070800781,"https://inaturalist-open-data.s3.amazonaws.com/photos/8461050/original.jpeg","jpeg","https://www.inaturalist.org/observations/6675956"
"iNaturalist","image","6443212","Lontra annectens","2004-02-15","16:03","Juan Carlos Delgado Madrid",NA,"8.1837741852,-76.7436432838",8.1837741852,-76.7436432838,"https://inaturalist-open-data.s3.amazonaws.com/photos/8140400/original.jpeg","jpeg","https://www.inaturalist.org/observations/6443212"
"iNaturalist","image","6431100","Lontra annectens","2017-05-28","15:14","Carlos Alvarez N.",NA,"18.2811922409,-91.9721317291",18.2811922409,-91.9721317291,"https://inaturalist-open-data.s3.amazonaws.com/photos/8120869/original.jpg","jpeg","https://www.inaturalist.org/observations/6431100"
"iNaturalist","image","6360568","Lontra annectens","2017-04-16","17:35","Jimmy Monsalve",NA,"4.7312139706,-75.5767965318",4.7312139706,-75.5767965318,"https://inaturalist-open-data.s3.amazonaws.com/photos/8022009/original.jpg","jpeg","https://www.inaturalist.org/observations/6360568"
"iNaturalist","image","6263069","Lontra annectens","2017-02-01","17:16","Julio Velasco",NA,"15.5191125664,-92.888870537",15.5191125664,-92.888870537,"https://inaturalist-open-data.s3.amazonaws.com/photos/7875712/original.jpeg","jpeg","https://www.inaturalist.org/observations/6263069"
"iNaturalist","image","6232091","Lontra annectens","2017-05-15","19:28","Jesús A. Loc Barragán",NA,"21.4148286,-105.1269916",21.4148286,-105.1269916,"https://static.inaturalist.org/photos/7832323/original.jpeg","jpeg","https://www.inaturalist.org/observations/6232091"
"iNaturalist","image","5976284","Lontra annectens","2011-04-02","14:28","Nicholas Sly",NA,"10.4259189429,-84.0116786497",10.4259189429,-84.0116786497,"https://inaturalist-open-data.s3.amazonaws.com/photos/7469241/original.jpeg","jpeg","https://www.inaturalist.org/observations/5976284"
"iNaturalist","image","5976284","Lontra annectens","2011-04-02","14:28","Nicholas Sly",NA,"10.4259189429,-84.0116786497",10.4259189429,-84.0116786497,"https://inaturalist-open-data.s3.amazonaws.com/photos/7469248/original.jpeg","jpeg","https://www.inaturalist.org/observations/5976284"
"iNaturalist","image","5976284","Lontra annectens","2011-04-02","14:28","Nicholas Sly",NA,"10.4259189429,-84.0116786497",10.4259189429,-84.0116786497,"https://inaturalist-open-data.s3.amazonaws.com/photos/7469249/original.jpeg","jpeg","https://www.inaturalist.org/observations/5976284"
"iNaturalist","image","5944572","Lontra annectens","2016-01-15","12:38","James Ojascastro",NA,"10.4232682,-84.0220298",10.4232682,-84.0220298,"https://static.inaturalist.org/photos/7422830/original.jpeg","jpeg","https://www.inaturalist.org/observations/5944572"
"iNaturalist","image","5677395","Lontra annectens","2013-01-19","00:00","Purperlibel",NA,"10.4488767,-83.5069226",10.4488767,-83.5069226,"https://inaturalist-open-data.s3.amazonaws.com/photos/7282557/original.jpg","jpeg","https://www.inaturalist.org/observations/5677395"
"iNaturalist","image","5677395","Lontra annectens","2013-01-19","00:00","Purperlibel",NA,"10.4488767,-83.5069226",10.4488767,-83.5069226,"https://inaturalist-open-data.s3.amazonaws.com/photos/7282558/original.jpg","jpeg","https://www.inaturalist.org/observations/5677395"
"iNaturalist","image","5293287","Lontra annectens","2017-03-11","18:54","Carlos Alvarez N.",NA,"17.6428769216,-92.3727464676",17.6428769216,-92.3727464676,"https://inaturalist-open-data.s3.amazonaws.com/photos/6549276/original.jpg","jpeg","https://www.inaturalist.org/observations/5293287"
"iNaturalist","image","5254307","Lontra annectens","2016-01-29","17:01","Lenoreatwood",NA,"10.47347,-84.01426112",10.47347,-84.01426112,"https://inaturalist-open-data.s3.amazonaws.com/photos/6501612/original.jpg","jpeg","https://www.inaturalist.org/observations/5254307"
"iNaturalist","image","5254307","Lontra annectens","2016-01-29","17:01","Lenoreatwood",NA,"10.47347,-84.01426112",10.47347,-84.01426112,"https://inaturalist-open-data.s3.amazonaws.com/photos/6501606/original.jpg","jpeg","https://www.inaturalist.org/observations/5254307"
"iNaturalist","image","5105831","Lontra annectens","2016-11-01","08:10","Thetufflis",NA,"10.5269667727,-83.5070790183",10.5269667727,-83.5070790183,"https://inaturalist-open-data.s3.amazonaws.com/photos/6277604/original.jpg","jpeg","https://www.inaturalist.org/observations/5105831"
"iNaturalist","image","5105831","Lontra annectens","2016-11-01","08:10","Thetufflis",NA,"10.5269667727,-83.5070790183",10.5269667727,-83.5070790183,"https://inaturalist-open-data.s3.amazonaws.com/photos/6277608/original.jpg","jpeg","https://www.inaturalist.org/observations/5105831"
"iNaturalist","image","5105831","Lontra annectens","2016-11-01","08:10","Thetufflis",NA,"10.5269667727,-83.5070790183",10.5269667727,-83.5070790183,"https://inaturalist-open-data.s3.amazonaws.com/photos/6277613/original.jpg","jpeg","https://www.inaturalist.org/observations/5105831"
"iNaturalist","image","5104599","Lontra annectens","2016-11-19","07:37","Uma Aracneé",NA,"16.9684670683,-100.1086881559",16.9684670683,-100.1086881559,"https://inaturalist-open-data.s3.amazonaws.com/photos/6275645/original.jpg","jpeg","https://www.inaturalist.org/observations/5104599"
"iNaturalist","image","5060800","Lontra annectens","2017-01-21","19:25","Andrew Dreelin",NA,"14.9028461,-87.9544618",14.9028461,-87.9544618,"https://inaturalist-open-data.s3.amazonaws.com/photos/6207045/original.jpeg","jpeg","https://www.inaturalist.org/observations/5060800"
"iNaturalist","image","5036800","Lontra annectens",NA,NA,"Leticia Soriano Flores",NA,"17.87851122,-96.882152239",17.87851122,-96.882152239,"https://inaturalist-open-data.s3.amazonaws.com/photos/6169148/original.jpeg","jpeg","https://www.inaturalist.org/observations/5036800"
"iNaturalist","image","5017231","Lontra annectens","2017-01-12","11:50","Chuck Sexton",NA,"16.2820388889,-90.8973138889",16.2820388889,-90.8973138889,"https://inaturalist-open-data.s3.amazonaws.com/photos/6137915/original.jpg","jpeg","https://www.inaturalist.org/observations/5017231"
"iNaturalist","image","5017231","Lontra annectens","2017-01-12","11:50","Chuck Sexton",NA,"16.2820388889,-90.8973138889",16.2820388889,-90.8973138889,"https://inaturalist-open-data.s3.amazonaws.com/photos/6137916/original.jpg","jpeg","https://www.inaturalist.org/observations/5017231"
"iNaturalist","image","5017231","Lontra annectens","2017-01-12","11:50","Chuck Sexton",NA,"16.2820388889,-90.8973138889",16.2820388889,-90.8973138889,"https://inaturalist-open-data.s3.amazonaws.com/photos/6137917/original.jpg","jpeg","https://www.inaturalist.org/observations/5017231"
"iNaturalist","image","4721131","Lontra annectens","2016-08-30","10:57","Mariana González-Ramon",NA,"18.0654493776,-92.5043034484",18.0654493776,-92.5043034484,"https://inaturalist-open-data.s3.amazonaws.com/photos/5707129/original.jpeg","jpeg","https://www.inaturalist.org/observations/4721131"
"iNaturalist","image","4573786","Lontra annectens",NA,NA,"Colin Meurk",NA,"9.065732,-79.647015",9.065732,-79.647015,"https://inaturalist-open-data.s3.amazonaws.com/photos/5521729/original.jpeg","jpeg","https://www.inaturalist.org/observations/4573786"
"iNaturalist","image","4183815","Lontra annectens","2010-08-06","11:55","Bernard Foy",NA,"10.5502008418,-83.5322612595",10.5502008418,-83.5322612595,"https://inaturalist-open-data.s3.amazonaws.com/photos/4984107/original.jpg","jpeg","https://www.inaturalist.org/observations/4183815"
"iNaturalist","image","4151217","Lontra annectens","2016-09-03","08:46","Rolando Chavez",NA,"17.977427,-92.427979",17.977427,-92.427979,"https://static.inaturalist.org/photos/4943329/original.jpg","jpeg","https://www.inaturalist.org/observations/4151217"
"iNaturalist","image","4040825","Lontra annectens","2016-01-12","07:39","Shen-Hao Yao",NA,"10.43135,-84.0048722167",10.43135,-84.0048722167,"https://inaturalist-open-data.s3.amazonaws.com/photos/4780613/original.jpeg","jpeg","https://www.inaturalist.org/observations/4040825"
"iNaturalist","image","4040825","Lontra annectens","2016-01-12","07:39","Shen-Hao Yao",NA,"10.43135,-84.0048722167",10.43135,-84.0048722167,"https://inaturalist-open-data.s3.amazonaws.com/photos/4780615/original.jpeg","jpeg","https://www.inaturalist.org/observations/4040825"
"iNaturalist","image","4040825","Lontra annectens","2016-01-12","07:39","Shen-Hao Yao",NA,"10.43135,-84.0048722167",10.43135,-84.0048722167,"https://inaturalist-open-data.s3.amazonaws.com/photos/4780618/original.jpeg","jpeg","https://www.inaturalist.org/observations/4040825"
"iNaturalist","image","4040825","Lontra annectens","2016-01-12","07:39","Shen-Hao Yao",NA,"10.43135,-84.0048722167",10.43135,-84.0048722167,"https://inaturalist-open-data.s3.amazonaws.com/photos/4780619/original.jpeg","jpeg","https://www.inaturalist.org/observations/4040825"
"iNaturalist","image","4040825","Lontra annectens","2016-01-12","07:39","Shen-Hao Yao",NA,"10.43135,-84.0048722167",10.43135,-84.0048722167,"https://inaturalist-open-data.s3.amazonaws.com/photos/4780621/original.jpeg","jpeg","https://www.inaturalist.org/observations/4040825"
"iNaturalist","image","3832860","Lontra annectens","2016-01-29","17:57","Lenoreatwood",NA,"10.47347,-84.0142611167",10.47347,-84.0142611167,"https://inaturalist-open-data.s3.amazonaws.com/photos/4484022/original.jpg","jpeg","https://www.inaturalist.org/observations/3832860"
"iNaturalist","image","3462001","Lontra annectens",NA,NA,"Rafael Paredes Montesinos",NA,"15.033482,-92.693925",15.033482,-92.693925,"https://inaturalist-open-data.s3.amazonaws.com/photos/4019604/original.JPG","jpeg","https://www.inaturalist.org/observations/3462001"
"iNaturalist","image","3462001","Lontra annectens",NA,NA,"Rafael Paredes Montesinos",NA,"15.033482,-92.693925",15.033482,-92.693925,"https://inaturalist-open-data.s3.amazonaws.com/photos/4019605/original.JPG","jpeg","https://www.inaturalist.org/observations/3462001"
"iNaturalist","image","3387590","Lontra annectens",NA,NA,"Luis Morales",NA,"20.899778,-105.415219",20.899778,-105.415219,"https://static.inaturalist.org/photos/3915911/original.png","png","https://www.inaturalist.org/observations/3387590"
"iNaturalist","image","3387590","Lontra annectens",NA,NA,"Luis Morales",NA,"20.899778,-105.415219",20.899778,-105.415219,"https://static.inaturalist.org/photos/3915913/original.png","png","https://www.inaturalist.org/observations/3387590"
"iNaturalist","image","3387590","Lontra annectens",NA,NA,"Luis Morales",NA,"20.899778,-105.415219",20.899778,-105.415219,"https://static.inaturalist.org/photos/3915914/original.png","png","https://www.inaturalist.org/observations/3387590"
"iNaturalist","image","3387590","Lontra annectens",NA,NA,"Luis Morales",NA,"20.899778,-105.415219",20.899778,-105.415219,"https://static.inaturalist.org/photos/3915915/original.png","png","https://www.inaturalist.org/observations/3387590"
"iNaturalist","image","3387590","Lontra annectens",NA,NA,"Luis Morales",NA,"20.899778,-105.415219",20.899778,-105.415219,"https://static.inaturalist.org/photos/3915916/original.png","png","https://www.inaturalist.org/observations/3387590"
"iNaturalist","image","3387590","Lontra annectens",NA,NA,"Luis Morales",NA,"20.899778,-105.415219",20.899778,-105.415219,"https://static.inaturalist.org/photos/3915917/original.png","png","https://www.inaturalist.org/observations/3387590"
"iNaturalist","image","3387590","Lontra annectens",NA,NA,"Luis Morales",NA,"20.899778,-105.415219",20.899778,-105.415219,"https://static.inaturalist.org/photos/3915918/original.png","png","https://www.inaturalist.org/observations/3387590"
"iNaturalist","image","3337590","Lontra annectens","2016-01-13","09:00","Rene Valdes",NA,"18.714057,-95.646629",18.714057,-95.646629,"https://static.inaturalist.org/photos/3854871/original.jpg","jpeg","https://www.inaturalist.org/observations/3337590"
"iNaturalist","image","3337590","Lontra annectens","2016-01-13","09:00","Rene Valdes",NA,"18.714057,-95.646629",18.714057,-95.646629,"https://static.inaturalist.org/photos/3854885/original.jpg","jpeg","https://www.inaturalist.org/observations/3337590"
"iNaturalist","image","3337583","Lontra annectens","2016-05-29","08:00","Rene Valdes",NA,"18.758986,-95.888007",18.758986,-95.888007,"https://static.inaturalist.org/photos/3854862/original.jpg","jpeg","https://www.inaturalist.org/observations/3337583"
"iNaturalist","image","3210273","Lontra annectens","2016-03-11","08:49","Lena Struwe",NA,"10.4269823137,-84.0082970851",10.4269823137,-84.0082970851,"https://inaturalist-open-data.s3.amazonaws.com/photos/3716423/original.jpeg","jpeg","https://www.inaturalist.org/observations/3210273"
"iNaturalist","image","3030439","Lontra annectens",NA,NA,"Carlos Alvarez N.",NA,"17.656782,-92.371802",17.656782,-92.371802,"https://inaturalist-open-data.s3.amazonaws.com/photos/3488427/original.jpg","jpeg","https://www.inaturalist.org/observations/3030439"
"iNaturalist","image","2784275","Lontra annectens",NA,NA,"Juan Cruzado Cortés",NA,"18.7101626193,-95.5793351485",18.7101626193,-95.5793351485,"https://inaturalist-open-data.s3.amazonaws.com/photos/3157213/original.JPG","jpeg","https://www.inaturalist.org/observations/2784275"
"iNaturalist","image","2784275","Lontra annectens",NA,NA,"Juan Cruzado Cortés",NA,"18.7101626193,-95.5793351485",18.7101626193,-95.5793351485,"https://inaturalist-open-data.s3.amazonaws.com/photos/3157224/original.JPG","jpeg","https://www.inaturalist.org/observations/2784275"
"iNaturalist","image","2784275","Lontra annectens",NA,NA,"Juan Cruzado Cortés",NA,"18.7101626193,-95.5793351485",18.7101626193,-95.5793351485,"https://inaturalist-open-data.s3.amazonaws.com/photos/3157225/original.JPG","jpeg","https://www.inaturalist.org/observations/2784275"
"iNaturalist","image","2784275","Lontra annectens",NA,NA,"Juan Cruzado Cortés",NA,"18.7101626193,-95.5793351485",18.7101626193,-95.5793351485,"https://inaturalist-open-data.s3.amazonaws.com/photos/3172245/original.JPG","jpeg","https://www.inaturalist.org/observations/2784275"
"iNaturalist","image","2608033","Lontra annectens",NA,NA,"Cat Abbott",NA,"16.666667,-88.833333",16.666667,-88.833333,"https://static.inaturalist.org/photos/2914178/original.jpg","jpeg","https://www.inaturalist.org/observations/2608033"
"iNaturalist","image","2556540","Lontra annectens","2015-03-01","22:52","Carlos Palomera",NA,NA,NA,NA,"https://inaturalist-open-data.s3.amazonaws.com/photos/2846221/original.jpg","jpeg","https://www.inaturalist.org/observations/2556540"
"iNaturalist","image","1930943","Lontra annectens","2015-02-09","10:50","Erick Noe Tapia Banda",NA,"18.403946,-95.051823",18.403946,-95.051823,"https://inaturalist-open-data.s3.amazonaws.com/photos/2362357/original.JPG","jpeg","https://www.inaturalist.org/observations/1930943"
"iNaturalist","image","1587799","Lontra annectens",NA,NA,"Manuelsalazar",NA,"18.013149,-97.244968",18.013149,-97.244968,"https://inaturalist-open-data.s3.amazonaws.com/photos/1957891/original.JPG","jpeg","https://www.inaturalist.org/observations/1587799"
"iNaturalist","image","1290729","Lontra annectens",NA,NA,"Roberto Arreola Alemón",NA,"18.000747,-92.93499",18.000747,-92.93499,"https://static.inaturalist.org/photos/1619108/original.jpg","jpeg","https://www.inaturalist.org/observations/1290729"
"iNaturalist","image","1289460","Lontra annectens",NA,NA,"Sierra_madre_chiapas",NA,"15.85962,-92.949958",15.85962,-92.949958,"https://inaturalist-open-data.s3.amazonaws.com/photos/1617433/original.JPG","jpeg","https://www.inaturalist.org/observations/1289460"
"iNaturalist","image","1284667","Lontra annectens","2014-12-28","14:41","Josefa Gonzalez",NA,"17.5025716667,-92.0156333333",17.5025716667,-92.0156333333,"https://static.inaturalist.org/photos/1611033/original.jpg","jpeg","https://www.inaturalist.org/observations/1284667"
"iNaturalist","image","1207937","Lontra annectens","2015-02-01","07:38","Iturriagal",NA,"19.097403,-96.112862",19.097403,-96.112862,"https://inaturalist-open-data.s3.amazonaws.com/photos/1525831/original.jpg","jpeg","https://www.inaturalist.org/observations/1207937"
"iNaturalist","image","1194672","Lontra annectens","2015-01-25","08:08","Rob Speiden",NA,"20.60574251,-105.23793591",20.60574251,-105.23793591,"https://inaturalist-open-data.s3.amazonaws.com/photos/1511181/original.jpg","jpeg","https://www.inaturalist.org/observations/1194672"
"iNaturalist","image","1194672","Lontra annectens","2015-01-25","08:08","Rob Speiden",NA,"20.60574251,-105.23793591",20.60574251,-105.23793591,"https://inaturalist-open-data.s3.amazonaws.com/photos/1511182/original.jpg","jpeg","https://www.inaturalist.org/observations/1194672"
"iNaturalist","image","1194672","Lontra annectens","2015-01-25","08:08","Rob Speiden",NA,"20.60574251,-105.23793591",20.60574251,-105.23793591,"https://inaturalist-open-data.s3.amazonaws.com/photos/1511183/original.jpg","jpeg","https://www.inaturalist.org/observations/1194672"
"iNaturalist","image","1194672","Lontra annectens","2015-01-25","08:08","Rob Speiden",NA,"20.60574251,-105.23793591",20.60574251,-105.23793591,"https://inaturalist-open-data.s3.amazonaws.com/photos/1511185/original.JPG","jpeg","https://www.inaturalist.org/observations/1194672"
"iNaturalist","image","1194672","Lontra annectens","2015-01-25","08:08","Rob Speiden",NA,"20.60574251,-105.23793591",20.60574251,-105.23793591,"https://inaturalist-open-data.s3.amazonaws.com/photos/1511186/original.jpg","jpeg","https://www.inaturalist.org/observations/1194672"
"iNaturalist","image","1183623","Lontra annectens",NA,NA,"Luis E. Morales",NA,"20.900699,-105.416165",20.900699,-105.416165,"https://inaturalist-open-data.s3.amazonaws.com/photos/1494917/original.jpg","jpeg","https://www.inaturalist.org/observations/1183623"
"iNaturalist","image","1113092","Lontra annectens",NA,NA,"Lontrologo",NA,NA,NA,NA,"https://inaturalist-open-data.s3.amazonaws.com/photos/1398909/original.png","png","https://www.inaturalist.org/observations/1113092"
"iNaturalist","image","1113085","Lontra annectens",NA,NA,"Lontrologo",NA,NA,NA,NA,"https://inaturalist-open-data.s3.amazonaws.com/photos/1398914/original.png","png","https://www.inaturalist.org/observations/1113085"
"iNaturalist","image","793661","Lontra annectens",NA,NA,"Dave_k_h",NA,"10.358911,-83.406916",10.358911,-83.406916,"https://static.inaturalist.org/photos/998521/original.JPG","jpeg","https://www.inaturalist.org/observations/793661"
"iNaturalist","image","793661","Lontra annectens",NA,NA,"Dave_k_h",NA,"10.358911,-83.406916",10.358911,-83.406916,"https://static.inaturalist.org/photos/998522/original.JPG","jpeg","https://www.inaturalist.org/observations/793661"
"iNaturalist","image","793661","Lontra annectens",NA,NA,"Dave_k_h",NA,"10.358911,-83.406916",10.358911,-83.406916,"https://static.inaturalist.org/photos/998524/original.JPG","jpeg","https://www.inaturalist.org/observations/793661"
"iNaturalist","image","793661","Lontra annectens",NA,NA,"Dave_k_h",NA,"10.358911,-83.406916",10.358911,-83.406916,"https://static.inaturalist.org/photos/998525/original.JPG","jpeg","https://www.inaturalist.org/observations/793661"
"iNaturalist","image","793661","Lontra annectens",NA,NA,"Dave_k_h",NA,"10.358911,-83.406916",10.358911,-83.406916,"https://static.inaturalist.org/photos/998526/original.JPG","jpeg","https://www.inaturalist.org/observations/793661"
"iNaturalist","image","720458","Lontra annectens",NA,NA,"Manuelsalazar",NA,"17.884659,-96.960526",17.884659,-96.960526,"https://inaturalist-open-data.s3.amazonaws.com/photos/905551/original.JPG","jpeg","https://www.inaturalist.org/observations/720458"
"iNaturalist","image","482969","Lontra annectens",NA,NA,"Luis Morales",NA,"20.899771,-105.416243",20.899771,-105.416243,"https://static.inaturalist.org/photos/610637/original.jpg","jpeg","https://www.inaturalist.org/observations/482969"
"iNaturalist","image","480716","Lontra annectens",NA,NA,"Luis Morales",NA,"20.900598,-105.41612",20.900598,-105.41612,"https://static.inaturalist.org/photos/607342/original.jpg","jpeg","https://www.inaturalist.org/observations/480716"
"iNaturalist","image","424295","Lontra annectens",NA,NA,"Biodiverso",NA,"20.4071435753,-103.8987077757",20.4071435753,-103.8987077757,"https://inaturalist-open-data.s3.amazonaws.com/photos/534645/original.jpg","jpeg","https://www.inaturalist.org/observations/424295"
"iNaturalist","image","384045","Lontra annectens",NA,NA,"Andrea Cantú",NA,"17.988963,-94.54697",17.988963,-94.54697,"https://inaturalist-open-data.s3.amazonaws.com/photos/480056/original.jpg","jpeg","https://www.inaturalist.org/observations/384045"
"iNaturalist","image","336517","Lontra annectens",NA,NA,"John Sullivan",NA,"10.541111,-83.502222",10.541111,-83.502222,"https://inaturalist-open-data.s3.amazonaws.com/photos/419791/original.jpg","jpeg","https://www.inaturalist.org/observations/336517"
"iNaturalist","image","336517","Lontra annectens",NA,NA,"John Sullivan",NA,"10.541111,-83.502222",10.541111,-83.502222,"https://inaturalist-open-data.s3.amazonaws.com/photos/419792/original.jpg","jpeg","https://www.inaturalist.org/observations/336517"
